translator,model,selection,label,target,n_repeats,target_n,hate_n,non_hate_n,reference,source_recall_mean,relabel_recall_mean,recall_delta_mean,recall_delta_std,recall_delta_ci_low,recall_delta_ci_high,recall_delta_n_defined,recall_delta_zero_repeat_variance,fnr_delta_mean,fnr_delta_std,fnr_delta_ci_low,fnr_delta_ci_high,fnr_delta_n_defined,fnr_delta_zero_repeat_variance
exaone,kcelectra,retrieved,exaone,gender,23,232,232,0,source,0.5618440779610195,0.5571589205397303,-0.004685157421289347,0.13983980647091948,-0.06515642440621185,0.05578610956363315,23,False,0.004685157421289344,0.1398398064709195,-0.05578610956363316,0.06515642440621185,23,False
exaone,kcelectra,retrieved,exaone,age,23,102,102,0,source,0.494458653026428,0.6044330775788574,0.10997442455242966,0.12799679239142223,0.054624460895800926,0.1653243882090584,23,False,-0.10997442455242969,0.12799679239142223,-0.16532438820905843,-0.054624460895800954,23,False
exaone,kcelectra,retrieved,exaone,race_or_region_of_origin,23,893,893,0,source,0.539997078728273,0.8330493208043235,0.29305224207605046,0.123599019356024,0.23960401808907697,0.346500466063024,23,False,-0.2930522420760504,0.12359901935602399,-0.34650046606302387,-0.23960401808907691,23,False
exaone,kcelectra,retrieved,exaone,religion,23,46,46,0,source,0.48582230623818523,0.6890359168241966,0.20321361058601134,0.16276111196836124,0.13283042782146415,0.27359679335055853,23,False,-0.2032136105860113,0.16276111196836124,-0.27359679335055853,-0.13283042782146412,23,False
exaone,kcelectra,retrieved,exaone,politics,23,1790,1790,0,source,0.44017488462472676,0.8080398348311878,0.367864950206461,0.11819017218716829,0.3167556871311399,0.4189742132817821,23,False,-0.367864950206461,0.1181901721871683,-0.4189742132817821,-0.3167556871311399,23,False
exaone,kcelectra,retrieved,exaone,occupation,23,365,365,0,source,0.3469922572960096,0.595830851697439,0.24883859440142936,0.13940248276398423,0.18855644036873637,0.30912074843412235,23,False,-0.24883859440142936,0.13940248276398423,-0.30912074843412235,-0.18855644036873637,23,False
exaone,kcelectra,retrieved,exaone,disability,23,99,99,0,source,0.47870004391743526,0.5300834431269213,0.05138339920948616,0.12288080966740866,-0.0017542476183259534,0.10452104603729828,23,False,-0.05138339920948618,0.12288080966740866,-0.1045210460372983,0.0017542476183259326,23,False
exaone,kcelectra,retrieved,gemma4,gender,23,232,232,0,source,0.5618440779610195,0.7288230884557723,0.1669790104947526,0.12880135845732749,0.11128112638109375,0.22267689460841147,23,False,-0.16697901049475264,0.1288013584573275,-0.2226768946084115,-0.11128112638109378,23,False
exaone,kcelectra,retrieved,gemma4,age,23,102,102,0,source,0.494458653026428,0.6854219948849104,0.1909633418584825,0.12126311321714293,0.13852523943375078,0.2434014442832142,23,False,-0.19096334185848254,0.12126311321714292,-0.24340144428321422,-0.13852523943375086,23,False
exaone,kcelectra,retrieved,gemma4,race_or_region_of_origin,23,893,893,0,source,0.539997078728273,0.8087540776084523,0.2687569988801791,0.12084776673164,0.21649850574446142,0.3210154920158968,23,False,-0.2687569988801792,0.12084776673163998,-0.32101549201589685,-0.2164985057444615,23,False
exaone,kcelectra,retrieved,gemma4,religion,23,46,46,0,source,0.48582230623818523,0.6880907372400756,0.20226843100189032,0.14589455123870623,0.1391788960386398,0.26535796596514083,23,False,-0.20226843100189038,0.14589455123870626,-0.2653579659651409,-0.13917889603863987,23,False
exaone,kcelectra,retrieved,gemma4,politics,23,1790,1790,0,source,0.44017488462472676,0.7349283458829244,0.2947534612581977,0.11331981503375584,0.24575029854992175,0.3437566239664736,23,False,-0.29475346125819774,0.11331981503375582,-0.34375662396647366,-0.24575029854992184,23,False
exaone,kcelectra,retrieved,gemma4,occupation,23,365,365,0,source,0.3469922572960096,0.6308516974389518,0.2838594401429422,0.14131574144884929,0.2227499310125592,0.34496894927332517,23,False,-0.28385944014294223,0.14131574144884926,-0.3449689492733252,-0.22274993101255927,23,False
exaone,kcelectra,retrieved,gemma4,disability,23,99,99,0,source,0.47870004391743526,0.5740008783487044,0.09530083443126924,0.1290267176932745,0.039505497676131617,0.15109617118640686,23,False,-0.09530083443126922,0.12902671769327456,-0.15109617118640686,-0.03950549767613157,23,False
exaone,kcelectra,random,exaone,gender,23,232,232,0,source,0.5659670164917541,0.5590329835082458,-0.0069340329835082416,0.13404812770752178,-0.06490079026099517,0.05103272429397869,23,False,0.006934032983508247,0.1340481277075218,-0.05103272429397869,0.06490079026099518,23,False
exaone,kcelectra,random,exaone,age,23,102,102,0,source,0.4761295822676897,0.6385336743393009,0.16240409207161124,0.11815938975615867,0.11130814031765854,0.21350004382556395,23,False,-0.16240409207161127,0.11815938975615867,-0.21350004382556398,-0.11130814031765857,23,False
exaone,kcelectra,random,exaone,race_or_region_of_origin,23,893,893,0,source,0.5184770436730124,0.8405472515701833,0.3220702078971712,0.09970793279313737,0.27895326447017654,0.3651871513241659,23,False,-0.32207020789717117,0.09970793279313737,-0.36518715132416585,-0.2789532644701765,23,False
exaone,kcelectra,random,exaone,religion,23,46,46,0,source,0.5085066162570889,0.723062381852552,0.21455576559546308,0.1271497304507168,0.15957209899016656,0.2695394322007596,23,False,-0.21455576559546313,0.1271497304507168,-0.26953943220075965,-0.1595720989901666,23,False
exaone,kcelectra,random,exaone,politics,23,1790,1790,0,source,0.40607238280301194,0.7489919844547002,0.34291960165168817,0.08932699524511413,0.3042917122491702,0.38154749105420616,23,False,-0.3429196016516881,0.08932699524511413,-0.3815474910542061,-0.3042917122491701,23,False
exaone,kcelectra,random,exaone,occupation,23,365,365,0,source,0.3294818344252531,0.5969029184038118,0.26742108397855857,0.10203657808096653,0.2232971588167688,0.31154500914034833,23,False,-0.2674210839785587,0.10203657808096654,-0.31154500914034844,-0.2232971588167689,23,False
exaone,kcelectra,random,exaone,disability,23,99,99,0,source,0.4497145366710584,0.5862977602108037,0.13658322353974525,0.10946563388684277,0.08924673374117265,0.18391971333831786,23,False,-0.1365832235397453,0.10946563388684277,-0.18391971333831791,-0.0892467337411727,23,False
exaone,kcelectra,random,gemma4,gender,23,232,232,0,source,0.5659670164917541,0.7023988005997003,0.13643178410794604,0.13215655969987794,0.07928300217594242,0.19358056603994966,23,False,-0.136431784107946,0.13215655969987797,-0.19358056603994966,-0.07928300217594238,23,False
exaone,kcelectra,random,gemma4,age,23,102,102,0,source,0.4761295822676897,0.6632566069906223,0.1871270247229327,0.1255832237725081,0.13282076640331852,0.24143328304254685,23,False,-0.1871270247229327,0.1255832237725081,-0.24143328304254685,-0.13282076640331852,23,False
exaone,kcelectra,random,gemma4,race_or_region_of_origin,23,893,893,0,source,0.5184770436730124,0.8056867422951458,0.2872096986221336,0.10666222963293667,0.24108549173057342,0.33333390551369374,23,False,-0.2872096986221336,0.10666222963293669,-0.33333390551369374,-0.24108549173057342,23,False
exaone,kcelectra,random,gemma4,religion,23,46,46,0,source,0.5085066162570889,0.7060491493383744,0.19754253308128544,0.1349535196311279,0.1391842549763597,0.25590081118621116,23,False,-0.19754253308128544,0.1349535196311279,-0.25590081118621116,-0.1391842549763597,23,False
exaone,kcelectra,random,gemma4,politics,23,1790,1790,0,source,0.40607238280301194,0.6689336895797912,0.26286130677677927,0.08082410268089023,0.22791034384728398,0.29781226970627456,23,False,-0.26286130677677927,0.08082410268089021,-0.29781226970627456,-0.22791034384728398,23,False
exaone,kcelectra,random,gemma4,occupation,23,365,365,0,source,0.3294818344252531,0.5696247766527693,0.24014294222751645,0.10806413755127074,0.1934125048915836,0.2868733795634493,23,False,-0.24014294222751636,0.10806413755127073,-0.2868733795634492,-0.19341250489158351,23,False
exaone,kcelectra,random,gemma4,disability,23,99,99,0,source,0.4497145366710584,0.5994729907773386,0.14975845410628022,0.11754682421134922,0.09892739555792301,0.20058951265463743,23,False,-0.1497584541062802,0.11754682421134922,-0.2005895126546374,-0.09892739555792299,23,False
exaone,xlmr,retrieved,exaone,gender,23,232,232,0,source,0.8035982008995504,0.4126686656671663,-0.3909295352323838,0.10919446825230758,-0.4381487642173373,-0.34371030624743026,23,False,0.3909295352323838,0.1091944682523076,0.3437103062474302,0.43814876421733734,23,False
exaone,xlmr,retrieved,exaone,age,23,102,102,0,source,0.7408354646206309,0.48976982097186705,-0.2510656436487639,0.08757622395505679,-0.28893644277218017,-0.21319484452534757,23,False,0.2510656436487639,0.0875762239550568,0.21319484452534757,0.2889364427721802,23,False
exaone,xlmr,retrieved,exaone,race_or_region_of_origin,23,893,893,0,source,0.750133891620819,0.7492088222406154,-0.0009250693802035117,0.06130039491905173,-0.027433347966830685,0.025583209206423662,23,False,0.0009250693802035202,0.061300394919051725,-0.025583209206423655,0.027433347966830692,23,False
exaone,xlmr,retrieved,exaone,religion,23,46,46,0,source,0.7448015122873346,0.6096408317580342,-0.13516068052930055,0.0958757093697506,-0.17662044627828058,-0.09370091478032053,23,False,0.13516068052930055,0.0958757093697506,0.09370091478032053,0.17662044627828058,23,False
exaone,xlmr,retrieved,exaone,politics,23,1790,1790,0,source,0.7073111488948264,0.782730143308234,0.07541899441340782,0.048219766764335405,0.05456720361403197,0.09627078521278368,23,False,-0.07541899441340781,0.04821976676433539,-0.09627078521278365,-0.054567203614031966,23,False
exaone,xlmr,retrieved,exaone,occupation,23,365,365,0,source,0.5897558070279928,0.45300774270399047,-0.1367480643240024,0.07829671888124941,-0.1706061045415857,-0.10289002410641912,23,False,0.13674806432400236,0.0782967188812494,0.10289002410641908,0.17060610454158565,23,False
exaone,xlmr,retrieved,exaone,disability,23,99,99,0,source,0.6187966622749231,0.37900746596398766,-0.23978919631093543,0.0869037765903163,-0.27736920738799536,-0.2022091852338755,23,False,0.23978919631093543,0.0869037765903163,0.2022091852338755,0.27736920738799536,23,False
exaone,xlmr,retrieved,gemma4,gender,23,232,232,0,source,0.8035982008995504,0.6952773613193404,-0.10832083958020991,0.06627164695084638,-0.13697884875107175,-0.07966283040934807,23,False,0.10832083958020991,0.06627164695084638,0.07966283040934807,0.13697884875107175,23,False
exaone,xlmr,retrieved,gemma4,age,23,102,102,0,source,0.7408354646206309,0.5865302642796248,-0.15430520034100595,0.10249318490794268,-0.19862657710143589,-0.10998382358057601,23,False,0.15430520034100598,0.10249318490794268,0.10998382358057604,0.1986265771014359,23,False
exaone,xlmr,retrieved,gemma4,race_or_region_of_origin,23,893,893,0,source,0.750133891620819,0.6801694337601636,-0.06996445786065535,0.050713138734538095,-0.09189446355397274,-0.048034452167337954,23,False,0.06996445786065533,0.050713138734538116,0.04803445216733793,0.09189446355397274,23,False
exaone,xlmr,retrieved,gemma4,religion,23,46,46,0,source,0.7448015122873346,0.6313799621928167,-0.11342155009451796,0.09654553211961849,-0.15517096892127352,-0.0716721312677624,23,False,0.11342155009451795,0.0965455321196185,0.0716721312677624,0.1551709689212735,23,False
exaone,xlmr,retrieved,gemma4,politics,23,1790,1790,0,source,0.7073111488948264,0.6383288802526111,-0.0689822686422152,0.06612330922288442,-0.09757613176927234,-0.04038840551515806,23,False,0.06898226864221522,0.06612330922288444,0.04038840551515807,0.09757613176927238,23,False
exaone,xlmr,retrieved,gemma4,occupation,23,365,365,0,source,0.5897558070279928,0.40500297796307316,-0.1847528290649196,0.08858038137123153,-0.2230578584174876,-0.1464477997123516,23,False,0.1847528290649196,0.08858038137123153,0.1464477997123516,0.2230578584174876,23,False
exaone,xlmr,retrieved,gemma4,disability,23,99,99,0,source,0.6187966622749231,0.4031620553359684,-0.21563460693895478,0.08293844136353326,-0.25149987847771754,-0.17976933540019202,23,False,0.21563460693895478,0.08293844136353326,0.17976933540019202,0.25149987847771754,23,False
exaone,xlmr,random,exaone,gender,23,232,232,0,source,0.8476386806596701,0.45108695652173914,-0.396551724137931,0.0664459422117474,-0.42528510423158045,-0.36781834404428154,23,False,0.396551724137931,0.06644594221174739,0.36781834404428154,0.42528510423158045,23,False
exaone,xlmr,random,exaone,age,23,102,102,0,source,0.7838874680306906,0.526001705029838,-0.2578857630008525,0.09137008091733209,-0.2973971489003672,-0.21837437710133772,23,False,0.2578857630008525,0.09137008091733209,0.21837437710133772,0.2973971489003672,23,False
exaone,xlmr,random,exaone,race_or_region_of_origin,23,893,893,0,source,0.7625006085982765,0.7296363016699937,-0.03286430692828277,0.06058390505782833,-0.05906275206488268,-0.006665861791682864,23,False,0.03286430692828277,0.060583905057828326,0.006665861791682864,0.05906275206488268,23,False
exaone,xlmr,random,exaone,religion,23,46,46,0,source,0.7816635160680532,0.6918714555765596,-0.08979206049149338,0.08970564124916175,-0.1285836887047362,-0.05100043227825056,23,False,0.08979206049149338,0.08970564124916176,0.05100043227825056,0.1285836887047362,23,False
exaone,xlmr,random,exaone,politics,23,1790,1790,0,source,0.7019188729657517,0.7684721884867621,0.06655331552101046,0.06268519989470446,0.0394462023570331,0.09366042868498782,23,False,-0.06655331552101046,0.06268519989470446,-0.09366042868498782,-0.0394462023570331,23,False
exaone,xlmr,random,exaone,occupation,23,365,365,0,source,0.6154854079809411,0.46646813579511615,-0.1490172721858249,0.07005803430259758,-0.17931263803097314,-0.11872190634067663,23,False,0.1490172721858249,0.07005803430259758,0.11872190634067663,0.17931263803097314,23,False
exaone,xlmr,random,exaone,disability,23,99,99,0,source,0.6280193236714975,0.4400527009222661,-0.18796662274923143,0.07654861757017882,-0.22106872727320787,-0.154864518225255,23,False,0.18796662274923143,0.07654861757017882,0.154864518225255,0.22106872727320787,23,False
exaone,xlmr,random,gemma4,gender,23,232,232,0,source,0.8476386806596701,0.683095952023988,-0.16454272863568215,0.15817824187039678,-0.23294412975847015,-0.09614132751289414,23,False,0.16454272863568215,0.1581782418703968,0.09614132751289413,0.23294412975847018,23,False
exaone,xlmr,random,gemma4,age,23,102,102,0,source,0.7838874680306906,0.5865302642796248,-0.19735720375106564,0.14100133806410522,-0.2583307546625435,-0.13638365283958775,23,False,0.19735720375106564,0.14100133806410522,0.13638365283958775,0.2583307546625435,23,False
exaone,xlmr,random,gemma4,race_or_region_of_origin,23,893,893,0,source,0.7625006085982765,0.6653196358147914,-0.09718097278348506,0.13333349334611344,-0.15483869898923414,-0.039523246577735996,23,False,0.09718097278348506,0.13333349334611344,0.039523246577735996,0.15483869898923414,23,False
exaone,xlmr,random,gemma4,religion,23,46,46,0,source,0.7816635160680532,0.6550094517958412,-0.12665406427221174,0.1598370042540168,-0.19577276803933152,-0.05753536050509196,23,False,0.12665406427221174,0.1598370042540168,0.05753536050509196,0.19577276803933152,23,False
exaone,xlmr,random,gemma4,politics,23,1790,1790,0,source,0.7019188729657517,0.6225649744959921,-0.07935389846975956,0.14057362795465486,-0.14014249366030612,-0.01856530327921299,23,False,0.07935389846975953,0.14057362795465486,0.018565303279212964,0.1401424936603061,23,False
exaone,xlmr,random,gemma4,occupation,23,365,365,0,source,0.6154854079809411,0.38558665872543185,-0.22989874925550927,0.09683545354813132,-0.27177353950940486,-0.18802395900161364,23,False,0.22989874925550918,0.09683545354813132,0.18802395900161356,0.2717735395094048,23,False
exaone,xlmr,random,gemma4,disability,23,99,99,0,source,0.6280193236714975,0.42512077294685985,-0.20289855072463767,0.12471644824002376,-0.25682998719657024,-0.14896711425270506,23,False,0.2028985507246377,0.12471644824002376,0.1489671142527051,0.2568299871965703,23,False
gemma4,kcelectra,retrieved,exaone,gender,23,232,232,0,source,0.6345577211394302,0.607758620689655,-0.026799100449775123,0.15579679176929548,-0.09417068532417669,0.04057248442462644,23,False,0.026799100449775116,0.1557967917692955,-0.040572484424626465,0.09417068532417669,23,False
gemma4,kcelectra,retrieved,exaone,age,23,102,102,0,source,0.5809889173060528,0.6445012787723784,0.06351236146632566,0.12158693889236176,0.010934226318745459,0.11609049661390586,23,False,-0.06351236146632566,0.12158693889236176,-0.11609049661390586,-0.010934226318745459,23,False
gemma4,kcelectra,retrieved,exaone,race_or_region_of_origin,23,893,893,0,source,0.6139539412824383,0.8460976678514048,0.23214372656896634,0.10322771148815996,0.18750471669632898,0.27678273644160367,23,False,-0.23214372656896634,0.10322771148815996,-0.27678273644160367,-0.18750471669632898,23,False
gemma4,kcelectra,retrieved,exaone,religion,23,46,46,0,source,0.5396975425330813,0.6833648393194707,0.14366729678638943,0.13104913461981127,0.08699740137012506,0.20033719220265378,23,False,-0.14366729678638943,0.13104913461981127,-0.20033719220265378,-0.08699740137012506,23,False
gemma4,kcelectra,retrieved,exaone,politics,23,1790,1790,0,source,0.527082827301433,0.8016759776536313,0.2745931503521982,0.10423706067670915,0.22951766515967786,0.3196686355447186,23,False,-0.2745931503521982,0.10423706067670915,-0.3196686355447186,-0.22951766515967786,23,False
gemma4,kcelectra,retrieved,exaone,occupation,23,365,365,0,source,0.44395473496128657,0.6158427635497319,0.17188802858844546,0.1393059330583111,0.1116476257793591,0.2321284313975318,23,False,-0.1718880285884455,0.13930593305831113,-0.23212843139753186,-0.11164762577935915,23,False
gemma4,kcelectra,retrieved,exaone,disability,23,99,99,0,source,0.5546772068511199,0.5559947299077733,0.0013175230566534783,0.09898354338708061,-0.04148617090096483,0.044121217014271796,23,False,-0.0013175230566534952,0.09898354338708058,-0.044121217014271796,0.041486170900964806,23,False
gemma4,kcelectra,retrieved,gemma4,gender,23,232,232,0,source,0.6345577211394302,0.7483133433283359,0.11375562218890552,0.13981459761831558,0.053295256329311105,0.17421598804849991,23,False,-0.11375562218890556,0.13981459761831558,-0.17421598804849997,-0.05329525632931115,23,False
gemma4,kcelectra,retrieved,gemma4,age,23,102,102,0,source,0.5809889173060528,0.7028985507246376,0.12190963341858482,0.11197037113323033,0.0734900140120999,0.17032925282506975,23,False,-0.12190963341858484,0.11197037113323034,-0.17032925282506978,-0.0734900140120999,23,False
gemma4,kcelectra,retrieved,gemma4,race_or_region_of_origin,23,893,893,0,source,0.6139539412824383,0.8218998003797655,0.20794585909732707,0.09743987702136839,0.16580969653361155,0.2500820216610426,23,False,-0.20794585909732707,0.09743987702136837,-0.2500820216610426,-0.16580969653361155,23,False
gemma4,kcelectra,retrieved,gemma4,religion,23,46,46,0,source,0.5396975425330813,0.7107750472589792,0.17107750472589792,0.11187146080351956,0.12270065735340283,0.219454352098393,23,False,-0.17107750472589792,0.11187146080351956,-0.219454352098393,-0.12270065735340283,23,False
gemma4,kcelectra,retrieved,gemma4,politics,23,1790,1790,0,source,0.527082827301433,0.7154967209132862,0.1884138936118533,0.09373922994827025,0.1478780108455846,0.22894977637812197,23,False,-0.1884138936118533,0.09373922994827025,-0.22894977637812197,-0.1478780108455846,23,False
gemma4,kcelectra,retrieved,gemma4,occupation,23,365,365,0,source,0.44395473496128657,0.6270399047051817,0.1830851697438952,0.12373146132318562,0.12957967355554817,0.2365906659322422,23,False,-0.1830851697438952,0.12373146132318565,-0.23659066593224223,-0.12957967355554814,23,False
gemma4,kcelectra,retrieved,gemma4,disability,23,99,99,0,source,0.5546772068511199,0.557312252964427,0.0026350461133069878,0.1213351606667113,-0.0498342119649427,0.05510430419155668,23,False,-0.002635046113306985,0.12133516066671125,-0.05510430419155665,0.049834211964942685,23,False
gemma4,kcelectra,random,exaone,gender,23,232,232,0,source,0.6583583208395801,0.5648425787106448,-0.09351574212893551,0.09500939736887623,-0.13460088647633336,-0.05243059778153766,23,False,0.09351574212893556,0.09500939736887623,0.052430597781537705,0.1346008864763334,23,False
gemma4,kcelectra,random,exaone,age,23,102,102,0,source,0.5507246376811594,0.6236146632566069,0.07289002557544756,0.09299999675647913,0.03267381121285487,0.11310623993804025,23,False,-0.07289002557544758,0.09299999675647912,-0.11310623993804027,-0.032673811212854884,23,False
gemma4,kcelectra,random,exaone,race_or_region_of_origin,23,893,893,0,source,0.600905594235357,0.8294464190077414,0.22854082477238424,0.06377163815569493,0.20096390047378798,0.2561177490709805,23,False,-0.22854082477238424,0.0637716381556949,-0.2561177490709805,-0.20096390047378798,23,False
gemma4,kcelectra,random,exaone,religion,23,46,46,0,source,0.5586011342155008,0.7060491493383744,0.14744801512287334,0.10383531122316192,0.10254625942183046,0.19234977082391622,23,False,-0.14744801512287337,0.10383531122316193,-0.19234977082391624,-0.10254625942183047,23,False
gemma4,kcelectra,random,exaone,politics,23,1790,1790,0,source,0.47405878066553303,0.7527811513237793,0.2787223706582463,0.08125125407840397,0.24358669361297877,0.31385804770351383,23,False,-0.27872237065824634,0.08125125407840399,-0.3138580477035139,-0.2435866936129788,23,False
gemma4,kcelectra,random,exaone,occupation,23,365,365,0,source,0.39261465157832043,0.5995235259082787,0.2069088743299583,0.09374897442667986,0.16636877773523542,0.24744897092468118,23,False,-0.20690887432995828,0.09374897442667988,-0.24744897092468116,-0.1663687777352354,23,False
gemma4,kcelectra,random,exaone,disability,23,99,99,0,source,0.520860781730347,0.5740008783487044,0.053140096618357495,0.08280461661630324,0.01733269523991008,0.0889474979968049,23,False,-0.053140096618357495,0.08280461661630323,-0.0889474979968049,-0.01733269523991008,23,False
gemma4,kcelectra,random,gemma4,gender,23,232,232,0,source,0.6583583208395801,0.6973388305847076,0.038980509745127435,0.08083245196637838,0.00402593631383992,0.07393508317641495,23,False,-0.038980509745127435,0.08083245196637841,-0.07393508317641496,-0.004025936313839906,23,False
gemma4,kcelectra,random,gemma4,age,23,102,102,0,source,0.5507246376811594,0.6594202898550724,0.10869565217391304,0.08950917639606526,0.06998898173402943,0.14740232261379665,23,False,-0.10869565217391303,0.08950917639606526,-0.14740232261379665,-0.06998898173402941,23,False
gemma4,kcelectra,random,gemma4,race_or_region_of_origin,23,893,893,0,source,0.600905594235357,0.7936608403525,0.19275524611714298,0.06422177497929904,0.1649836680591712,0.22052682417511477,23,False,-0.19275524611714298,0.06422177497929901,-0.22052682417511474,-0.16498366805917122,23,False
gemma4,kcelectra,random,gemma4,religion,23,46,46,0,source,0.5586011342155008,0.7051039697542533,0.14650283553875237,0.0992360818238141,0.10358993577187944,0.1894157353056253,23,False,-0.14650283553875237,0.09923608182381412,-0.1894157353056253,-0.10358993577187944,23,False
gemma4,kcelectra,random,gemma4,politics,23,1790,1790,0,source,0.47405878066553303,0.6500607238280302,0.17600194316249693,0.07669305112426639,0.142837380886102,0.20916650543889184,23,False,-0.176001943162497,0.07669305112426641,-0.20916650543889195,-0.14283738088610207,23,False
gemma4,kcelectra,random,gemma4,occupation,23,365,365,0,source,0.39261465157832043,0.5598570577724836,0.16724240619416317,0.08390281397172678,0.13096010866734498,0.20352470372098136,23,False,-0.1672424061941632,0.08390281397172679,-0.2035247037209814,-0.130960108667345,23,False
gemma4,kcelectra,random,gemma4,disability,23,99,99,0,source,0.520860781730347,0.5638998682476943,0.04303908651734739,0.07748070293312184,0.009533918057159155,0.07654425497753563,23,False,-0.043039086517347384,0.07748070293312181,-0.07654425497753561,-0.009533918057159162,23,False
gemma4,xlmr,retrieved,exaone,gender,23,232,232,0,source,0.8148425787106447,0.4561469265367316,-0.358695652173913,0.09102852802563892,-0.398059339527325,-0.3193319648205011,23,False,0.358695652173913,0.09102852802563892,0.3193319648205011,0.398059339527325,23,False
gemma4,xlmr,retrieved,exaone,age,23,102,102,0,source,0.7468030690537084,0.4812446717817562,-0.2655583972719523,0.09342590805566083,-0.30595878949158506,-0.22515800505231953,23,False,0.2655583972719523,0.09342590805566084,0.22515800505231953,0.30595878949158506,23,False
gemma4,xlmr,retrieved,exaone,race_or_region_of_origin,23,893,893,0,source,0.7626466721846245,0.7227713131116414,-0.039875359072983105,0.09189526335819559,-0.0796138508903243,-0.00013686725564190927,23,False,0.039875359072983105,0.09189526335819559,0.00013686725564190927,0.0796138508903243,23,False
gemma4,xlmr,retrieved,exaone,religion,23,46,46,0,source,0.7457466918714557,0.6304347826086957,-0.1153119092627599,0.12934903553569738,-0.17124662670494967,-0.05937719182057013,23,False,0.11531190926275993,0.1293490355356974,0.05937719182057014,0.17124662670494972,23,False
gemma4,xlmr,retrieved,exaone,politics,23,1790,1790,0,source,0.7113917901384503,0.758149137721642,0.04675734758319165,0.11512193656028015,-0.0030251109115983082,0.09653980607798161,23,False,-0.046757347583191645,0.11512193656028012,-0.0965398060779816,0.0030251109115983082,23,False
gemma4,xlmr,retrieved,exaone,occupation,23,365,365,0,source,0.5934484812388329,0.46063132817153063,-0.13281715306730196,0.0943367084904045,-0.17361140492997434,-0.09202290120462957,23,False,0.13281715306730196,0.0943367084904045,0.09202290120462957,0.17361140492997434,23,False
gemma4,xlmr,retrieved,exaone,disability,23,99,99,0,source,0.6223100570926657,0.3702239789196311,-0.25208607817303474,0.09589811286673343,-0.2935555319206014,-0.21061662442546808,23,False,0.25208607817303474,0.09589811286673343,0.21061662442546808,0.2935555319206014,23,False
gemma4,xlmr,retrieved,gemma4,gender,23,232,232,0,source,0.8148425787106447,0.6992128935532235,-0.11562968515742128,0.07920903998734159,-0.14988224260564698,-0.08137712770919557,23,False,0.11562968515742128,0.07920903998734159,0.08137712770919557,0.14988224260564698,23,False
gemma4,xlmr,retrieved,gemma4,age,23,102,102,0,source,0.7468030690537084,0.5942028985507245,-0.1526001705029838,0.07853302720199239,-0.186560398101364,-0.11863994290460363,23,False,0.1526001705029838,0.07853302720199239,0.11863994290460363,0.186560398101364,23,False
gemma4,xlmr,retrieved,gemma4,race_or_region_of_origin,23,893,893,0,source,0.7626466721846245,0.6805102487949756,-0.08213642338964897,0.045958080704055604,-0.10201018779554794,-0.06226265898374999,23,False,0.08213642338964897,0.045958080704055604,0.06226265898374999,0.10201018779554794,23,False
gemma4,xlmr,retrieved,gemma4,religion,23,46,46,0,source,0.7457466918714557,0.6398865784499056,-0.10586011342155008,0.08035845856078433,-0.14060971673379835,-0.07111051010930182,23,False,0.10586011342155008,0.08035845856078434,0.0711105101093018,0.14060971673379835,23,False
gemma4,xlmr,retrieved,gemma4,politics,23,1790,1790,0,source,0.7113917901384503,0.6223949477775079,-0.08899684236094245,0.070396388824865,-0.11943852367353841,-0.05855516104834649,23,False,0.08899684236094242,0.07039638882486501,0.05855516104834646,0.11943852367353838,23,False
gemma4,xlmr,retrieved,gemma4,occupation,23,365,365,0,source,0.5934484812388329,0.3995235259082788,-0.19392495533055393,0.09060681650562259,-0.23310628094762562,-0.15474362971348224,23,False,0.19392495533055393,0.0906068165056226,0.1547436297134822,0.23310628094762564,23,False
gemma4,xlmr,retrieved,gemma4,disability,23,99,99,0,source,0.6223100570926657,0.3825208607817303,-0.23978919631093543,0.071113706184932,-0.2705410689108924,-0.20903732371097844,23,False,0.23978919631093543,0.071113706184932,0.20903732371097844,0.2705410689108924,23,False
gemma4,xlmr,random,exaone,gender,23,232,232,0,source,0.8511994002998501,0.4795727136431784,-0.37162668665667165,0.09191483856008875,-0.41137364342608795,-0.33187972988725534,23,False,0.37162668665667165,0.09191483856008874,0.3318797298872554,0.4113736434260879,23,False
gemma4,xlmr,random,exaone,age,23,102,102,0,source,0.7791986359761295,0.5225916453537938,-0.2566069906223359,0.09908762836891638,-0.29945569430132435,-0.21375828694334742,23,False,0.2566069906223359,0.09908762836891638,0.21375828694334742,0.29945569430132435,23,False
gemma4,xlmr,random,exaone,race_or_region_of_origin,23,893,893,0,source,0.7535420419689371,0.7025658503335118,-0.05097619163542529,0.060075846688236435,-0.07695493585790884,-0.024997447412941742,23,False,0.05097619163542529,0.060075846688236435,0.024997447412941742,0.07695493585790884,23,False
gemma4,xlmr,random,exaone,religion,23,46,46,0,source,0.771266540642722,0.6871455576559546,-0.0841209829867675,0.08115645376291832,-0.11921566530147396,-0.04902630067206105,23,False,0.0841209829867675,0.08115645376291833,0.04902630067206104,0.11921566530147396,23,False
gemma4,xlmr,random,exaone,politics,23,1790,1790,0,source,0.7110760262326936,0.7635657031819285,0.05248967694923488,0.08196927311752152,0.017043505187831112,0.08793584871063864,23,False,-0.05248967694923488,0.08196927311752153,-0.08793584871063864,-0.017043505187831112,23,False
gemma4,xlmr,random,exaone,occupation,23,365,365,0,source,0.6202501488981538,0.4575342465753425,-0.16271590232281122,0.11163940927571447,-0.21099240308981326,-0.11443940155580917,23,False,0.16271590232281122,0.11163940927571447,0.11443940155580917,0.21099240308981326,23,False
gemma4,xlmr,random,exaone,disability,23,99,99,0,source,0.6341677646025472,0.4084321475625824,-0.22573561703996486,0.09748717409630453,-0.2678922323926126,-0.18357900168731714,23,False,0.22573561703996486,0.09748717409630452,0.18357900168731714,0.26789223239261256,23,False
gemma4,xlmr,random,gemma4,gender,23,232,232,0,source,0.8511994002998501,0.72976011994003,-0.12143928035982009,0.08710011560935149,-0.15910419479551063,-0.08377436592412954,23,False,0.12143928035982007,0.08710011560935149,0.08377436592412951,0.15910419479551063,23,False
gemma4,xlmr,random,gemma4,age,23,102,102,0,source,0.7791986359761295,0.6069906223358909,-0.17220801364023866,0.1029444056431182,-0.2167245128785562,-0.1276915144019211,23,False,0.17220801364023872,0.10294440564311817,0.12769151440192117,0.21672451287855626,23,False
gemma4,xlmr,random,gemma4,race_or_region_of_origin,23,893,893,0,source,0.7535420419689371,0.6769073469983935,-0.07663469497054386,0.08489570445610013,-0.11334635053984343,-0.03992303940124429,23,False,0.07663469497054384,0.08489570445610012,0.03992303940124428,0.1133463505398434,23,False
gemma4,xlmr,random,gemma4,religion,23,46,46,0,source,0.771266540642722,0.7060491493383741,-0.06521739130434782,0.09034884941235148,-0.10428716358503982,-0.026147619023655824,23,False,0.06521739130434782,0.09034884941235147,0.02614761902365583,0.10428716358503981,23,False
gemma4,xlmr,random,gemma4,politics,23,1790,1790,0,source,0.7110760262326936,0.6501335924216662,-0.06094243381102745,0.0812678392690213,-0.09608528283053555,-0.02579958479151935,23,False,0.060942433811027444,0.0812678392690213,0.025799584791519344,0.09608528283053555,23,False
gemma4,xlmr,random,gemma4,occupation,23,365,365,0,source,0.6202501488981538,0.44443120905300765,-0.17581893984514588,0.09961337832478671,-0.2188949948538529,-0.13274288483643887,23,False,0.1758189398451459,0.0996133783247867,0.13274288483643892,0.2188949948538529,23,False
gemma4,xlmr,random,gemma4,disability,23,99,99,0,source,0.6341677646025472,0.4563021519543259,-0.17786561264822134,0.12604164796590983,-0.23237010845465086,-0.12336111684179182,23,False,0.17786561264822134,0.12604164796590983,0.12336111684179182,0.23237010845465086,23,False
