translator,model,selection,label,target,n_repeats,target_n,hate_n,non_hate_n,recall_mean,recall_std,recall_ci_low,recall_ci_high,recall_n_defined,recall_zero_repeat_variance,fnr_mean,fnr_std,fnr_ci_low,fnr_ci_high,fnr_n_defined,fnr_zero_repeat_variance
exaone,kcelectra,retrieved,source,gender,23,232,232,0,0.5618440779610195,0.14177519726017992,0.5005358852387758,0.6231522706832633,23,False,0.4381559220389805,0.1417751972601799,0.3768477293167368,0.4994641147612242,23,False
exaone,kcelectra,retrieved,source,age,23,102,102,0,0.494458653026428,0.1319587477281946,0.43739541140554433,0.5515218946473117,23,False,0.505541346973572,0.1319587477281946,0.44847810535268834,0.5626045885944557,23,False
exaone,kcelectra,retrieved,source,race_or_region_of_origin,23,893,893,0,0.539997078728273,0.1370775451664977,0.4807203031048395,0.5992738543517064,23,False,0.46000292127172704,0.1370775451664977,0.40072614564829356,0.5192796968951605,23,False
exaone,kcelectra,retrieved,source,religion,23,46,46,0,0.48582230623818523,0.14621428546229776,0.42259450782844576,0.5490501046479247,23,False,0.5141776937618148,0.14621428546229776,0.4509498953520753,0.5774054921715542,23,False
exaone,kcelectra,retrieved,source,politics,23,1790,1790,0,0.44017488462472676,0.1323932247496908,0.3829237610507086,0.49742600819874494,23,False,0.5598251153752732,0.13239322474969079,0.5025739918012551,0.6170762389492914,23,False
exaone,kcelectra,retrieved,source,occupation,23,365,365,0,0.3469922572960096,0.1430503588699777,0.2851326433432807,0.40885187124873845,23,False,0.6530077427039904,0.1430503588699777,0.5911481287512615,0.7148673566567193,23,False
exaone,kcelectra,retrieved,source,disability,23,99,99,0,0.47870004391743526,0.124895783713937,0.42469105697116666,0.5327090308637039,23,False,0.5212999560825647,0.124895783713937,0.46729096913629614,0.5753089430288334,23,False
exaone,kcelectra,retrieved,exaone,gender,23,232,232,0,0.5571589205397303,0.10482864148285577,0.5118276166230965,0.602490224456364,23,False,0.4428410794602698,0.10482864148285581,0.3975097755436361,0.4881723833769035,23,False
exaone,kcelectra,retrieved,exaone,age,23,102,102,0,0.6044330775788574,0.10919620692990946,0.5572130967333278,0.6516530584243871,23,False,0.39556692242114244,0.10919620692990947,0.34834694157561275,0.44278690326667214,23,False
exaone,kcelectra,retrieved,exaone,race_or_region_of_origin,23,893,893,0,0.8330493208043235,0.0643225291732914,0.8052341733656544,0.8608644682429926,23,False,0.16695067919567652,0.06432252917329143,0.13913553175700746,0.19476582663434558,23,False
exaone,kcelectra,retrieved,exaone,religion,23,46,46,0,0.6890359168241966,0.09279666541556587,0.6489076295269587,0.7291642041214346,23,False,0.31096408317580343,0.09279666541556587,0.2708357958785655,0.35109237047304137,23,False
exaone,kcelectra,retrieved,exaone,politics,23,1790,1790,0,0.8080398348311878,0.0668375035216819,0.7791371309297359,0.8369425387326397,23,False,0.19196016516881223,0.0668375035216819,0.16305746126736032,0.22086286907026415,23,False
exaone,kcelectra,retrieved,exaone,occupation,23,365,365,0,0.595830851697439,0.11108527024868095,0.5477939786151154,0.6438677247797626,23,False,0.40416914830256095,0.11108527024868094,0.3561322752202374,0.4522060213848845,23,False
exaone,kcelectra,retrieved,exaone,disability,23,99,99,0,0.5300834431269213,0.09206839449402603,0.4902700837922228,0.5698968024616199,23,False,0.4699165568730786,0.09206839449402603,0.4301031975383801,0.5097299162077771,23,False
exaone,kcelectra,retrieved,gemma4,gender,23,232,232,0,0.7288230884557723,0.06610078054178686,0.7002389674609724,0.7574072094505722,23,False,0.27117691154422796,0.06610078054178685,0.2425927905494281,0.29976103253902786,23,False
exaone,kcelectra,retrieved,gemma4,age,23,102,102,0,0.6854219948849104,0.08334188083868091,0.6493822630345268,0.721461726735294,23,False,0.31457800511508943,0.0833418808386809,0.27853827326470587,0.350617736965473,23,False
exaone,kcelectra,retrieved,gemma4,race_or_region_of_origin,23,893,893,0,0.8087540776084523,0.054031638784762415,0.785389044882483,0.8321191103344217,23,False,0.19124592239154778,0.05403163878476243,0.16788088966557838,0.21461095511751718,23,False
exaone,kcelectra,retrieved,gemma4,religion,23,46,46,0,0.6880907372400756,0.07632900394753761,0.6550836007680682,0.7210978737120831,23,False,0.31190926275992437,0.07632900394753761,0.2789021262879169,0.34491639923193185,23,False
exaone,kcelectra,retrieved,gemma4,politics,23,1790,1790,0,0.7349283458829244,0.07124520466595123,0.7041196090755969,0.765737082690252,23,False,0.26507165411707545,0.07124520466595123,0.23426291730974788,0.29588039092440305,23,False
exaone,kcelectra,retrieved,gemma4,occupation,23,365,365,0,0.6308516974389518,0.10704780041771383,0.5845607572369254,0.6771426376409782,23,False,0.3691483025610483,0.10704780041771386,0.32285736235902196,0.41543924276307465,23,False
exaone,kcelectra,retrieved,gemma4,disability,23,99,99,0,0.5740008783487044,0.10186289110474542,0.5299520610676814,0.6180496956297273,23,False,0.42599912165129555,0.10186289110474543,0.38195030437027255,0.47004793893231855,23,False
exaone,kcelectra,random,source,gender,23,232,232,0,0.5659670164917541,0.12821792202708632,0.5105214292099646,0.6214126037735436,23,False,0.4340329835082459,0.12821792202708635,0.37858739622645643,0.4894785707900353,23,False
exaone,kcelectra,random,source,age,23,102,102,0,0.4761295822676897,0.11580653614040436,0.4260510807145445,0.526208083820835,23,False,0.5238704177323104,0.11580653614040438,0.4737919161791651,0.5739489192854555,23,False
exaone,kcelectra,random,source,race_or_region_of_origin,23,893,893,0,0.5184770436730124,0.10689824155295158,0.47225077757394174,0.564703309772083,23,False,0.4815229563269877,0.1068982415529516,0.435296690227917,0.5277492224260584,23,False
exaone,kcelectra,random,source,religion,23,46,46,0,0.5085066162570889,0.10644692267228292,0.46247551507719975,0.5545377174369781,23,False,0.49149338374291107,0.10644692267228292,0.4454622825630219,0.5375244849228002,23,False
exaone,kcelectra,random,source,politics,23,1790,1790,0,0.40607238280301194,0.09110152887239323,0.3666771275162224,0.4454676380898015,23,False,0.5939276171969882,0.09110152887239323,0.5545323619101986,0.6333228724837777,23,False
exaone,kcelectra,random,source,occupation,23,365,365,0,0.3294818344252531,0.09172306277692348,0.28981780772330257,0.3691458611272036,23,False,0.6705181655747469,0.09172306277692348,0.6308541388727963,0.7101821922766974,23,False
exaone,kcelectra,random,source,disability,23,99,99,0,0.4497145366710584,0.09317000630476,0.4094248046667903,0.4900042686753264,23,False,0.5502854633289417,0.09317000630475998,0.5099957313246737,0.5905751953332097,23,False
exaone,kcelectra,random,exaone,gender,23,232,232,0,0.5590329835082458,0.08666058889190183,0.5215581346779695,0.5965078323385221,23,False,0.4409670164917541,0.08666058889190184,0.4034921676614778,0.4784418653220305,23,False
exaone,kcelectra,random,exaone,age,23,102,102,0,0.6385336743393009,0.07641711347454994,0.6054884364506343,0.6715789122279674,23,False,0.3614663256606991,0.07641711347454994,0.32842108777203255,0.3945115635493656,23,False
exaone,kcelectra,random,exaone,race_or_region_of_origin,23,893,893,0,0.8405472515701833,0.03537760522876253,0.8252488278590451,0.8558456752813215,23,False,0.15945274842981644,0.03537760522876252,0.14415432471867826,0.17475117214095462,23,False
exaone,kcelectra,random,exaone,religion,23,46,46,0,0.723062381852552,0.07035660012863951,0.6926379064624552,0.7534868572426489,23,False,0.27693761814744805,0.0703566001286395,0.24651314275735123,0.30736209353754484,23,False
exaone,kcelectra,random,exaone,politics,23,1790,1790,0,0.7489919844547002,0.06621990479910465,0.7203563502681244,0.7776276186412759,23,False,0.25100801554529995,0.06621990479910465,0.22237238135872414,0.2796436497318758,23,False
exaone,kcelectra,random,exaone,occupation,23,365,365,0,0.5969029184038118,0.08925753691018817,0.5583050650376817,0.6355007717699419,23,False,0.4030970815961881,0.08925753691018819,0.364499228230058,0.44169493496231826,23,False
exaone,kcelectra,random,exaone,disability,23,99,99,0,0.5862977602108037,0.07184434080578786,0.555229937508074,0.6173655829135334,23,False,0.41370223978919635,0.07184434080578785,0.38263441708646667,0.444770062491926,23,False
exaone,kcelectra,random,gemma4,gender,23,232,232,0,0.7023988005997003,0.09829509399133743,0.659892814485551,0.7449047867138495,23,False,0.29760119940029994,0.09829509399133743,0.25509521328615076,0.34010718551444913,23,False
exaone,kcelectra,random,gemma4,age,23,102,102,0,0.6632566069906223,0.09761981127207682,0.6210426350220676,0.705470578959177,23,False,0.33674339300937767,0.09761981127207682,0.294529421040823,0.3789573649779323,23,False
exaone,kcelectra,random,gemma4,race_or_region_of_origin,23,893,893,0,0.8056867422951458,0.045165241023384706,0.7861558274770433,0.8252176571132483,23,False,0.1943132577048542,0.0451652410233847,0.17478234288675168,0.2138441725229567,23,False
exaone,kcelectra,random,gemma4,religion,23,46,46,0,0.7060491493383744,0.08390637842865002,0.6697653104247958,0.7423329882519529,23,False,0.29395085066162574,0.08390637842865004,0.25766701174804724,0.33023468957520424,23,False
exaone,kcelectra,random,gemma4,politics,23,1790,1790,0,0.6689336895797912,0.07248310788880066,0.6375896432766943,0.700277735882888,23,False,0.33106631042020884,0.07248310788880066,0.29972226411711195,0.36241035672330574,23,False
exaone,kcelectra,random,gemma4,occupation,23,365,365,0,0.5696247766527693,0.11133084362997475,0.5214817096770231,0.6177678436285156,23,False,0.43037522334723055,0.11133084362997475,0.3822321563714844,0.4785182903229767,23,False
exaone,kcelectra,random,gemma4,disability,23,99,99,0,0.5994729907773386,0.08338458482696598,0.5634147923376335,0.6355311892170438,23,False,0.40052700922266143,0.08338458482696598,0.3644688107829563,0.4365852076623666,23,False
exaone,xlmr,retrieved,source,gender,23,232,232,0,0.8035982008995504,0.07201836925072407,0.7724551226539085,0.8347412791451922,23,False,0.1964017991004498,0.07201836925072405,0.1652587208548079,0.22754487734609172,23,False
exaone,xlmr,retrieved,source,age,23,102,102,0,0.7408354646206309,0.07154640871600995,0.7098964774147386,0.7717744518265232,23,False,0.2591645353793691,0.07154640871600997,0.2282255481734769,0.29010352258526134,23,False
exaone,xlmr,retrieved,source,race_or_region_of_origin,23,893,893,0,0.750133891620819,0.05682600916757986,0.7255604825266425,0.7747073007149955,23,False,0.2498661083791811,0.05682600916757987,0.22529269928500462,0.2744395174733576,23,False
exaone,xlmr,retrieved,source,religion,23,46,46,0,0.7448015122873346,0.06691383556186856,0.7158657999364424,0.7737372246382268,23,False,0.2551984877126654,0.06691383556186856,0.22626277536177325,0.28413420006355755,23,False
exaone,xlmr,retrieved,source,politics,23,1790,1790,0,0.7073111488948264,0.06145895738034696,0.6807343027581378,0.7338879950315149,23,False,0.2926888511051736,0.06145895738034696,0.266112004968485,0.3192656972418622,23,False
exaone,xlmr,retrieved,source,occupation,23,365,365,0,0.5897558070279928,0.085468983422341,0.5527962470436396,0.626715367012346,23,False,0.4102441929720072,0.085468983422341,0.37328463298765396,0.44720375295636045,23,False
exaone,xlmr,retrieved,source,disability,23,99,99,0,0.6187966622749231,0.08386202280524188,0.582532004171252,0.6550613203785943,23,False,0.38120333772507686,0.0838620228052419,0.3449386796214057,0.41746799582874805,23,False
exaone,xlmr,retrieved,exaone,gender,23,232,232,0,0.4126686656671663,0.08402627409193018,0.3763329799808589,0.4490043513534737,23,False,0.5873313343328336,0.08402627409193018,0.5509956486465262,0.623667020019141,23,False
exaone,xlmr,retrieved,exaone,age,23,102,102,0,0.48976982097186705,0.05712630701260961,0.4650665533515665,0.5144730885921677,23,False,0.510230179028133,0.057126307012609616,0.4855269114078324,0.5349334466484336,23,False
exaone,xlmr,retrieved,exaone,race_or_region_of_origin,23,893,893,0,0.7492088222406154,0.05082385089556256,0.7272309410187432,0.7711867034624875,23,False,0.2507911777593846,0.05082385089556256,0.22881329653751245,0.27276905898125675,23,False
exaone,xlmr,retrieved,exaone,religion,23,46,46,0,0.6096408317580342,0.07283515985887021,0.5781445467668849,0.6411371167491835,23,False,0.3903591682419659,0.07283515985887021,0.3588628832508166,0.42185545323311524,23,False
exaone,xlmr,retrieved,exaone,politics,23,1790,1790,0,0.782730143308234,0.03027177291882921,0.7696396470577107,0.7958206395587573,23,False,0.21726985669176588,0.03027177291882921,0.20417936044124263,0.23036035294228913,23,False
exaone,xlmr,retrieved,exaone,occupation,23,365,365,0,0.45300774270399047,0.04872070702793926,0.4319393290903505,0.47407615631763045,23,False,0.5469922572960095,0.04872070702793927,0.5259238436823696,0.5680606709096495,23,False
exaone,xlmr,retrieved,exaone,disability,23,99,99,0,0.37900746596398766,0.04443500663811979,0.35979232817380963,0.3982226037541657,23,False,0.6209925340360123,0.0444350066381198,0.6017773962458343,0.6402076718261903,23,False
exaone,xlmr,retrieved,gemma4,gender,23,232,232,0,0.6952773613193404,0.06268463677857537,0.6681704916650377,0.722384230973643,23,False,0.30472263868065963,0.06268463677857539,0.277615769026357,0.3318295083349623,23,False
exaone,xlmr,retrieved,gemma4,age,23,102,102,0,0.5865302642796248,0.0617691036202137,0.5598193008515251,0.6132412277077246,23,False,0.4134697357203751,0.06176910362021371,0.3867587722922753,0.4401806991484749,23,False
exaone,xlmr,retrieved,gemma4,race_or_region_of_origin,23,893,893,0,0.6801694337601636,0.04706729165391231,0.6598160105705168,0.7005228569498104,23,False,0.3198305662398364,0.047067291653912324,0.2994771430501895,0.3401839894294833,23,False
exaone,xlmr,retrieved,gemma4,religion,23,46,46,0,0.6313799621928167,0.0657024978153575,0.6029680715642709,0.6597918528213624,23,False,0.36862003780718333,0.06570249781535752,0.34020814717863757,0.3970319284357291,23,False
exaone,xlmr,retrieved,gemma4,politics,23,1790,1790,0,0.6383288802526111,0.0391980850345689,0.6213783571845172,0.6552794033207051,23,False,0.36167111974738886,0.0391980850345689,0.34472059667929494,0.3786216428154828,23,False
exaone,xlmr,retrieved,gemma4,occupation,23,365,365,0,0.40500297796307316,0.058455835309224165,0.37972477919392755,0.4302811767322188,23,False,0.5949970220369266,0.05845583530922416,0.569718823267781,0.6202752208060722,23,False
exaone,xlmr,retrieved,gemma4,disability,23,99,99,0,0.4031620553359684,0.06226033109324127,0.3762386692192119,0.43008544145272487,23,False,0.5968379446640316,0.06226033109324128,0.5699145585472751,0.6237613307807881,23,False
exaone,xlmr,random,source,gender,23,232,232,0,0.8476386806596701,0.03895838821455522,0.8307918102693386,0.8644855510500016,23,False,0.15236131934032987,0.0389583882145552,0.13551444894999834,0.1692081897306614,23,False
exaone,xlmr,random,source,age,23,102,102,0,0.7838874680306906,0.04852497871950561,0.7629036936846133,0.804871242376768,23,False,0.21611253196930952,0.048524978719505604,0.19512875762323215,0.2370963063153869,23,False
exaone,xlmr,random,source,race_or_region_of_origin,23,893,893,0,0.7625006085982765,0.05204666419179932,0.7399939432542322,0.7850072739423208,23,False,0.23749939140172352,0.05204666419179934,0.21499272605767925,0.2600060567457678,23,False
exaone,xlmr,random,source,religion,23,46,46,0,0.7816635160680532,0.05952721620009304,0.7559220174594034,0.807405014676703,23,False,0.2183364839319471,0.059527216200093026,0.19259498532329733,0.24407798254059687,23,False
exaone,xlmr,random,source,politics,23,1790,1790,0,0.7019188729657517,0.055758104718021465,0.6778072603851242,0.7260304855463793,23,False,0.2980811270342482,0.05575810471802145,0.27396951445362067,0.32219273961487577,23,False
exaone,xlmr,random,source,occupation,23,365,365,0,0.6154854079809411,0.061676253801177694,0.5888145958254877,0.6421562201363945,23,False,0.38451459201905897,0.0616762538011777,0.3578437798636055,0.41118540417451244,23,False
exaone,xlmr,random,source,disability,23,99,99,0,0.6280193236714975,0.05604609992029872,0.603783172626417,0.652255474716578,23,False,0.3719806763285024,0.05604609992029873,0.3477445252834219,0.3962168273735829,23,False
exaone,xlmr,random,exaone,gender,23,232,232,0,0.45108695652173914,0.05867898711890979,0.4257122596738117,0.47646165336966656,23,False,0.5489130434782609,0.05867898711890977,0.5235383466303335,0.5742877403261882,23,False
exaone,xlmr,random,exaone,age,23,102,102,0,0.526001705029838,0.0759183344782092,0.4931721553533864,0.5588312547062897,23,False,0.473998294970162,0.0759183344782092,0.44116874529371036,0.5068278446466137,23,False
exaone,xlmr,random,exaone,race_or_region_of_origin,23,893,893,0,0.7296363016699937,0.04682821670914447,0.709386262239087,0.7498863411009005,23,False,0.27036369833000634,0.04682821670914446,0.25011365889909964,0.29061373776091304,23,False
exaone,xlmr,random,exaone,religion,23,46,46,0,0.6918714555765596,0.07801128788630632,0.658136844977027,0.7256060661760922,23,False,0.3081285444234405,0.07801128788630632,0.2743939338239078,0.3418631550229732,23,False
exaone,xlmr,random,exaone,politics,23,1790,1790,0,0.7684721884867621,0.05419173110386498,0.7450379266506059,0.7919064503229184,23,False,0.23152781151323776,0.05419173110386499,0.2080935496770815,0.254962073349394,23,False
exaone,xlmr,random,exaone,occupation,23,365,365,0,0.46646813579511615,0.06535901527516197,0.43820477815525943,0.49473149343497286,23,False,0.5335318642048839,0.06535901527516196,0.5052685065650271,0.5617952218447406,23,False
exaone,xlmr,random,exaone,disability,23,99,99,0,0.4400527009222661,0.0567184482876878,0.41552580464049427,0.46457959720403796,23,False,0.559947299077734,0.05671844828768781,0.5354204027959621,0.5844741953595058,23,False
exaone,xlmr,random,gemma4,gender,23,232,232,0,0.683095952023988,0.15991569195283983,0.6139432211442453,0.7522486829037307,23,False,0.316904047976012,0.15991569195283983,0.2477513170962693,0.38605677885575473,23,False
exaone,xlmr,random,gemma4,age,23,102,102,0,0.5865302642796248,0.14032883826389345,0.5258475240893015,0.6472130044699482,23,False,0.4134697357203751,0.14032883826389345,0.3527869955300517,0.4741524759106985,23,False
exaone,xlmr,random,gemma4,race_or_region_of_origin,23,893,893,0,0.6653196358147914,0.15376775332780993,0.5988254729593001,0.7318137986702826,23,False,0.33468036418520863,0.15376775332780993,0.2681862013297174,0.4011745270406999,23,False
exaone,xlmr,random,gemma4,religion,23,46,46,0,0.6550094517958412,0.16364242396416165,0.5842451611454923,0.7257737424461902,23,False,0.34499054820415875,0.16364242396416165,0.2742262575538098,0.4157548388545077,23,False
exaone,xlmr,random,gemma4,politics,23,1790,1790,0,0.6225649744959921,0.14774788795010954,0.5586739966395012,0.686455952352483,23,False,0.3774350255040078,0.14774788795010957,0.3135440476475169,0.4413260033604987,23,False
exaone,xlmr,random,gemma4,occupation,23,365,365,0,0.38558665872543185,0.10615805192641799,0.33968047462343465,0.43149284282742906,23,False,0.6144133412745681,0.10615805192641799,0.5685071571725709,0.6603195253765654,23,False
exaone,xlmr,random,gemma4,disability,23,99,99,0,0.42512077294685985,0.11978471765470058,0.3733219767041227,0.476919569189597,23,False,0.5748792270531401,0.11978471765470057,0.5230804308104029,0.6266780232958773,23,False
gemma4,kcelectra,retrieved,source,gender,23,232,232,0,0.6345577211394302,0.14635541735289118,0.571268892723632,0.6978465495552284,23,False,0.3654422788605698,0.14635541735289118,0.30215345044477165,0.42873110727636793,23,False
gemma4,kcelectra,retrieved,source,age,23,102,102,0,0.5809889173060528,0.11456972704842257,0.5314452521110098,0.6305325825010959,23,False,0.4190110826939472,0.11456972704842258,0.3694674174989041,0.4685547478889903,23,False
gemma4,kcelectra,retrieved,source,race_or_region_of_origin,23,893,893,0,0.6139539412824383,0.11107297546159169,0.5659223848647423,0.6619854977001343,23,False,0.3860460587175617,0.11107297546159167,0.33801450229986574,0.43407761513525767,23,False
gemma4,kcelectra,retrieved,source,religion,23,46,46,0,0.5396975425330813,0.11608336175857197,0.4894993326058548,0.5898957524603079,23,False,0.4603024574669187,0.11608336175857195,0.4101042475396922,0.5105006673941452,23,False
gemma4,kcelectra,retrieved,source,politics,23,1790,1790,0,0.527082827301433,0.10337952353076696,0.48237816897867475,0.5717874856241911,23,False,0.4729171726985669,0.10337952353076696,0.4282125143758087,0.5176218310213251,23,False
gemma4,kcelectra,retrieved,source,occupation,23,365,365,0,0.44395473496128657,0.1272786396185706,0.3889153238515973,0.4989941460709758,23,False,0.5560452650387134,0.1272786396185706,0.5010058539290242,0.6110846761484027,23,False
gemma4,kcelectra,retrieved,source,disability,23,99,99,0,0.5546772068511199,0.10045361140931701,0.5112378078099341,0.5981166058923056,23,False,0.44532279314888007,0.100453611409317,0.4018833941076943,0.48876219219006584,23,False
gemma4,kcelectra,retrieved,exaone,gender,23,232,232,0,0.607758620689655,0.08830709735888732,0.5695717682059647,0.6459454731733454,23,False,0.39224137931034486,0.08830709735888734,0.35405452682665445,0.4304282317940353,23,False
gemma4,kcelectra,retrieved,exaone,age,23,102,102,0,0.6445012787723784,0.06857761058174015,0.6148460961506916,0.6741564613940652,23,False,0.35549872122762144,0.06857761058174015,0.3258435386059347,0.3851539038493082,23,False
gemma4,kcelectra,retrieved,exaone,race_or_region_of_origin,23,893,893,0,0.8460976678514048,0.04845300525483857,0.8251450171653749,0.8670503185374347,23,False,0.15390233214859533,0.048453005254838574,0.13294968146256547,0.1748549828346252,23,False
gemma4,kcelectra,retrieved,exaone,religion,23,46,46,0,0.6833648393194707,0.0683773605579159,0.6537962513017097,0.7129334273372316,23,False,0.31663516068052927,0.0683773605579159,0.2870665726627683,0.34620374869829024,23,False
gemma4,kcelectra,retrieved,exaone,politics,23,1790,1790,0,0.8016759776536313,0.056835916267859665,0.7770982844080305,0.8262536708992321,23,False,0.1983240223463687,0.05683591626785968,0.1737463291007679,0.2229017155919695,23,False
gemma4,kcelectra,retrieved,exaone,occupation,23,365,365,0,0.6158427635497319,0.08454480124054246,0.5792828499097825,0.6524026771896813,23,False,0.38415723645026806,0.08454480124054249,0.3475973228103187,0.42071715009021743,23,False
gemma4,kcelectra,retrieved,exaone,disability,23,99,99,0,0.5559947299077733,0.0682695596286061,0.5264727585075695,0.5855167013079772,23,False,0.4440052700922266,0.06826955962860613,0.4144832986920228,0.4735272414924305,23,False
gemma4,kcelectra,retrieved,gemma4,gender,23,232,232,0,0.7483133433283359,0.06983845955284723,0.718112928725258,0.7785137579314138,23,False,0.2516866566716642,0.06983845955284722,0.22148624206858636,0.281887071274742,23,False
gemma4,kcelectra,retrieved,gemma4,age,23,102,102,0,0.7028985507246376,0.07596585926269618,0.6700484497902599,0.7357486516590153,23,False,0.2971014492753623,0.07596585926269618,0.2642513483409846,0.32995155020974,23,False
gemma4,kcelectra,retrieved,gemma4,race_or_region_of_origin,23,893,893,0,0.8218998003797655,0.05176726493273837,0.7995139563355818,0.8442856444239493,23,False,0.17810019962023468,0.05176726493273838,0.15571435557605096,0.2004860436644184,23,False
gemma4,kcelectra,retrieved,gemma4,religion,23,46,46,0,0.7107750472589792,0.07011724604191769,0.6804540763376554,0.741096018180303,23,False,0.2892249527410208,0.07011724604191769,0.2589039818196969,0.31954592366234463,23,False
gemma4,kcelectra,retrieved,gemma4,politics,23,1790,1790,0,0.7154967209132862,0.05426560544784166,0.692030513415228,0.7389629284113444,23,False,0.28450327908671363,0.05426560544784166,0.2610370715886554,0.30796948658477186,23,False
gemma4,kcelectra,retrieved,gemma4,occupation,23,365,365,0,0.6270399047051817,0.09014377800659283,0.5880588119503097,0.6660209974600536,23,False,0.3729600952948183,0.09014377800659285,0.3339790025399463,0.41194118804969027,23,False
gemma4,kcelectra,retrieved,gemma4,disability,23,99,99,0,0.557312252964427,0.07845826923436162,0.5233843531354705,0.5912401527933835,23,False,0.44268774703557306,0.07845826923436162,0.4087598472066166,0.4766156468645295,23,False
gemma4,kcelectra,random,source,gender,23,232,232,0,0.6583583208395801,0.0931674409936474,0.618069698159024,0.6986469435201362,23,False,0.34164167916041976,0.0931674409936474,0.30135305647986366,0.38193030184097587,23,False
gemma4,kcelectra,random,source,age,23,102,102,0,0.5507246376811594,0.10462096797118779,0.5054831385253209,0.595966136836998,23,False,0.44927536231884063,0.10462096797118779,0.40403386316300216,0.4945168614746791,23,False
gemma4,kcelectra,random,source,race_or_region_of_origin,23,893,893,0,0.600905594235357,0.07465689807934109,0.5686215305631092,0.633189657907605,23,False,0.39909440576464283,0.07465689807934106,0.366810342092395,0.4313784694368907,23,False
gemma4,kcelectra,random,source,religion,23,46,46,0,0.5586011342155008,0.08066007935875613,0.5237211002893762,0.5934811681416254,23,False,0.44139886578449905,0.08066007935875612,0.4065188318583744,0.4762788997106237,23,False
gemma4,kcelectra,random,source,politics,23,1790,1790,0,0.47405878066553303,0.08182191884738264,0.4386763296688801,0.5094412316621859,23,False,0.5259412193344669,0.08182191884738267,0.490558768337814,0.5613236703311199,23,False
gemma4,kcelectra,random,source,occupation,23,365,365,0,0.39261465157832043,0.08828178893502031,0.3544387432778011,0.43079055987883974,23,False,0.6073853484216796,0.08828178893502032,0.5692094401211603,0.6455612567221989,23,False
gemma4,kcelectra,random,source,disability,23,99,99,0,0.520860781730347,0.08389567819771823,0.484581569943606,0.557139993517088,23,False,0.479139218269653,0.08389567819771822,0.442860006482912,0.515418430056394,23,False
gemma4,kcelectra,random,exaone,gender,23,232,232,0,0.5648425787106448,0.11819006860631016,0.5137333604270456,0.615951796994244,23,False,0.43515742128935525,0.11819006860631018,0.38404820300575604,0.48626663957295446,23,False
gemma4,kcelectra,random,exaone,age,23,102,102,0,0.6236146632566069,0.10449924909975622,0.5784257992878241,0.6688035272253896,23,False,0.376385336743393,0.10449924909975625,0.3311964727746103,0.42157420071217566,23,False
gemma4,kcelectra,random,exaone,race_or_region_of_origin,23,893,893,0,0.8294464190077414,0.047886920621136156,0.8087385616740808,0.8501542763414021,23,False,0.17055358099225862,0.04788692062113615,0.149845723658598,0.19126143832591924,23,False
gemma4,kcelectra,random,exaone,religion,23,46,46,0,0.7060491493383744,0.0974122924381341,0.6639249152429507,0.748173383433798,23,False,0.29395085066162574,0.09741229243813408,0.2518266165662021,0.3360750847570494,23,False
gemma4,kcelectra,random,exaone,politics,23,1790,1790,0,0.7527811513237793,0.0766489015489616,0.7196356807554102,0.7859266218921485,23,False,0.24721884867622054,0.07664890154896159,0.21407337810785143,0.28036431924458965,23,False
gemma4,kcelectra,random,exaone,occupation,23,365,365,0,0.5995235259082787,0.11357523702019233,0.55040991045035,0.6486371413662074,23,False,0.40047647409172127,0.11357523702019233,0.35136285863379263,0.4495900895496499,23,False
gemma4,kcelectra,random,exaone,disability,23,99,99,0,0.5740008783487044,0.0880402437908158,0.5359294220012643,0.6120723346961445,23,False,0.4259991216512956,0.0880402437908158,0.3879276653038555,0.46407057799873574,23,False
gemma4,kcelectra,random,gemma4,gender,23,232,232,0,0.6973388305847076,0.09784281240363249,0.6550284256954806,0.7396492354739346,23,False,0.30266116941529236,0.09784281240363249,0.26035076452606537,0.34497157430451936,23,False
gemma4,kcelectra,random,gemma4,age,23,102,102,0,0.6594202898550724,0.09240576767735596,0.6194610394157052,0.6993795402944396,23,False,0.34057971014492755,0.09240576767735598,0.30062045970556034,0.38053896058429476,23,False
gemma4,kcelectra,random,gemma4,race_or_region_of_origin,23,893,893,0,0.7936608403525,0.07090429834592452,0.7629995224927199,0.82432215821228,23,False,0.20633915964749996,0.07090429834592453,0.17567784178771984,0.2370004775072801,23,False
gemma4,kcelectra,random,gemma4,religion,23,46,46,0,0.7051039697542533,0.08935094840733743,0.6664657222276468,0.7437422172808598,23,False,0.2948960302457468,0.08935094840733743,0.2562577827191403,0.3335342777723533,23,False
gemma4,kcelectra,random,gemma4,politics,23,1790,1790,0,0.6500607238280302,0.10135088574286563,0.6062333142685803,0.69388813338748,23,False,0.3499392761719699,0.10135088574286565,0.30611186661252,0.3937666857314198,23,False
gemma4,kcelectra,random,gemma4,occupation,23,365,365,0,0.5598570577724836,0.11932645234143013,0.5082564303116409,0.6114576852333263,23,False,0.4401429422275164,0.11932645234143012,0.3885423147666737,0.49174356968835903,23,False
gemma4,kcelectra,random,gemma4,disability,23,99,99,0,0.5638998682476943,0.09542172848278821,0.5226364185557396,0.6051633179396491,23,False,0.4361001317523056,0.09542172848278821,0.3948366820603509,0.47736358144426033,23,False
gemma4,xlmr,retrieved,source,gender,23,232,232,0,0.8148425787106447,0.05511480419598407,0.791009150136427,0.8386760072848624,23,False,0.18515742128935536,0.05511480419598408,0.1613239927151377,0.20899084986357302,23,False
gemma4,xlmr,retrieved,source,age,23,102,102,0,0.7468030690537084,0.06699433042363577,0.7178325481143343,0.7757735899930825,23,False,0.25319693094629153,0.06699433042363576,0.22422641000691745,0.2821674518856656,23,False
gemma4,xlmr,retrieved,source,race_or_region_of_origin,23,893,893,0,0.7626466721846245,0.04578644263214251,0.7428471296468285,0.7824462147224204,23,False,0.2373533278153756,0.04578644263214253,0.21755378527757963,0.2571528703531716,23,False
gemma4,xlmr,retrieved,source,religion,23,46,46,0,0.7457466918714557,0.07931730492342237,0.7114473171540985,0.7800460665888129,23,False,0.25425330812854446,0.07931730492342234,0.21995393341118727,0.2885526828459017,23,False
gemma4,xlmr,retrieved,source,politics,23,1790,1790,0,0.7113917901384503,0.06817260361518225,0.6819117456625001,0.7408718346144005,23,False,0.2886082098615497,0.06817260361518225,0.2591281653855995,0.31808825433749993,23,False
gemma4,xlmr,retrieved,source,occupation,23,365,365,0,0.5934484812388329,0.07905487158136232,0.5592625912086613,0.6276343712690045,23,False,0.4065515187611673,0.07905487158136229,0.37236562873099577,0.4407374087913388,23,False
gemma4,xlmr,retrieved,source,disability,23,99,99,0,0.6223100570926657,0.07062432062119176,0.5917698106800608,0.6528503035052706,23,False,0.3776899429073342,0.07062432062119177,0.3471496964947294,0.40823018931993904,23,False
gemma4,xlmr,retrieved,exaone,gender,23,232,232,0,0.4561469265367316,0.08586975782155959,0.41901405870601127,0.49327979436745195,23,False,0.5438530734632685,0.08586975782155958,0.5067202056325482,0.5809859412939888,23,False
gemma4,xlmr,retrieved,exaone,age,23,102,102,0,0.4812446717817562,0.05700647544769166,0.4565932232159741,0.5058961203475383,23,False,0.5187553282182439,0.05700647544769167,0.49410387965246183,0.5434067767840259,23,False
gemma4,xlmr,retrieved,exaone,race_or_region_of_origin,23,893,893,0,0.7227713131116414,0.09660941160776847,0.6809942707227524,0.7645483555005305,23,False,0.2772286868883587,0.09660941160776847,0.23545164449946973,0.3190057292772477,23,False
gemma4,xlmr,retrieved,exaone,religion,23,46,46,0,0.6304347826086957,0.11540554403680975,0.5805296830443494,0.680339882173042,23,False,0.3695652173913043,0.11540554403680975,0.319660117826958,0.4194703169556506,23,False
gemma4,xlmr,retrieved,exaone,politics,23,1790,1790,0,0.758149137721642,0.09064280641768713,0.7189522488995278,0.7973460265437563,23,False,0.24185086227835803,0.09064280641768711,0.20265397345624378,0.28104775110047225,23,False
gemma4,xlmr,retrieved,exaone,occupation,23,365,365,0,0.46063132817153063,0.05904038421513207,0.43510035149996246,0.4861623048430988,23,False,0.5393686718284694,0.05904038421513206,0.5138376951569011,0.5648996485000376,23,False
gemma4,xlmr,retrieved,exaone,disability,23,99,99,0,0.3702239789196311,0.05341555767376067,0.3471253596440801,0.3933225981951821,23,False,0.6297760210803689,0.053415557673760675,0.6066774018048179,0.6528746403559199,23,False
gemma4,xlmr,retrieved,gemma4,gender,23,232,232,0,0.6992128935532235,0.05661855773611906,0.6747291931851591,0.7236965939212878,23,False,0.3007871064467766,0.056618557736119075,0.2763034060787122,0.325270806814841,23,False
gemma4,xlmr,retrieved,gemma4,age,23,102,102,0,0.5942028985507245,0.0524419528802087,0.5715252975595554,0.6168804995418936,23,False,0.4057971014492754,0.052441952880208705,0.3831195004581062,0.42847470244044455,23,False
gemma4,xlmr,retrieved,gemma4,race_or_region_of_origin,23,893,893,0,0.6805102487949756,0.060293264654659826,0.6544374859934714,0.7065830115964797,23,False,0.3194897512050245,0.060293264654659826,0.2934169884035204,0.3455625140065286,23,False
gemma4,xlmr,retrieved,gemma4,religion,23,46,46,0,0.6398865784499056,0.06678809695613101,0.6110052395495333,0.6687679173502779,23,False,0.3601134215500945,0.066788096956131,0.3312320826497223,0.3889947604504667,23,False
gemma4,xlmr,retrieved,gemma4,politics,23,1790,1790,0,0.6223949477775079,0.04571082448366083,0.6026281049792293,0.6421617905757866,23,False,0.3776050522224921,0.04571082448366083,0.35783820942421335,0.3973718950207708,23,False
gemma4,xlmr,retrieved,gemma4,occupation,23,365,365,0,0.3995235259082788,0.05900771203501848,0.3740066777468715,0.42504037406968603,23,False,0.6004764740917212,0.05900771203501849,0.574959625930314,0.6259933222531284,23,False
gemma4,xlmr,retrieved,gemma4,disability,23,99,99,0,0.3825208607817303,0.048471871142244716,0.3615600518742109,0.4034816696892497,23,False,0.6174791392182696,0.04847187114224472,0.5965183303107502,0.638439948125789,23,False
gemma4,xlmr,random,source,gender,23,232,232,0,0.8511994002998501,0.05083266453208181,0.8292177077757421,0.8731810928239581,23,False,0.14880059970014994,0.05083266453208182,0.12681890717604194,0.17078229222425795,23,False
gemma4,xlmr,random,source,age,23,102,102,0,0.7791986359761295,0.06842787157441631,0.7496082053568836,0.8087890665953754,23,False,0.22080136402387038,0.0684278715744163,0.19121093340462447,0.2503917946431163,23,False
gemma4,xlmr,random,source,race_or_region_of_origin,23,893,893,0,0.7535420419689371,0.05414540627211279,0.7301278124922328,0.7769562714456415,23,False,0.24645795803106288,0.054145406272112784,0.22304372855435856,0.2698721875077672,23,False
gemma4,xlmr,random,source,religion,23,46,46,0,0.771266540642722,0.056715071155370694,0.7467411047424763,0.7957919765429677,23,False,0.22873345935727793,0.05671507115537068,0.20420802345703226,0.2532588952575236,23,False
gemma4,xlmr,random,source,politics,23,1790,1790,0,0.7110760262326936,0.0734478317560056,0.6793148020457542,0.742837250419633,23,False,0.28892397376730633,0.07344783175600562,0.257162749580367,0.32068519795424566,23,False
gemma4,xlmr,random,source,occupation,23,365,365,0,0.6202501488981538,0.08682947053173024,0.5827022701703923,0.6577980276259152,23,False,0.3797498511018463,0.08682947053173024,0.3422019723740848,0.4172977298296078,23,False
gemma4,xlmr,random,source,disability,23,99,99,0,0.6341677646025472,0.09367076146262213,0.5936614898297402,0.6746740393753542,23,False,0.36583223539745274,0.09367076146262213,0.3253259606246458,0.4063385101702597,23,False
gemma4,xlmr,random,exaone,gender,23,232,232,0,0.4795727136431784,0.08316759691906599,0.44360834781124253,0.5155370794751142,23,False,0.5204272863568216,0.08316759691906597,0.4844629205248857,0.5563916521887574,23,False
gemma4,xlmr,random,exaone,age,23,102,102,0,0.5225916453537938,0.06665321654510825,0.4937686331169935,0.551414657590594,23,False,0.4774083546462063,0.06665321654510825,0.448585342409406,0.5062313668830065,23,False
gemma4,xlmr,random,exaone,race_or_region_of_origin,23,893,893,0,0.7025658503335118,0.04778122929355818,0.6819036973572101,0.7232280033098135,23,False,0.2974341496664881,0.04778122929355818,0.2767719966901865,0.31809630264278976,23,False
gemma4,xlmr,random,exaone,religion,23,46,46,0,0.6871455576559546,0.07437057023154839,0.6549853114300124,0.7193058038818969,23,False,0.31285444234404536,0.07437057023154839,0.28069419611810303,0.3450146885699877,23,False
gemma4,xlmr,random,exaone,politics,23,1790,1790,0,0.7635657031819285,0.048068296055755945,0.7427794132287714,0.7843519931350856,23,False,0.2364342968180714,0.04806829605575595,0.21564800686491425,0.25722058677122855,23,False
gemma4,xlmr,random,exaone,occupation,23,365,365,0,0.4575342465753425,0.06480216847647527,0.42951168754843355,0.4855568056022514,23,False,0.5424657534246575,0.06480216847647527,0.5144431943977485,0.5704883124515665,23,False
gemma4,xlmr,random,exaone,disability,23,99,99,0,0.4084321475625824,0.06043947774851645,0.3822961574779575,0.4345681376472073,23,False,0.5915678524374176,0.060439477748516456,0.5654318623527926,0.6177038425220426,23,False
gemma4,xlmr,random,gemma4,gender,23,232,232,0,0.72976011994003,0.07459438364206418,0.6975030895376527,0.7620171503424072,23,False,0.27023988005996996,0.07459438364206418,0.23798284965759273,0.30249691046234717,23,False
gemma4,xlmr,random,gemma4,age,23,102,102,0,0.6069906223358909,0.07831503423150774,0.5731246619669333,0.6408565827048484,23,False,0.3930093776641091,0.07831503423150774,0.3591434172951516,0.4268753380330666,23,False
gemma4,xlmr,random,gemma4,race_or_region_of_origin,23,893,893,0,0.6769073469983935,0.08031960148332058,0.6421745467464817,0.7116401472503053,23,False,0.32309265300160667,0.0803196014833206,0.28835985274969483,0.3578254532535185,23,False
gemma4,xlmr,random,gemma4,religion,23,46,46,0,0.7060491493383741,0.06417800380122934,0.6782964993571932,0.7338017993195551,23,False,0.29395085066162563,0.06417800380122933,0.2661982006804447,0.32170350064280656,23,False
gemma4,xlmr,random,gemma4,politics,23,1790,1790,0,0.6501335924216662,0.06747745157463672,0.6209541542301482,0.6793130306131843,23,False,0.34986640757833365,0.0674774515746367,0.3206869693868156,0.3790458457698517,23,False
gemma4,xlmr,random,gemma4,occupation,23,365,365,0,0.44443120905300765,0.06761558116071177,0.41519203914926217,0.4736703789567531,23,False,0.5555687909469923,0.06761558116071174,0.5263296210432469,0.5848079608507377,23,False
gemma4,xlmr,random,gemma4,disability,23,99,99,0,0.4563021519543259,0.07881213713297278,0.4222212281709294,0.4903830757377224,23,False,0.5436978480456741,0.07881213713297278,0.5096169242622777,0.5777787718290706,23,False
