translator,selection,judge,weighting,unit,n,unique_ids,source_hate_n,source_non_hate_n,source_hate_rate,judged_hate_n,judged_hate_rate,hate_prevalence_delta,hate_to_non_hate_n,hate_to_non_hate_rate,non_hate_to_hate_n,non_hate_to_hate_rate,changed_n,changed_rate,repeat
exaone,retrieved,exaone,exposure,exposure,1999,1999,1074,925,0.5372686343171585,603,0.3016508254127064,-0.23561780890445222,612,0.5698324022346368,141,0.15243243243243243,753,0.376688344172086,1
exaone,retrieved,gemma4,exposure,exposure,1999,1999,1074,925,0.5372686343171585,550,0.2751375687843922,-0.2621310655327664,637,0.5931098696461825,113,0.12216216216216216,750,0.3751875937968984,1
exaone,retrieved,exaone,exposure,exposure,2000,2000,1118,882,0.559,600,0.3,-0.259,669,0.5983899821109123,151,0.1712018140589569,820,0.41,2
exaone,retrieved,gemma4,exposure,exposure,2000,2000,1118,882,0.559,604,0.302,-0.257,664,0.59391771019678,150,0.17006802721088435,814,0.407,2
exaone,retrieved,exaone,exposure,exposure,1995,1995,1124,871,0.5634085213032581,602,0.3017543859649123,-0.26165413533834586,667,0.5934163701067615,145,0.16647531572904709,812,0.4070175438596491,3
exaone,retrieved,gemma4,exposure,exposure,1995,1995,1124,871,0.5634085213032581,614,0.30776942355889725,-0.2556390977443609,657,0.5845195729537367,147,0.1687715269804822,804,0.4030075187969925,3
exaone,retrieved,exaone,exposure,exposure,1999,1999,1164,835,0.5822911455727864,627,0.3136568284142071,-0.26863431715857927,684,0.5876288659793815,147,0.17604790419161676,831,0.41570785392696347,4
exaone,retrieved,gemma4,exposure,exposure,1999,1999,1164,835,0.5822911455727864,634,0.3171585792896448,-0.2651325662831416,654,0.5618556701030928,124,0.14850299401197606,778,0.3891945972986493,4
exaone,retrieved,exaone,exposure,exposure,1998,1998,1142,856,0.5715715715715716,642,0.3213213213213213,-0.2502502502502503,648,0.5674255691768827,148,0.17289719626168223,796,0.3983983983983984,5
exaone,retrieved,gemma4,exposure,exposure,1998,1998,1142,856,0.5715715715715716,627,0.3138138138138138,-0.2577577577577578,637,0.5577933450087565,122,0.1425233644859813,759,0.37987987987987987,5
exaone,retrieved,exaone,exposure,exposure,1997,1997,1143,854,0.5723585378067101,615,0.30796194291437157,-0.2643965948923385,674,0.5896762904636921,146,0.17096018735362997,820,0.41061592388582874,6
exaone,retrieved,gemma4,exposure,exposure,1997,1997,1143,854,0.5723585378067101,600,0.30045067601402103,-0.27190786179268905,662,0.57917760279965,119,0.13934426229508196,781,0.3910866299449174,6
exaone,retrieved,exaone,exposure,exposure,1995,1995,1162,833,0.5824561403508772,653,0.3273182957393484,-0.25513784461152883,671,0.5774526678141136,162,0.19447779111644659,833,0.41754385964912283,7
exaone,retrieved,gemma4,exposure,exposure,1995,1995,1162,833,0.5824561403508772,633,0.3172932330827068,-0.26516290726817043,654,0.5628227194492255,125,0.15006002400960383,779,0.3904761904761905,7
exaone,retrieved,exaone,exposure,exposure,1998,1998,1203,795,0.6021021021021021,678,0.33933933933933935,-0.2627627627627628,676,0.5619285120532004,151,0.189937106918239,827,0.4139139139139139,8
exaone,retrieved,gemma4,exposure,exposure,1998,1998,1203,795,0.6021021021021021,645,0.3228228228228228,-0.27927927927927926,681,0.5660847880299252,123,0.15471698113207547,804,0.4024024024024024,8
exaone,retrieved,exaone,exposure,exposure,1998,1998,1175,823,0.5880880880880881,649,0.32482482482482483,-0.26326326326326327,679,0.5778723404255319,153,0.1859052247873633,832,0.4164164164164164,9
exaone,retrieved,gemma4,exposure,exposure,1998,1998,1175,823,0.5880880880880881,628,0.31431431431431434,-0.27377377377377377,689,0.5863829787234043,142,0.17253948967193194,831,0.4159159159159159,9
exaone,retrieved,exaone,exposure,exposure,1998,1998,1092,906,0.5465465465465466,585,0.2927927927927928,-0.25375375375375375,662,0.6062271062271062,155,0.17108167770419427,817,0.4089089089089089,10
exaone,retrieved,gemma4,exposure,exposure,1998,1998,1092,906,0.5465465465465466,581,0.2907907907907908,-0.25575575575575576,646,0.5915750915750916,135,0.1490066225165563,781,0.3908908908908909,10
exaone,retrieved,exaone,exposure,exposure,1996,1996,1145,851,0.5736472945891784,646,0.32364729458917835,-0.25,659,0.5755458515283843,160,0.18801410105757932,819,0.4103206412825651,11
exaone,retrieved,gemma4,exposure,exposure,1996,1996,1145,851,0.5736472945891784,593,0.2970941883767535,-0.27655310621242485,677,0.5912663755458515,125,0.14688601645123384,802,0.40180360721442887,11
exaone,retrieved,exaone,exposure,exposure,1998,1998,1162,836,0.5815815815815816,656,0.3283283283283283,-0.25325325325325326,666,0.5731497418244407,160,0.19138755980861244,826,0.4134134134134134,12
exaone,retrieved,gemma4,exposure,exposure,1998,1998,1162,836,0.5815815815815816,631,0.3158158158158158,-0.26576576576576577,666,0.5731497418244407,135,0.16148325358851676,801,0.4009009009009009,12
exaone,retrieved,exaone,exposure,exposure,1999,1999,1106,893,0.5532766383191596,657,0.32866433216608304,-0.22461230615307654,619,0.5596745027124774,170,0.19036954087346025,789,0.39469734867433715,13
exaone,retrieved,gemma4,exposure,exposure,1999,1999,1106,893,0.5532766383191596,589,0.29464732366183094,-0.2586293146573287,635,0.5741410488245932,118,0.13213885778275475,753,0.376688344172086,13
exaone,retrieved,exaone,exposure,exposure,1998,1998,1141,857,0.571071071071071,657,0.32882882882882886,-0.24224224224224225,647,0.5670464504820333,163,0.19019836639439908,810,0.40540540540540543,14
exaone,retrieved,gemma4,exposure,exposure,1998,1998,1141,857,0.571071071071071,619,0.3098098098098098,-0.26126126126126126,653,0.5723049956178791,131,0.1528588098016336,784,0.3923923923923924,14
exaone,retrieved,exaone,exposure,exposure,1999,1999,1159,840,0.5797898949474737,642,0.32116058029014505,-0.2586293146573287,666,0.5746333045729077,149,0.1773809523809524,815,0.407703851925963,15
exaone,retrieved,gemma4,exposure,exposure,1999,1999,1159,840,0.5797898949474737,605,0.3026513256628314,-0.2771385692846423,667,0.5754961173425367,113,0.13452380952380952,780,0.3901950975487744,15
exaone,retrieved,exaone,exposure,exposure,1996,1996,1158,838,0.5801603206412825,661,0.3311623246492986,-0.24899799599198397,669,0.5777202072538861,172,0.2052505966587112,841,0.4213426853707415,16
exaone,retrieved,gemma4,exposure,exposure,1996,1996,1158,838,0.5801603206412825,633,0.31713426853707416,-0.26302605210420843,661,0.5708117443868739,136,0.162291169451074,797,0.39929859719438876,16
exaone,retrieved,exaone,exposure,exposure,1995,1995,1116,879,0.5593984962406015,679,0.34035087719298246,-0.21904761904761905,632,0.5663082437275986,195,0.22184300341296928,827,0.4145363408521303,17
exaone,retrieved,gemma4,exposure,exposure,1995,1995,1116,879,0.5593984962406015,635,0.3182957393483709,-0.24110275689223057,635,0.5689964157706093,154,0.1751990898748578,789,0.3954887218045113,17
exaone,retrieved,exaone,exposure,exposure,1997,1997,1114,883,0.557836755132699,574,0.28743114672008013,-0.2704056084126189,695,0.6238779174147218,155,0.1755379388448471,850,0.4256384576865298,18
exaone,retrieved,gemma4,exposure,exposure,1997,1997,1114,883,0.557836755132699,556,0.2784176264396595,-0.2794191286930396,683,0.6131059245960503,125,0.14156285390713477,808,0.4046069103655483,18
exaone,retrieved,exaone,exposure,exposure,1999,1999,1137,862,0.568784392196098,756,0.3781890945472736,-0.1905952976488244,582,0.5118733509234829,201,0.23317865429234338,783,0.391695847923962,19
exaone,retrieved,gemma4,exposure,exposure,1999,1999,1137,862,0.568784392196098,681,0.34067033516758377,-0.22811405702851426,616,0.5417766051011433,160,0.18561484918793503,776,0.38819409704852426,19
exaone,retrieved,exaone,exposure,exposure,1998,1998,1173,825,0.5870870870870871,729,0.36486486486486486,-0.2222222222222222,620,0.5285592497868713,176,0.21333333333333335,796,0.3983983983983984,20
exaone,retrieved,gemma4,exposure,exposure,1998,1998,1173,825,0.5870870870870871,671,0.3358358358358358,-0.25125125125125125,646,0.5507246376811594,144,0.17454545454545456,790,0.3953953953953954,20
exaone,retrieved,exaone,exposure,exposure,1999,1999,1150,849,0.575287643821911,631,0.3156578289144572,-0.25962981490745374,659,0.5730434782608695,140,0.16489988221436985,799,0.3996998499249625,21
exaone,retrieved,gemma4,exposure,exposure,1999,1999,1150,849,0.575287643821911,612,0.3061530765382691,-0.2691345672836418,664,0.577391304347826,126,0.14840989399293286,790,0.3951975987993997,21
exaone,retrieved,exaone,exposure,exposure,2000,2000,1137,863,0.5685,626,0.313,-0.2555,649,0.5708003518029904,138,0.15990730011587487,787,0.3935,22
exaone,retrieved,gemma4,exposure,exposure,2000,2000,1137,863,0.5685,592,0.296,-0.2725,674,0.592788038698329,129,0.14947856315179606,803,0.4015,22
exaone,retrieved,exaone,exposure,exposure,1998,1998,1124,874,0.5625625625625625,647,0.3238238238238238,-0.23873873873873874,631,0.5613879003558719,154,0.17620137299771166,785,0.3928928928928929,23
exaone,retrieved,gemma4,exposure,exposure,1998,1998,1124,874,0.5625625625625625,614,0.3073073073073073,-0.2552552552552553,628,0.5587188612099644,118,0.13501144164759726,746,0.3733733733733734,23
exaone,random,exaone,exposure,exposure,1997,1997,1074,923,0.5378067100650976,444,0.22233350025037557,-0.3154732098147221,708,0.659217877094972,78,0.08450704225352113,786,0.39359038557836756,1
exaone,random,gemma4,exposure,exposure,1997,1997,1074,923,0.5378067100650976,510,0.2553830746119179,-0.2824236354531798,625,0.5819366852886406,61,0.06608884073672806,686,0.34351527290936407,1
exaone,random,exaone,exposure,exposure,1999,1999,1118,881,0.5592796398199099,457,0.22861430715357678,-0.3306653326663332,729,0.6520572450805009,68,0.0771850170261067,797,0.39869934967483744,2
exaone,random,gemma4,exposure,exposure,1999,1999,1118,881,0.5592796398199099,524,0.2621310655327664,-0.2971485742871436,652,0.5831842576028623,58,0.06583427922814983,710,0.3551775887943972,2
exaone,random,exaone,exposure,exposure,1997,1997,1125,872,0.5633450175262894,480,0.24036054081121683,-0.32298447671507263,711,0.632,66,0.07568807339449542,777,0.3890836254381572,3
exaone,random,gemma4,exposure,exposure,1997,1997,1125,872,0.5633450175262894,556,0.2784176264396595,-0.28492739108662996,630,0.56,61,0.06995412844036697,691,0.34601902854281424,3
exaone,random,exaone,exposure,exposure,1998,1998,1163,835,0.5820820820820821,422,0.21121121121121122,-0.3708708708708709,789,0.6784178847807395,48,0.05748502994011976,837,0.4189189189189189,4
exaone,random,gemma4,exposure,exposure,1998,1998,1163,835,0.5820820820820821,490,0.24524524524524524,-0.33683683683683685,718,0.6173688736027515,45,0.05389221556886228,763,0.3818818818818819,4
exaone,random,exaone,exposure,exposure,1998,1998,1141,857,0.571071071071071,462,0.23123123123123124,-0.33983983983983984,745,0.6529360210341806,66,0.07701283547257877,811,0.4059059059059059,5
exaone,random,gemma4,exposure,exposure,1998,1998,1141,857,0.571071071071071,522,0.26126126126126126,-0.3098098098098098,686,0.6012269938650306,67,0.07817969661610269,753,0.3768768768768769,5
exaone,random,exaone,exposure,exposure,1997,1997,1140,857,0.5708562844266399,465,0.2328492739108663,-0.33800701051577364,740,0.6491228070175439,65,0.07584597432905485,805,0.4031046569854782,6
exaone,random,gemma4,exposure,exposure,1997,1997,1140,857,0.5708562844266399,493,0.24687030545818728,-0.32398597896845266,700,0.6140350877192983,53,0.061843640606767794,753,0.3770655983975964,6
exaone,random,exaone,exposure,exposure,1996,1996,1162,834,0.5821643286573146,476,0.23847695390781562,-0.343687374749499,748,0.6437177280550774,62,0.07434052757793765,810,0.405811623246493,7
exaone,random,gemma4,exposure,exposure,1996,1996,1162,834,0.5821643286573146,553,0.2770541082164329,-0.30511022044088176,674,0.5800344234079173,65,0.07793764988009592,739,0.37024048096192386,7
exaone,random,exaone,exposure,exposure,1998,1998,1203,795,0.6021021021021021,499,0.24974974974974976,-0.35235235235235235,773,0.6425602660016625,69,0.08679245283018867,842,0.4214214214214214,8
exaone,random,gemma4,exposure,exposure,1998,1998,1203,795,0.6021021021021021,548,0.27427427427427425,-0.3278278278278278,705,0.5860349127182045,50,0.06289308176100629,755,0.37787787787787785,8
exaone,random,exaone,exposure,exposure,2000,2000,1175,825,0.5875,511,0.2555,-0.332,730,0.6212765957446809,66,0.08,796,0.398,9
exaone,random,gemma4,exposure,exposure,2000,2000,1175,825,0.5875,561,0.2805,-0.307,669,0.5693617021276596,55,0.06666666666666667,724,0.362,9
exaone,random,exaone,exposure,exposure,1998,1998,1090,908,0.5455455455455456,475,0.23773773773773774,-0.3078078078078078,704,0.6458715596330276,89,0.09801762114537445,793,0.3968968968968969,10
exaone,random,gemma4,exposure,exposure,1998,1998,1090,908,0.5455455455455456,525,0.2627627627627628,-0.2827827827827828,636,0.5834862385321101,71,0.07819383259911894,707,0.3538538538538539,10
exaone,random,exaone,exposure,exposure,1993,1993,1141,852,0.5725037631710989,442,0.2217762167586553,-0.3507275464124435,765,0.670464504820333,66,0.07746478873239436,831,0.41695935775213244,11
exaone,random,gemma4,exposure,exposure,1993,1993,1141,852,0.5725037631710989,522,0.26191670847967885,-0.31058705469141995,680,0.595968448729185,61,0.0715962441314554,741,0.37180130456598093,11
exaone,random,exaone,exposure,exposure,1998,1998,1162,836,0.5815815815815816,463,0.23173173173173173,-0.34984984984984985,766,0.6592082616179001,67,0.08014354066985646,833,0.4169169169169169,12
exaone,random,gemma4,exposure,exposure,1998,1998,1162,836,0.5815815815815816,547,0.27377377377377377,-0.3078078078078078,687,0.5912220309810671,72,0.0861244019138756,759,0.37987987987987987,12
exaone,random,exaone,exposure,exposure,2000,2000,1106,894,0.553,433,0.2165,-0.3365,724,0.6546112115732369,51,0.05704697986577181,775,0.3875,13
exaone,random,gemma4,exposure,exposure,2000,2000,1106,894,0.553,503,0.2515,-0.3015,658,0.5949367088607594,55,0.06152125279642058,713,0.3565,13
exaone,random,exaone,exposure,exposure,2000,2000,1142,858,0.571,458,0.229,-0.342,753,0.659369527145359,69,0.08041958041958042,822,0.411,14
exaone,random,gemma4,exposure,exposure,2000,2000,1142,858,0.571,515,0.2575,-0.3135,679,0.5945709281961471,52,0.06060606060606061,731,0.3655,14
exaone,random,exaone,exposure,exposure,1999,1999,1158,841,0.5792896448224112,476,0.2381190595297649,-0.3411705852926463,756,0.6528497409326425,74,0.08799048751486326,830,0.41520760380190097,15
exaone,random,gemma4,exposure,exposure,1999,1999,1158,841,0.5792896448224112,537,0.26863431715857927,-0.3106553276638319,674,0.5820379965457686,53,0.06302021403091558,727,0.36368184092046024,15
exaone,random,exaone,exposure,exposure,1998,1998,1159,839,0.58008008008008,441,0.22072072072072071,-0.35935935935935936,787,0.6790336496980155,69,0.08224076281287247,856,0.42842842842842843,16
exaone,random,gemma4,exposure,exposure,1998,1998,1159,839,0.58008008008008,526,0.26326326326326327,-0.31681681681681684,691,0.5962036238136325,58,0.06912991656734208,749,0.37487487487487486,16
exaone,random,exaone,exposure,exposure,1999,1999,1119,880,0.5597798899449725,461,0.2306153076538269,-0.3291645822911456,734,0.6559428060768543,76,0.08636363636363636,810,0.40520260130065033,17
exaone,random,gemma4,exposure,exposure,1999,1999,1119,880,0.5597798899449725,538,0.2691345672836418,-0.29064532266133064,661,0.5907059874888293,80,0.09090909090909091,741,0.3706853426713357,17
exaone,random,exaone,exposure,exposure,1999,1999,1115,884,0.5577788894447223,452,0.22611305652826413,-0.33166583291645824,735,0.6591928251121076,72,0.08144796380090498,807,0.40370185092546274,18
exaone,random,gemma4,exposure,exposure,1999,1999,1115,884,0.5577788894447223,552,0.27613806903451726,-0.2816408204102051,637,0.5713004484304933,74,0.083710407239819,711,0.35567783891945975,18
exaone,random,exaone,exposure,exposure,1996,1996,1133,863,0.5676352705410822,459,0.22995991983967937,-0.3376753507014028,752,0.6637246248896734,78,0.09038238702201622,830,0.41583166332665333,19
exaone,random,gemma4,exposure,exposure,1996,1996,1133,863,0.5676352705410822,567,0.28406813627254507,-0.2835671342685371,646,0.5701676963812886,80,0.09269988412514485,726,0.3637274549098196,19
exaone,random,exaone,exposure,exposure,1997,1997,1172,825,0.586880320480721,478,0.23935903855783675,-0.34752128192288434,754,0.643344709897611,60,0.07272727272727272,814,0.40761141712568855,20
exaone,random,gemma4,exposure,exposure,1997,1997,1172,825,0.586880320480721,536,0.2684026039058588,-0.3184777165748623,698,0.5955631399317406,62,0.07515151515151515,760,0.38057085628442666,20
exaone,random,exaone,exposure,exposure,1998,1998,1149,849,0.575075075075075,510,0.2552552552552553,-0.31981981981981983,716,0.6231505657093125,77,0.09069493521790342,793,0.3968968968968969,21
exaone,random,gemma4,exposure,exposure,1998,1998,1149,849,0.575075075075075,557,0.27877877877877877,-0.2962962962962963,654,0.5691906005221932,62,0.07302709069493522,716,0.35835835835835833,21
exaone,random,exaone,exposure,exposure,1995,1995,1132,863,0.5674185463659148,445,0.22305764411027568,-0.3443609022556391,765,0.6757950530035336,78,0.09038238702201622,843,0.42255639097744363,22
exaone,random,gemma4,exposure,exposure,1995,1995,1132,863,0.5674185463659148,534,0.26766917293233083,-0.29974937343358393,670,0.5918727915194346,72,0.08342989571263036,742,0.3719298245614035,22
exaone,random,exaone,exposure,exposure,1999,1999,1125,874,0.5627813906953477,453,0.22661330665332666,-0.33616808404202103,738,0.656,66,0.07551487414187644,804,0.40220110055027514,23
exaone,random,gemma4,exposure,exposure,1999,1999,1125,874,0.5627813906953477,547,0.2736368184092046,-0.2891445722861431,634,0.5635555555555556,56,0.06407322654462243,690,0.34517258629314657,23
gemma4,retrieved,exaone,exposure,exposure,2000,2000,1074,926,0.537,598,0.299,-0.238,617,0.574487895716946,141,0.15226781857451405,758,0.379,1
gemma4,retrieved,gemma4,exposure,exposure,2000,2000,1074,926,0.537,572,0.286,-0.251,615,0.5726256983240223,113,0.12203023758099352,728,0.364,1
gemma4,retrieved,exaone,exposure,exposure,2000,2000,1118,882,0.559,588,0.294,-0.265,682,0.6100178890876565,152,0.17233560090702948,834,0.417,2
gemma4,retrieved,gemma4,exposure,exposure,2000,2000,1118,882,0.559,621,0.3105,-0.2485,647,0.5787119856887298,150,0.17006802721088435,797,0.3985,2
gemma4,retrieved,exaone,exposure,exposure,2000,2000,1127,873,0.5635,630,0.315,-0.2485,651,0.577639751552795,154,0.1764032073310424,805,0.4025,3
gemma4,retrieved,gemma4,exposure,exposure,2000,2000,1127,873,0.5635,660,0.33,-0.2335,616,0.546583850931677,149,0.1706758304696449,765,0.3825,3
gemma4,retrieved,exaone,exposure,exposure,2000,2000,1165,835,0.5825,651,0.3255,-0.257,673,0.5776824034334764,159,0.19041916167664671,832,0.416,4
gemma4,retrieved,gemma4,exposure,exposure,2000,2000,1165,835,0.5825,681,0.3405,-0.242,622,0.5339055793991416,138,0.16526946107784432,760,0.38,4
gemma4,retrieved,exaone,exposure,exposure,2000,2000,1143,857,0.5715,638,0.319,-0.2525,650,0.5686789151356081,145,0.1691948658109685,795,0.3975,5
gemma4,retrieved,gemma4,exposure,exposure,2000,2000,1143,857,0.5715,641,0.3205,-0.251,619,0.5415573053368329,117,0.13652275379229872,736,0.368,5
gemma4,retrieved,exaone,exposure,exposure,2000,2000,1143,857,0.5715,632,0.316,-0.2555,660,0.5774278215223098,149,0.17386231038506417,809,0.4045,6
gemma4,retrieved,gemma4,exposure,exposure,2000,2000,1143,857,0.5715,630,0.315,-0.2565,633,0.5538057742782152,120,0.14002333722287047,753,0.3765,6
gemma4,retrieved,exaone,exposure,exposure,2000,2000,1165,835,0.5825,683,0.3415,-0.241,647,0.5553648068669528,165,0.19760479041916168,812,0.406,7
gemma4,retrieved,gemma4,exposure,exposure,2000,2000,1165,835,0.5825,681,0.3405,-0.242,612,0.5253218884120172,128,0.1532934131736527,740,0.37,7
gemma4,retrieved,exaone,exposure,exposure,2000,2000,1204,796,0.602,715,0.3575,-0.2445,652,0.5415282392026578,163,0.20477386934673367,815,0.4075,8
gemma4,retrieved,gemma4,exposure,exposure,2000,2000,1204,796,0.602,689,0.3445,-0.2575,653,0.542358803986711,138,0.17336683417085427,791,0.3955,8
gemma4,retrieved,exaone,exposure,exposure,2000,2000,1175,825,0.5875,662,0.331,-0.2565,664,0.5651063829787234,151,0.18303030303030304,815,0.4075,9
gemma4,retrieved,gemma4,exposure,exposure,2000,2000,1175,825,0.5875,651,0.3255,-0.262,657,0.5591489361702128,133,0.16121212121212122,790,0.395,9
gemma4,retrieved,exaone,exposure,exposure,2000,2000,1092,908,0.546,602,0.301,-0.245,641,0.586996336996337,151,0.16629955947136563,792,0.396,10
gemma4,retrieved,gemma4,exposure,exposure,2000,2000,1092,908,0.546,608,0.304,-0.242,610,0.5586080586080586,126,0.13876651982378854,736,0.368,10
gemma4,retrieved,exaone,exposure,exposure,2000,2000,1146,854,0.573,646,0.323,-0.25,658,0.5741710296684118,158,0.18501170960187355,816,0.408,11
gemma4,retrieved,gemma4,exposure,exposure,2000,2000,1146,854,0.573,629,0.3145,-0.2585,645,0.56282722513089,128,0.14988290398126464,773,0.3865,11
gemma4,retrieved,exaone,exposure,exposure,2000,2000,1163,837,0.5815,681,0.3405,-0.241,646,0.5554600171969045,164,0.1959378733572282,810,0.405,12
gemma4,retrieved,gemma4,exposure,exposure,2000,2000,1163,837,0.5815,663,0.3315,-0.25,635,0.5460017196904557,135,0.16129032258064516,770,0.385,12
gemma4,retrieved,exaone,exposure,exposure,2000,2000,1106,894,0.553,679,0.3395,-0.2135,601,0.5433996383363472,174,0.19463087248322147,775,0.3875,13
gemma4,retrieved,gemma4,exposure,exposure,2000,2000,1106,894,0.553,622,0.311,-0.242,600,0.5424954792043399,116,0.1297539149888143,716,0.358,13
gemma4,retrieved,exaone,exposure,exposure,2000,2000,1142,858,0.571,664,0.332,-0.239,629,0.5507880910683012,151,0.175990675990676,780,0.39,14
gemma4,retrieved,gemma4,exposure,exposure,2000,2000,1142,858,0.571,641,0.3205,-0.2505,638,0.5586690017513135,137,0.15967365967365968,775,0.3875,14
gemma4,retrieved,exaone,exposure,exposure,2000,2000,1159,841,0.5795,666,0.333,-0.2465,639,0.551337359792925,146,0.17360285374554102,785,0.3925,15
gemma4,retrieved,gemma4,exposure,exposure,2000,2000,1159,841,0.5795,676,0.338,-0.2415,614,0.5297670405522001,131,0.15576694411414982,745,0.3725,15
gemma4,retrieved,exaone,exposure,exposure,1999,1999,1158,841,0.5792896448224112,684,0.34217108554277137,-0.23711855927963982,642,0.5544041450777202,168,0.19976218787158145,810,0.40520260130065033,16
gemma4,retrieved,gemma4,exposure,exposure,1999,1999,1158,841,0.5792896448224112,653,0.3266633316658329,-0.2526263131565783,628,0.542314335060449,123,0.14625445897740785,751,0.375687843921961,16
gemma4,retrieved,exaone,exposure,exposure,1999,1999,1119,880,0.5597798899449725,686,0.34317158579289647,-0.21660830415207605,614,0.548704200178731,181,0.2056818181818182,795,0.39769884942471234,17
gemma4,retrieved,gemma4,exposure,exposure,1999,1999,1119,880,0.5597798899449725,660,0.33016508254127064,-0.22961480740370185,605,0.5406613047363718,146,0.16590909090909092,751,0.375687843921961,17
gemma4,retrieved,exaone,exposure,exposure,2000,2000,1116,884,0.558,592,0.296,-0.262,674,0.6039426523297491,150,0.16968325791855204,824,0.412,18
gemma4,retrieved,gemma4,exposure,exposure,2000,2000,1116,884,0.558,584,0.292,-0.266,659,0.5905017921146953,127,0.1436651583710407,786,0.393,18
gemma4,retrieved,exaone,exposure,exposure,2000,2000,1137,863,0.5685,758,0.379,-0.1895,578,0.5083553210202286,199,0.23059096176129779,777,0.3885,19
gemma4,retrieved,gemma4,exposure,exposure,2000,2000,1137,863,0.5685,697,0.3485,-0.22,598,0.5259454705364995,158,0.18308227114716108,756,0.378,19
gemma4,retrieved,exaone,exposure,exposure,2000,2000,1174,826,0.587,759,0.3795,-0.2075,596,0.5076660988074957,181,0.21912832929782083,777,0.3885,20
gemma4,retrieved,gemma4,exposure,exposure,2000,2000,1174,826,0.587,697,0.3485,-0.2385,622,0.5298126064735945,145,0.17554479418886199,767,0.3835,20
gemma4,retrieved,exaone,exposure,exposure,2000,2000,1151,849,0.5755,640,0.32,-0.2555,655,0.5690703735881842,144,0.1696113074204947,799,0.3995,21
gemma4,retrieved,gemma4,exposure,exposure,2000,2000,1151,849,0.5755,625,0.3125,-0.263,642,0.5577758470894874,116,0.13663133097762073,758,0.379,21
gemma4,retrieved,exaone,exposure,exposure,2000,2000,1137,863,0.5685,633,0.3165,-0.252,637,0.5602462620932278,133,0.1541135573580533,770,0.385,22
gemma4,retrieved,gemma4,exposure,exposure,2000,2000,1137,863,0.5685,596,0.298,-0.2705,675,0.5936675461741425,134,0.1552723059096176,809,0.4045,22
gemma4,retrieved,exaone,exposure,exposure,2000,2000,1125,875,0.5625,671,0.3355,-0.227,607,0.5395555555555556,153,0.17485714285714285,760,0.38,23
gemma4,retrieved,gemma4,exposure,exposure,2000,2000,1125,875,0.5625,652,0.326,-0.2365,595,0.5288888888888889,122,0.13942857142857143,717,0.3585,23
gemma4,random,exaone,exposure,exposure,2000,2000,1074,926,0.537,441,0.2205,-0.3165,701,0.6527001862197392,68,0.0734341252699784,769,0.3845,1
gemma4,random,gemma4,exposure,exposure,2000,2000,1074,926,0.537,522,0.261,-0.276,612,0.5698324022346368,60,0.06479481641468683,672,0.336,1
gemma4,random,exaone,exposure,exposure,2000,2000,1118,882,0.559,494,0.247,-0.312,696,0.6225402504472272,72,0.08163265306122448,768,0.384,2
gemma4,random,gemma4,exposure,exposure,2000,2000,1118,882,0.559,556,0.278,-0.281,625,0.5590339892665475,63,0.07142857142857142,688,0.344,2
gemma4,random,exaone,exposure,exposure,2000,2000,1127,873,0.5635,481,0.2405,-0.323,708,0.6282165039929015,62,0.07101947308132875,770,0.385,3
gemma4,random,gemma4,exposure,exposure,2000,2000,1127,873,0.5635,571,0.2855,-0.278,623,0.5527950310559007,67,0.07674684994272624,690,0.345,3
gemma4,random,exaone,exposure,exposure,2000,2000,1165,835,0.5825,430,0.215,-0.3675,784,0.672961373390558,49,0.058682634730538925,833,0.4165,4
gemma4,random,gemma4,exposure,exposure,2000,2000,1165,835,0.5825,526,0.263,-0.3195,688,0.590557939914163,49,0.058682634730538925,737,0.3685,4
gemma4,random,exaone,exposure,exposure,2000,2000,1143,857,0.5715,488,0.244,-0.3275,724,0.6334208223972003,69,0.08051341890315053,793,0.3965,5
gemma4,random,gemma4,exposure,exposure,2000,2000,1143,857,0.5715,561,0.2805,-0.291,650,0.5686789151356081,68,0.07934655775962661,718,0.359,5
gemma4,random,exaone,exposure,exposure,2000,2000,1143,857,0.5715,489,0.2445,-0.327,713,0.6237970253718286,59,0.06884480746791131,772,0.386,6
gemma4,random,gemma4,exposure,exposure,2000,2000,1143,857,0.5715,543,0.2715,-0.3,656,0.573928258967629,56,0.06534422403733955,712,0.356,6
gemma4,random,exaone,exposure,exposure,2000,2000,1165,835,0.5825,495,0.2475,-0.335,735,0.630901287553648,65,0.07784431137724551,800,0.4,7
gemma4,random,gemma4,exposure,exposure,2000,2000,1165,835,0.5825,580,0.29,-0.2925,647,0.5553648068669528,62,0.07425149700598803,709,0.3545,7
gemma4,random,exaone,exposure,exposure,2000,2000,1204,796,0.602,512,0.256,-0.346,754,0.6262458471760798,62,0.07788944723618091,816,0.408,8
gemma4,random,gemma4,exposure,exposure,2000,2000,1204,796,0.602,583,0.2915,-0.3105,671,0.5573089700996677,50,0.06281407035175879,721,0.3605,8
gemma4,random,exaone,exposure,exposure,2000,2000,1175,825,0.5875,531,0.2655,-0.322,713,0.6068085106382979,69,0.08363636363636363,782,0.391,9
gemma4,random,gemma4,exposure,exposure,2000,2000,1175,825,0.5875,605,0.3025,-0.285,629,0.5353191489361702,59,0.07151515151515152,688,0.344,9
gemma4,random,exaone,exposure,exposure,2000,2000,1092,908,0.546,488,0.244,-0.302,691,0.6327838827838828,87,0.09581497797356828,778,0.389,10
gemma4,random,gemma4,exposure,exposure,2000,2000,1092,908,0.546,554,0.277,-0.269,604,0.5531135531135531,66,0.07268722466960352,670,0.335,10
gemma4,random,exaone,exposure,exposure,1999,1999,1145,854,0.5727863931965983,475,0.23761880940470234,-0.33516758379189593,738,0.6445414847161572,68,0.07962529274004684,806,0.4032016008004002,11
gemma4,random,gemma4,exposure,exposure,1999,1999,1145,854,0.5727863931965983,544,0.272136068034017,-0.3006503251625813,666,0.5816593886462882,65,0.07611241217798595,731,0.36568284142071034,11
gemma4,random,exaone,exposure,exposure,2000,2000,1163,837,0.5815,493,0.2465,-0.335,738,0.6345657781599312,68,0.08124253285543608,806,0.403,12
gemma4,random,gemma4,exposure,exposure,2000,2000,1163,837,0.5815,566,0.283,-0.2985,667,0.5735167669819432,70,0.08363201911589008,737,0.3685,12
gemma4,random,exaone,exposure,exposure,2000,2000,1106,894,0.553,457,0.2285,-0.3245,702,0.6347197106690777,53,0.0592841163310962,755,0.3775,13
gemma4,random,gemma4,exposure,exposure,2000,2000,1106,894,0.553,527,0.2635,-0.2895,629,0.5687160940325497,50,0.05592841163310962,679,0.3395,13
gemma4,random,exaone,exposure,exposure,2000,2000,1142,858,0.571,469,0.2345,-0.3365,733,0.6418563922942206,60,0.06993006993006994,793,0.3965,14
gemma4,random,gemma4,exposure,exposure,2000,2000,1142,858,0.571,544,0.272,-0.299,654,0.5726795096322241,56,0.06526806526806526,710,0.355,14
gemma4,random,exaone,exposure,exposure,2000,2000,1159,841,0.5795,483,0.2415,-0.338,743,0.6410698878343399,67,0.07966706302021404,810,0.405,15
gemma4,random,gemma4,exposure,exposure,2000,2000,1159,841,0.5795,559,0.2795,-0.3,655,0.5651423641069888,55,0.06539833531510107,710,0.355,15
gemma4,random,exaone,exposure,exposure,2000,2000,1159,841,0.5795,459,0.2295,-0.35,767,0.6617773943054357,67,0.07966706302021404,834,0.417,16
gemma4,random,gemma4,exposure,exposure,2000,2000,1159,841,0.5795,545,0.2725,-0.307,686,0.5918895599654875,72,0.08561236623067776,758,0.379,16
gemma4,random,exaone,exposure,exposure,2000,2000,1120,880,0.56,488,0.244,-0.316,709,0.6330357142857143,77,0.0875,786,0.393,17
gemma4,random,gemma4,exposure,exposure,2000,2000,1120,880,0.56,586,0.293,-0.267,620,0.5535714285714286,86,0.09772727272727273,706,0.353,17
gemma4,random,exaone,exposure,exposure,2000,2000,1116,884,0.558,476,0.238,-0.32,716,0.6415770609318996,76,0.08597285067873303,792,0.396,18
gemma4,random,gemma4,exposure,exposure,2000,2000,1116,884,0.558,565,0.2825,-0.2755,619,0.5546594982078853,68,0.07692307692307693,687,0.3435,18
gemma4,random,exaone,exposure,exposure,1999,1999,1136,863,0.5682841420710355,475,0.23761880940470234,-0.3306653326663332,740,0.6514084507042254,79,0.09154113557358054,819,0.40970485242621313,19
gemma4,random,gemma4,exposure,exposure,1999,1999,1136,863,0.5682841420710355,593,0.29664832416208103,-0.27163581790895447,634,0.5580985915492958,91,0.10544611819235226,725,0.3626813406703352,19
gemma4,random,exaone,exposure,exposure,2000,2000,1174,826,0.587,482,0.241,-0.346,753,0.641396933560477,61,0.07384987893462469,814,0.407,20
gemma4,random,gemma4,exposure,exposure,2000,2000,1174,826,0.587,577,0.2885,-0.2985,663,0.5647359454855196,66,0.07990314769975787,729,0.3645,20
gemma4,random,exaone,exposure,exposure,2000,2000,1151,849,0.5755,535,0.2675,-0.308,693,0.6020851433536055,77,0.09069493521790342,770,0.385,21
gemma4,random,gemma4,exposure,exposure,2000,2000,1151,849,0.5755,582,0.291,-0.2845,631,0.5482189400521286,62,0.07302709069493522,693,0.3465,21
gemma4,random,exaone,exposure,exposure,2000,2000,1137,863,0.5685,459,0.2295,-0.339,758,0.6666666666666666,80,0.09269988412514485,838,0.419,22
gemma4,random,gemma4,exposure,exposure,2000,2000,1137,863,0.5685,561,0.2805,-0.288,647,0.5690413368513633,71,0.08227114716106605,718,0.359,22
gemma4,random,exaone,exposure,exposure,2000,2000,1125,875,0.5625,492,0.246,-0.3165,702,0.624,69,0.07885714285714286,771,0.3855,23
gemma4,random,gemma4,exposure,exposure,2000,2000,1125,875,0.5625,558,0.279,-0.2835,620,0.5511111111111111,53,0.060571428571428575,673,0.3365,23
