translator,selection,judge,weighting,unit,n,unique_ids,source_hate_n,source_non_hate_n,source_hate_rate,judged_hate_n,judged_hate_rate,hate_prevalence_delta,hate_to_non_hate_n,hate_to_non_hate_rate,non_hate_to_hate_n,non_hate_to_hate_rate,changed_n,changed_rate
exaone,retrieved,exaone,exposure,exposure,45949,23615,26219,19730,0.5706108946875884,14815,0.32242268602145857,-0.24818820866612984,15036,0.57347724932301,3632,0.18408514951849975,18668,0.4062765239722301
exaone,retrieved,exaone,unique,unique,23615,23615,13175,10440,0.5579081092525937,6434,0.27245394876138046,-0.2854541604912132,8210,0.6231499051233397,1469,0.1407088122605364,9679,0.40986661020537796
exaone,retrieved,gemma4,exposure,exposure,45949,23615,26219,19730,0.5706108946875884,14147,0.3078848288319659,-0.2627260658556225,15086,0.5753842633204928,3014,0.15276229092752155,18100,0.39391499270930813
exaone,retrieved,gemma4,unique,unique,23615,23615,13175,10440,0.5579081092525937,6708,0.2840567435951726,-0.27385136565742113,7732,0.5868690702087287,1265,0.12116858237547892,8997,0.3809866610205378
exaone,random,exaone,exposure,exposure,45949,39435,26204,19745,0.5702844457986028,10662,0.23203987029097478,-0.33824457550762804,17122,0.6534116928713174,1580,0.08002025829323879,18702,0.40701647478726416
exaone,random,exaone,unique,unique,39435,39435,21762,17673,0.5518448079117535,8953,0.22703182452136428,-0.3248129833903892,14227,0.653754250528444,1418,0.08023538731398178,15645,0.39672879421833396
exaone,random,gemma4,exposure,exposure,45949,39435,26204,19745,0.5702844457986028,12263,0.2668828483753727,-0.3034015974232301,15364,0.586322698824607,1423,0.0720688781970119,16787,0.365339833293434
exaone,random,gemma4,unique,unique,39435,39435,21762,17673,0.5518448079117535,10256,0.2600735387346266,-0.2917712691771269,12777,0.5871243451888614,1271,0.07191761444010637,14048,0.35623177380499554
gemma4,retrieved,exaone,exposure,exposure,45998,23633,26239,19759,0.570437845123701,15158,0.3295360667855124,-0.24090177833818863,14713,0.5607302107549831,3632,0.18381497039323852,18345,0.39882168789947386
gemma4,retrieved,exaone,unique,unique,23633,23633,13186,10447,0.5579486311513562,6700,0.2835018829602674,-0.2744467481910887,7992,0.6060973760048536,1506,0.14415621709581697,9498,0.4018956543815851
gemma4,retrieved,gemma4,exposure,exposure,45998,23633,26239,19759,0.570437845123701,14829,0.322383581894865,-0.24805426322883603,14440,0.5503258508327299,3030,0.15334784148995395,17470,0.37979912170094354
gemma4,retrieved,gemma4,unique,unique,23633,23633,13186,10447,0.5579486311513562,7049,0.2982693691025261,-0.25967926204883,7460,0.5657515546792052,1323,0.12663922657222168,8783,0.3716413489611983
gemma4,random,exaone,exposure,exposure,45998,39473,26239,19759,0.570437845123701,11092,0.2411409191703987,-0.32929692595330234,16711,0.6368764053508137,1564,0.07915380333012804,18275,0.39729988260359145
gemma4,random,exaone,unique,unique,39473,39473,21789,17684,0.5519975679578446,9308,0.2358067539837357,-0.31619081397410886,13891,0.637523521042728,1410,0.07973309206061976,15301,0.38763205228890635
gemma4,random,gemma4,exposure,exposure,45998,39473,26239,19759,0.570437845123701,12908,0.28062089656072003,-0.289816948562981,14796,0.563893441061016,1465,0.07414342831114935,16261,0.3535153702334884
gemma4,random,gemma4,unique,unique,39473,39473,21789,17684,0.5519975679578446,10754,0.27243938894940845,-0.27955817900843616,12342,0.5664326036073248,1307,0.07390861795973762,13649,0.3457806601981101
