translator,selection,judge,weighting,unit,source_label,judged_label,count,all_rows_denominator,all_rows_rate,source_label_denominator,source_label_rate
exaone,retrieved,exaone,exposure,exposure,non-hate,non-hate,16098,45949,0.35034494765936147,19730,0.8159148504815003
exaone,retrieved,exaone,exposure,exposure,non-hate,hate,3632,45949,0.07904415765305012,19730,0.18408514951849975
exaone,retrieved,exaone,exposure,exposure,hate,non-hate,15036,45949,0.32723236631917996,26219,0.57347724932301
exaone,retrieved,exaone,exposure,exposure,hate,hate,11183,45949,0.24337852836840845,26219,0.42652275067698997
exaone,retrieved,exaone,unique,unique,non-hate,non-hate,8971,23615,0.37988566589032396,10440,0.8592911877394636
exaone,retrieved,exaone,unique,unique,non-hate,hate,1469,23615,0.06220622485708236,10440,0.1407088122605364
exaone,retrieved,exaone,unique,unique,hate,non-hate,8210,23615,0.3476603853482956,13175,0.6231499051233397
exaone,retrieved,exaone,unique,unique,hate,hate,4965,23615,0.2102477239042981,13175,0.3768500948766603
exaone,retrieved,gemma4,exposure,exposure,non-hate,non-hate,16716,45949,0.36379464188556876,19730,0.8472377090724784
exaone,retrieved,gemma4,exposure,exposure,non-hate,hate,3014,45949,0.0655944634268428,19730,0.15276229092752155
exaone,retrieved,gemma4,exposure,exposure,hate,non-hate,15086,45949,0.32832052928246536,26219,0.5753842633204928
exaone,retrieved,gemma4,exposure,exposure,hate,hate,11133,45949,0.24229036540512308,26219,0.42461573667950725
exaone,retrieved,gemma4,unique,unique,non-hate,non-hate,9175,23615,0.388524243065848,10440,0.8788314176245211
exaone,retrieved,gemma4,unique,unique,non-hate,hate,1265,23615,0.053567647681558334,10440,0.12116858237547892
exaone,retrieved,gemma4,unique,unique,hate,non-hate,7732,23615,0.32741901333897944,13175,0.5868690702087287
exaone,retrieved,gemma4,unique,unique,hate,hate,5443,23615,0.23048909591361422,13175,0.41313092979127136
exaone,random,exaone,exposure,exposure,non-hate,non-hate,18165,45949,0.3953296045615791,19745,0.9199797417067612
exaone,random,exaone,exposure,exposure,non-hate,hate,1580,45949,0.03438594963981806,19745,0.08002025829323879
exaone,random,exaone,exposure,exposure,hate,non-hate,17122,45949,0.3726305251474461,26204,0.6534116928713174
exaone,random,exaone,exposure,exposure,hate,hate,9082,45949,0.19765392065115672,26204,0.34658830712868266
exaone,random,exaone,unique,unique,non-hate,non-hate,16255,39435,0.41219728667427413,17673,0.9197646126860182
exaone,random,exaone,unique,unique,non-hate,hate,1418,39435,0.03595790541397236,17673,0.08023538731398178
exaone,random,exaone,unique,unique,hate,non-hate,14227,39435,0.3607708888043616,21762,0.653754250528444
exaone,random,exaone,unique,unique,hate,hate,7535,39435,0.1910739191073919,21762,0.3462457494715559
exaone,random,gemma4,exposure,exposure,non-hate,non-hate,18322,45949,0.39874643626629525,19745,0.9279311218029881
exaone,random,gemma4,exposure,exposure,non-hate,hate,1423,45949,0.030969117935101962,19745,0.0720688781970119
exaone,random,gemma4,exposure,exposure,hate,non-hate,15364,45949,0.33437071535833207,26204,0.586322698824607
exaone,random,gemma4,exposure,exposure,hate,hate,10840,45949,0.23591373044027072,26204,0.4136773011753931
exaone,random,gemma4,unique,unique,non-hate,non-hate,16402,39435,0.41592493977431216,17673,0.9280823855598936
exaone,random,gemma4,unique,unique,non-hate,hate,1271,39435,0.032230252313934324,17673,0.07191761444010637
exaone,random,gemma4,unique,unique,hate,non-hate,12777,39435,0.32400152149106126,21762,0.5871243451888614
exaone,random,gemma4,unique,unique,hate,hate,8985,39435,0.22784328642069226,21762,0.4128756548111387
gemma4,retrieved,exaone,exposure,exposure,non-hate,non-hate,16127,45998,0.35060220009565635,19759,0.8161850296067614
gemma4,retrieved,exaone,exposure,exposure,non-hate,hate,3632,45998,0.07895995478064263,19759,0.18381497039323852
gemma4,retrieved,exaone,exposure,exposure,hate,non-hate,14713,45998,0.31986173311883126,26239,0.5607302107549831
gemma4,retrieved,exaone,exposure,exposure,hate,hate,11526,45998,0.2505761120048698,26239,0.439269789245017
gemma4,retrieved,exaone,unique,unique,non-hate,non-hate,8941,23633,0.37832691575339567,10447,0.8558437829041831
gemma4,retrieved,exaone,unique,unique,non-hate,hate,1506,23633,0.06372445309524817,10447,0.14415621709581697
gemma4,retrieved,exaone,unique,unique,hate,non-hate,7992,23633,0.3381712012863369,13186,0.6060973760048536
gemma4,retrieved,exaone,unique,unique,hate,hate,5194,23633,0.21977742986501925,13186,0.39390262399514636
gemma4,retrieved,gemma4,exposure,exposure,non-hate,non-hate,16729,45998,0.3636897256402452,19759,0.846652158510046
gemma4,retrieved,gemma4,exposure,exposure,non-hate,hate,3030,45998,0.06587242923605374,19759,0.15334784148995395
gemma4,retrieved,gemma4,exposure,exposure,hate,non-hate,14440,45998,0.3139266924648898,26239,0.5503258508327299
gemma4,retrieved,gemma4,exposure,exposure,hate,hate,11799,45998,0.25651115265881125,26239,0.4496741491672701
gemma4,retrieved,gemma4,unique,unique,non-hate,non-hate,9124,23633,0.3860703253924597,10447,0.8733607734277783
gemma4,retrieved,gemma4,unique,unique,non-hate,hate,1323,23633,0.05598104345618415,10447,0.12663922657222168
gemma4,retrieved,gemma4,unique,unique,hate,non-hate,7460,23633,0.31566030550501417,13186,0.5657515546792052
gemma4,retrieved,gemma4,unique,unique,hate,hate,5726,23633,0.24228832564634198,13186,0.43424844532079476
gemma4,random,exaone,exposure,exposure,non-hate,non-hate,18195,45998,0.3955606765511544,19759,0.920846196669872
gemma4,random,exaone,exposure,exposure,non-hate,hate,1564,45998,0.03400147832514457,19759,0.07915380333012804
gemma4,random,exaone,exposure,exposure,hate,non-hate,16711,45998,0.3632984042784469,26239,0.6368764053508137
gemma4,random,exaone,exposure,exposure,hate,hate,9528,45998,0.20713944084525415,26239,0.3631235946491863
gemma4,random,exaone,unique,unique,non-hate,non-hate,16274,39473,0.4122818128847567,17684,0.9202669079393803
gemma4,random,exaone,unique,unique,non-hate,hate,1410,39473,0.03572061915739873,17684,0.07973309206061976
gemma4,random,exaone,unique,unique,hate,non-hate,13891,39473,0.35191143313150763,21789,0.637523521042728
gemma4,random,exaone,unique,unique,hate,hate,7898,39473,0.200086134826337,21789,0.36247647895727203
gemma4,random,gemma4,exposure,exposure,non-hate,non-hate,18294,45998,0.39771294404104524,19759,0.9258565716888506
gemma4,random,gemma4,exposure,exposure,non-hate,hate,1465,45998,0.03184921083525371,19759,0.07414342831114935
gemma4,random,gemma4,exposure,exposure,hate,non-hate,14796,45998,0.32166615939823473,26239,0.563893441061016
gemma4,random,gemma4,exposure,exposure,hate,hate,11443,45998,0.24877168572546632,26239,0.436106558938984
gemma4,random,gemma4,unique,unique,non-hate,non-hate,16377,39473,0.4148911914473184,17684,0.9260913820402624
gemma4,random,gemma4,unique,unique,non-hate,hate,1307,39473,0.03311124059483698,17684,0.07390861795973762
gemma4,random,gemma4,unique,unique,hate,non-hate,12342,39473,0.3126694196032731,21789,0.5664326036073248
gemma4,random,gemma4,unique,unique,hate,hate,9447,39473,0.23932814835457147,21789,0.4335673963926752
