rater,family,n,hate,non_hate,unclear,source_agreement,exaone_agreement,gemma_agreement,exaone_gain_pp,gemma_gain_pp
Human 1,Human,300,30,241,29,157,204,211,15.666666666666668,18.0
Human 2,Human,300,104,162,34,195,219,226,8.0,10.333333333333334
Human 3,Human,300,52,216,32,175,221,230,15.333333333333332,18.333333333333332
Human 4,Human,300,81,197,22,200,225,255,8.333333333333332,18.333333333333332
Sol 6 Exhigh,GPT,300,63,227,10,187,243,261,18.666666666666668,24.666666666666668
Astra Exhigh,GPT,300,70,207,23,186,233,255,15.666666666666668,23.0
3.8 Flash,Gemini,300,105,188,7,213,229,257,5.333333333333334,14.666666666666666
3.1 Pro,Gemini,300,100,189,11,210,233,261,7.666666666666666,17.0
V4 Pro,DeepSeek,300,110,174,16,204,219,247,5.0,14.333333333333334
