model,contrast,primary,n,mean,sd,ci_low,ci_high,p_raw,p_holm_4
kcelectra,L-P,True,23,0.17319590290766573,0.06462288789821932,0.14525087061643044,0.20114093519890103,1.051114620948909e-11,2.102229241897818e-11
kcelectra,L-W,True,23,0.08792244376002648,0.031037650579600666,0.07450075717342443,0.10134413034662852,3.541099202247012e-12,1.0623297606741036e-11
kcelectra,L-S,False,23,0.08978214238645195,0.03563024496638162,0.07437446906027127,0.10518981571263263,,
kcelectra,P-S,False,23,-0.08341376052121374,0.057331016768171095,-0.10820555127806165,-0.05862196976436583,,
kcelectra,W-S,False,23,0.0018596986264254806,0.03662439241697918,-0.013977876295192301,0.017697273548043263,,
xlmr,L-P,True,23,0.28776844108800964,0.00706117933189292,0.284714958167922,0.29082192400809725,3.8650251602922245e-37,1.5460100641168898e-36
xlmr,L-W,True,23,0.06912556602890815,0.06094189519018913,0.04277231435032079,0.09547881770749551,1.828679888836237e-05,1.828679888836237e-05
xlmr,L-S,False,23,0.06561584064701327,0.01957971152899426,0.057148938459160206,0.07408274283486634,,
xlmr,P-S,False,23,-0.22215260044099647,0.018726802508161507,-0.2302506771104636,-0.21405452377152934,,
xlmr,W-S,False,23,-0.0035097253818948708,0.06796469901787311,-0.032899865168125084,0.025880414404335344,,
