model,arm,repeat,macro_f1,mcc,balanced_accuracy,non_hate_recall,hate_recall,predicted_hate_rate,tn,fp,fn,tp
kcelectra,S,1,0.6338056889387513,0.2678461874697306,0.6352443628128001,0.7542285630239741,0.516260162601626,0.3322996899069721,5128,1671,1547,1651
kcelectra,L,1,0.7089197800886123,0.4414880061881399,0.7350327702423958,0.708339461685542,0.7617260787992496,0.4420326097829349,4816,1983,762,2436
kcelectra,P,1,0.45774339975625095,0.030755420301063114,0.5079874850079579,0.9424915428739521,0.07348342714196372,0.0626187856356907,6408,391,2963,235
kcelectra,W,1,0.6680758546115662,0.3576252721152373,0.6902960980632016,0.6817178996911311,0.698874296435272,0.44003200960288086,4635,2164,963,2235
kcelectra,S,2,0.639529083063894,0.2935978828253474,0.6553668820259315,0.6787762906309751,0.631957473420888,0.4206261878563569,4615,2184,1177,2021
kcelectra,L,2,0.7273301258372997,0.4637976123141413,0.742883338893692,0.7618767465803795,0.7238899312070044,0.393518055416625,5180,1619,883,2315
kcelectra,P,2,0.6027307332989967,0.24394637368039185,0.6307306072031157,0.5922929842623915,0.6691682301438399,0.4913474042212664,4027,2772,1058,2140
kcelectra,W,2,0.6279869115544296,0.3115975841379886,0.6668487235688654,0.5847918811589939,0.7489055659787367,0.5219565869760928,3976,2823,803,2395
kcelectra,S,3,0.6268954188815865,0.2712271806256302,0.6207073134858426,0.8558611560523607,0.38555347091932457,0.2213664099229769,5819,980,1965,1233
kcelectra,L,3,0.6874790890480118,0.4246609742931374,0.7276078978615936,0.6437711428151198,0.8114446529080676,0.50185055516655,4377,2422,603,2595
kcelectra,P,3,0.40479876160990713,0.0,0.5,1.0,0.0,0.0,6799,0,3198,0
kcelectra,W,3,0.6139967177748432,0.3122938549516341,0.6656834398171898,0.5349316075893513,0.7964352720450282,0.5710713213964189,3637,3162,651,2547
kcelectra,S,4,0.6145649461850113,0.2313215991097528,0.6116367543290082,0.7889395499338138,0.4343339587242026,0.2824847454236271,5364,1435,1809,1389
kcelectra,L,4,0.7279472254362938,0.4593606943704218,0.7370096869817058,0.7870275040447124,0.6869918699186992,0.36460938281484445,5351,1448,1001,2197
kcelectra,P,4,0.46195729922901385,0.12938124284874766,0.5233544029071707,0.9857331960582438,0.06097560975609756,0.029208762628788635,6702,97,3003,195
kcelectra,W,4,0.6046678748443723,0.2522860694799908,0.6018352770672876,0.8941020738343874,0.30956848030018763,0.17105131539461838,6079,720,2208,990
kcelectra,S,5,0.6095090392837634,0.24113214806581965,0.6049798691103545,0.8588027651125165,0.3511569731081926,0.2083625087526258,5839,960,2075,1123
kcelectra,L,5,0.7135037261410884,0.4362595745132873,0.7285938152071623,0.751434034416826,0.7057535959974984,0.3948184455336601,5109,1690,941,2257
kcelectra,P,5,0.5878783138796617,0.20069443959761796,0.6072099914262858,0.6093543168112958,0.6050656660412758,0.4592377713313994,4143,2656,1263,1935
kcelectra,W,5,0.6275141416436955,0.2902481684756408,0.6554455043006086,0.6192087071628181,0.691682301438399,0.4802440732219666,4210,2589,986,2212
kcelectra,S,6,0.5575525853783346,0.16318442468970004,0.5634311358557033,0.8848360052948963,0.24202626641651032,0.15574672401720516,6016,783,2424,774
kcelectra,L,6,0.7139653080271605,0.4287953373039125,0.7180799543691863,0.7973231357552581,0.6388367729831145,0.34220266079823947,5421,1378,1155,2043
kcelectra,P,6,0.46500235532488443,0.04810334847392856,0.51263158020608,0.94396234740403,0.08130081300813008,0.06411923577073123,6418,381,2938,260
kcelectra,W,6,0.5670337890687775,0.18305305945307845,0.57126586047446,0.8892484188851302,0.25328330206378985,0.15634690407122137,6046,753,2388,810
kcelectra,S,7,0.6292208215897996,0.3084709205944651,0.6652921221078663,0.5944991910575085,0.7360850531582239,0.5112533760128039,4042,2757,844,2354
kcelectra,L,7,0.6861660960152887,0.43459020937124254,0.7326615463536603,0.6247977643771143,0.8405253283302064,0.5240572171651495,4248,2551,510,2688
kcelectra,P,7,0.5716933030850224,0.1868060948237772,0.6001133595686596,0.5566995146345051,0.6435272045028143,0.5073522056616985,3785,3014,1140,2058
kcelectra,W,7,0.6161765821508333,0.3462085302067807,0.6810491619403618,0.5062509192528313,0.8558474046278924,0.6095828748624588,3442,3357,461,2737
kcelectra,S,8,0.6264558845597742,0.2763684932486786,0.6473922516104114,0.6440653037211355,0.6507191994996873,0.45023507052115636,4379,2420,1117,2081
kcelectra,L,8,0.7072449736355094,0.450232351841968,0.7409156894186975,0.6828945433151934,0.7989368355222014,0.47124137241172354,4643,2156,643,2555
kcelectra,P,8,0.48446966979736455,0.05292939158668931,0.5167866030035503,0.9138108545374319,0.11976235146966854,0.09692907872361708,6213,586,2815,383
kcelectra,W,8,0.5732145153863775,0.2603015463337891,0.6354602003881489,0.46698043829974994,0.8039399624765479,0.6196859057717315,3175,3624,627,2571
kcelectra,S,9,0.5818557554284377,0.19456876978304252,0.5813330989612293,0.8649801441388439,0.29768605378361473,0.18705611683505052,5881,918,2246,952
kcelectra,L,9,0.7238285559899382,0.46477615419641743,0.7460626084419397,0.7354022650389763,0.756722951844903,0.4220266079823947,5000,1799,778,2420
kcelectra,P,9,0.5819412526039586,0.20363236266747953,0.5824054111257395,0.8805706721576703,0.28424015009380865,0.1721516454936481,5987,812,2289,909
kcelectra,W,9,0.6484816640167198,0.30015889247278266,0.6549767600926487,0.7333431386968672,0.5766103814884302,0.3658097429228769,4986,1813,1354,1844
kcelectra,S,10,0.6282092166756561,0.25898173191235735,0.6333938993897955,0.7236358287983528,0.5431519699812383,0.3617085125537661,4920,1879,1461,1737
kcelectra,L,10,0.6826191415234912,0.4268018217128484,0.7285050288361392,0.6227386380350052,0.8342714196372732,0.5234570371111333,4234,2565,530,2668
kcelectra,P,10,0.5815400911938473,0.17876399497135242,0.5795573715407694,0.8295337549639653,0.32958098811757347,0.2213664099229769,5640,1159,2144,1054
kcelectra,W,10,0.5525654832009363,0.2707432763707777,0.6352817308140724,0.40564788939549934,0.8649155722326454,0.6809042712813844,2758,4041,432,2766
kcelectra,S,11,0.625274512365492,0.25431373275353986,0.6316857333156358,0.713340197087807,0.5500312695434647,0.37091127338201463,4850,1949,1439,1759
kcelectra,L,11,0.7188577312234422,0.444099234804451,0.7312481390735366,0.7664362406236211,0.6960600375234521,0.3815144543363009,5211,1588,972,2226
kcelectra,P,11,0.5842358199299251,0.1892397950797573,0.6008622143141567,0.6172966612737167,0.5844277673545967,0.4472341702510753,4197,2602,1329,1869
kcelectra,W,11,0.6402247537772396,0.29884669900906174,0.6587539176612534,0.6680394175614061,0.6494684177611006,0.4335300590177053,4542,2257,1121,2077
kcelectra,S,12,0.6078333862101328,0.2158279300275457,0.6069534974655527,0.7589351375202236,0.4549718574108818,0.3094928478543563,5160,1639,1743,1455
kcelectra,L,12,0.6913299151274167,0.43428747801097967,0.732758105268948,0.6440653037211355,0.8214509068167605,0.504851455436631,4379,2420,571,2627
kcelectra,P,12,0.5078031009856478,0.20215313546286232,0.5979741162318227,0.34916899544050595,0.8467792370231395,0.7135140542162649,2374,4425,490,2708
kcelectra,W,12,0.595334615728009,0.3016078994985871,0.657637660727247,0.49007206942197384,0.8252032520325203,0.6107832349704911,3332,3467,559,2639
kcelectra,S,13,0.6305257346776552,0.27084501506386144,0.624795671769043,0.8352698926312693,0.41432145090681677,0.24457337201160348,5679,1120,1873,1325
kcelectra,L,13,0.7080087595173961,0.45079707220130777,0.7411542467388198,0.6852478305633182,0.7970606629143214,0.4690407122136641,4659,2140,649,2549
kcelectra,P,13,0.6027397624811363,0.20729967722008444,0.6063944721665191,0.7121635534637447,0.5006253908692934,0.3559067720316095,4842,1957,1597,1601
kcelectra,W,13,0.664988536372595,0.34195184417708496,0.6802195923121166,0.7062803353434328,0.6541588492808005,0.4090227068120436,4802,1997,1106,2092
kcelectra,S,14,0.6392484365912933,0.28550569249386304,0.6335801415081367,0.8293866745109575,0.4377736085053158,0.2560768230469141,5639,1160,1798,1400
kcelectra,L,14,0.6836221376888199,0.4351985405822535,0.73272821086793,0.6152375349316076,0.8502188868042526,0.5336600980294088,4183,2616,479,2719
kcelectra,P,14,0.5833339015922185,0.23046063404201841,0.6230283147808681,0.5340491248713046,0.7120075046904315,0.544663399019706,3631,3168,921,2277
kcelectra,W,14,0.630529414858119,0.33415284485050106,0.678166145906201,0.5630239741138403,0.7933083176985616,0.5509652895868761,3828,2971,661,2537
kcelectra,S,15,0.5801900824431446,0.19511671273853132,0.580347480559671,0.8714516840711869,0.2892432770481551,0.17995398619585876,5925,874,2273,925
kcelectra,L,15,0.7183653388854329,0.4439176195055253,0.7315985014534658,0.7627592292984262,0.7004377736085053,0.3854156246874062,5186,1613,958,2240
kcelectra,P,15,0.5606803963851981,0.1397996853170556,0.5744331722623006,0.6050889836740697,0.5437773608505316,0.4425327598279484,4114,2685,1459,1739
kcelectra,W,15,0.6459417824184643,0.2965768657437437,0.6539860596429173,0.7226062656272981,0.5853658536585366,0.37591277383214966,4913,1886,1326,1872
kcelectra,S,16,0.6159633767573593,0.2507559646695474,0.6107566631630429,0.8540961906162671,0.36741713570981865,0.21676502950885265,5807,992,2023,1175
kcelectra,L,16,0.7085208788891311,0.4193159965832707,0.7029028659164368,0.844830122076776,0.5609756097560976,0.28498549564869463,5744,1055,1404,1794
kcelectra,P,16,0.5561330055165512,0.1848657409112164,0.5660818723939556,0.9148404177084866,0.21732332707942464,0.12743823146944083,6220,579,2503,695
kcelectra,W,16,0.6599224013660646,0.3214712771548064,0.6645919952360282,0.7531989998529195,0.575984990619137,0.35210563168950687,5121,1678,1356,1842
kcelectra,S,17,0.5707270151488214,0.17231767702848053,0.5717785494519161,0.8605677305486101,0.28298936835522204,0.1853556066820046,5851,948,2293,905
kcelectra,L,17,0.7309585736076073,0.4634903503944291,0.7369325594270798,0.8018826297984998,0.6719824890556598,0.349704911473442,5452,1347,1049,2149
kcelectra,P,17,0.4241453989421476,0.013192679130114399,0.5020280361650505,0.9802912192969554,0.023764853033145718,0.02100630189056717,6665,134,3122,76
kcelectra,W,17,0.5816036238564024,0.20662402534779692,0.582542028538391,0.8861597293719665,0.2789243277048155,0.16664999499849956,6025,774,2306,892
kcelectra,S,18,0.6199568016695823,0.24400353775043213,0.6160659087838121,0.8046771584056479,0.4274546591619762,0.26958087426227867,5471,1328,1831,1367
kcelectra,L,18,0.7195626756477895,0.45949963597444676,0.743996008499576,0.7240770701573761,0.7639149468417761,0.4320296088826648,4923,1876,755,2443
kcelectra,P,18,0.4760408692654472,0.04163822294871941,0.5127110993127875,0.9191057508457126,0.10631644777986242,0.08902670801240373,6249,550,2858,340
kcelectra,W,18,0.6495207616650014,0.3117701660773249,0.6645606061149595,0.6921606118546845,0.6369606003752345,0.41312393718115437,4706,2093,1161,2037
kcelectra,S,19,0.6067684305154352,0.23220986559462947,0.6024621626566317,0.8493896161200176,0.35553470919324576,0.21616484945483644,5775,1024,2061,1137
kcelectra,L,19,0.7222148888343631,0.45913576194808703,0.7424561479031468,0.7406971613472569,0.7442151344590369,0.41442432729818945,5036,1763,818,2380
kcelectra,P,19,0.5264405471280023,0.14408645229830158,0.547115070724174,0.9263126930430946,0.16791744840525327,0.10383114934480345,6298,501,2661,537
kcelectra,W,19,0.6343841439577992,0.2993705066170762,0.6601323484921862,0.6342109133696132,0.6860537836147592,0.4682404721416425,4312,2487,1004,2194
kcelectra,S,20,0.676218160981211,0.3554424093920239,0.683252379295377,0.7539344021179585,0.6125703564727955,0.36330899269780936,5126,1673,1239,1959
kcelectra,L,20,0.7278504234742393,0.46267378367768147,0.7412074587726316,0.7704074128548316,0.7120075046904315,0.38391517455236573,5238,1561,921,2277
kcelectra,P,20,0.5878544485267096,0.18417840356631016,0.5967221387171954,0.6618620385350786,0.5315822388993121,0.40002000600180054,4500,2299,1498,1700
kcelectra,W,20,0.6518037435623854,0.3146381474811154,0.6656532464721617,0.699661714958082,0.6316447779862414,0.40632189656897066,4757,2042,1178,2020
kcelectra,S,21,0.6178707202381983,0.23815960661973776,0.6147260417301923,0.7926165612590087,0.43683552220137584,0.28078423527058116,5389,1410,1801,1397
kcelectra,L,21,0.7083894013918011,0.44895510895941854,0.7399758094506963,0.690395646418591,0.7895559724828017,0.46313894168250475,4694,2105,673,2525
kcelectra,P,21,0.5852833156835572,0.2582011590320267,0.6365178642961602,0.5053684365347846,0.7676672920575359,0.5819745923777133,3436,3363,743,2455
kcelectra,W,21,0.6174864011802879,0.31613943599837635,0.6679718562151058,0.5416973084277099,0.7942464040025016,0.5657697309192757,3683,3116,658,2540
kcelectra,S,22,0.6570605784617014,0.3153921089589823,0.6537821798279757,0.8060008824827181,0.5015634771732332,0.29238771631489446,5480,1319,1594,1604
kcelectra,L,22,0.714469623427245,0.44270818395536154,0.7335634604323686,0.7376084718340933,0.7295184490306441,0.4118235470641192,5015,1784,865,2333
kcelectra,P,22,0.5828453923950452,0.20988642948759423,0.5836636664645805,0.8877776143550522,0.2795497185741088,0.16574972491747525,6036,763,2304,894
kcelectra,W,22,0.6185678033255233,0.3078033712854835,0.6641701852376665,0.5556699514634506,0.7726704190118824,0.5493648094428328,3778,3021,727,2471
kcelectra,S,23,0.6611850917165626,0.3232099987679476,0.6644610577595701,0.7623179879394029,0.5666041275797373,0.34290287086125837,5183,1616,1386,1812
kcelectra,L,23,0.6902556731926153,0.43659607065533684,0.7339278731807762,0.6367112810707457,0.8311444652908068,0.5129538861658498,4329,2470,540,2658
kcelectra,P,23,0.5606131371631888,0.2226877577473378,0.6165971322898992,0.46771584056478893,0.7654784240150094,0.6068820646193858,3180,3619,750,2448
kcelectra,W,23,0.609172319848942,0.31304586667855394,0.6652457857862886,0.5190469186645095,0.8114446529080676,0.5866760028008402,3529,3270,603,2595
xlmr,S,1,0.6311161684819767,0.28920300224203743,0.6544933676281902,0.6395058096778938,0.6694809255784866,0.45933780134040214,4348,2451,1057,2141
xlmr,L,1,0.6834345052575892,0.38530629574639697,0.7044546842732731,0.7012795999411678,0.7076297686053784,0.42952885865759727,4768,2031,935,2263
xlmr,P,1,0.40479876160990713,0.0,0.5,1.0,0.0,0.0,6799,0,3198,0
xlmr,W,1,0.6586849540852366,0.3205548385470384,0.665459530753566,0.7405500808942491,0.590368980612883,0.36530959287786335,5035,1764,1310,1888
xlmr,S,2,0.6161075949626058,0.29249371771648564,0.6564418846865333,0.5677305486100898,0.7451532207629769,0.5323597079123737,3860,2939,815,2383
xlmr,L,2,0.6867893413201249,0.3903877513861562,0.706816640897693,0.7081923812325343,0.7054409005628518,0.4241272381714514,4815,1984,942,2256
xlmr,P,2,0.40479876160990713,0.0,0.5,1.0,0.0,0.0,6799,0,3198,0
xlmr,W,2,0.642041509062284,0.30272741637671313,0.6608414436843295,0.668774819826445,0.6529080675422139,0.4341302390717215,4547,2252,1110,2088
xlmr,S,3,0.6534041071526564,0.3235892659833694,0.6715801104179595,0.6827474628621856,0.6604127579737336,0.42702810843252975,4642,2157,1086,2112
xlmr,L,3,0.693652690964124,0.3999380634578353,0.7108039561054531,0.7255478746874541,0.6960600375234521,0.4093227968390517,4933,1866,972,2226
xlmr,P,3,0.40479876160990713,0.0,0.5,1.0,0.0,0.0,6799,0,3198,0
xlmr,W,3,0.6517576084020186,0.3050283400993445,0.6483378115146058,0.8051183997646713,0.4915572232645403,0.28978693608082423,5474,1325,1626,1572
xlmr,S,4,0.6494139513052011,0.30868208134409825,0.6622129988030281,0.7021620826592145,0.6222639149468417,0.4016204861458438,4774,2025,1208,1990
xlmr,L,4,0.6986829306339744,0.4032578210860395,0.709822223976027,0.7542285630239741,0.66541588492808,0.38001400420126036,5128,1671,1070,2128
xlmr,P,4,0.40479876160990713,0.0,0.5,1.0,0.0,0.0,6799,0,3198,0
xlmr,W,4,0.6444484842571978,0.30447913099053936,0.6612895607555869,0.6793646124430063,0.6432145090681676,0.42382714814444333,4619,2180,1141,2057
xlmr,S,5,0.6189370261549092,0.2654406575227519,0.6418686631343442,0.6283276952493013,0.6554096310193871,0.46243873161948584,4272,2527,1102,2096
xlmr,L,5,0.7032974433706383,0.4102550996001338,0.7119432317282431,0.7687895278717458,0.6550969355847405,0.3668100430129039,5227,1572,1103,2095
xlmr,P,5,0.40479876160990713,0.0,0.5,1.0,0.0,0.0,6799,0,3198,0
xlmr,W,5,0.638492355422974,0.2833471223331534,0.6478550169381676,0.7087807030445654,0.5869293308317699,0.385815744723417,4819,1980,1321,1877
xlmr,S,6,0.5948304710717053,0.2976978691636127,0.6558436977221662,0.49242535667009857,0.8192620387742339,0.6072821846553966,3348,3451,578,2620
xlmr,L,6,0.6953272725865292,0.40211521702633346,0.7115844989160289,0.730548610089719,0.6926203877423389,0.4048214464339302,4967,1832,983,2215
xlmr,P,6,0.40479876160990713,0.0,0.5,1.0,0.0,0.0,6799,0,3198,0
xlmr,W,6,0.6478148937707762,0.3005713206719619,0.6561749276854439,0.7226062656272981,0.5897435897435898,0.37731319395818746,4913,1886,1312,1886
xlmr,S,7,0.6219511758808185,0.2810001012021369,0.6505455130297736,0.6109722017943815,0.6901188242651657,0.48534560368110435,4154,2645,991,2207
xlmr,L,7,0.6959949700835032,0.40396548335840515,0.7127160019945544,0.7293719664656567,0.6960600375234521,0.4067220166049815,4959,1840,972,2226
xlmr,P,7,0.40479876160990713,0.0,0.5,1.0,0.0,0.0,6799,0,3198,0
xlmr,W,7,0.6197411005651512,0.25097642187327884,0.6145502626522074,0.8354169730842771,0.39368355222013757,0.23787136140842252,5680,1119,1939,1259
xlmr,S,8,0.624879066636941,0.2969891502466994,0.6591667593393098,0.5953816737755552,0.7229518449030644,0.5064519355806743,4048,2751,886,2312
xlmr,L,8,0.6914111583025248,0.3877557031622002,0.7012416340518752,0.753640241211943,0.6488430268918074,0.37511253376012804,5124,1675,1123,2075
xlmr,P,8,0.40479876160990713,0.0,0.5,1.0,0.0,0.0,6799,0,3198,0
xlmr,W,8,0.6440625172331731,0.3115831336074454,0.6661046519275311,0.658037946756876,0.6741713570981863,0.4482344703411023,4474,2325,1042,2156
xlmr,S,9,0.6118388598164697,0.28414559060079686,0.6519547350937549,0.5637593763788793,0.7401500938086304,0.5334600380114034,3833,2966,831,2367
xlmr,L,9,0.6792697990022298,0.3849562197865304,0.7053888843050807,0.6790704515369907,0.7317073170731707,0.45233570071021306,4617,2182,858,2340
xlmr,P,9,0.40479876160990713,0.0,0.5,1.0,0.0,0.0,6799,0,3198,0
xlmr,W,9,0.635811255173196,0.2743749867088884,0.6319120339313409,0.8054125606706869,0.45841150719199497,0.27898369510853255,5476,1323,1732,1466
xlmr,S,10,0.6375436794618929,0.29964309300528547,0.6598618041629747,0.6502426827474629,0.6694809255784866,0.45203561068320497,4421,2378,1057,2141
xlmr,L,10,0.6854913770681506,0.3767484905971086,0.6960289473463936,0.7454037358435064,0.6466541588492808,0.38001400420126036,5068,1731,1130,2068
xlmr,P,10,0.40479876160990713,0.0,0.5,1.0,0.0,0.0,6799,0,3198,0
xlmr,W,10,0.40479876160990713,0.0,0.5,1.0,0.0,0.0,6799,0,3198,0
xlmr,S,11,0.6362202706615858,0.2894216068944424,0.653566641196637,0.6689219002794529,0.6382113821138211,0.4293287986395919,4548,2251,1157,2041
xlmr,L,11,0.6971736651871974,0.3953927280987748,0.7014550800751425,0.7840858949845565,0.6188242651657285,0.3448034410323097,5331,1468,1219,1979
xlmr,P,11,0.40479876160990713,0.0,0.5,1.0,0.0,0.0,6799,0,3198,0
xlmr,W,11,0.6438050663210819,0.28950308267328545,0.6485189715847739,0.7398146786292101,0.5572232645403377,0.3552065619685906,5030,1769,1416,1782
xlmr,S,12,0.5690834267601168,0.24525847259967976,0.6281019925216167,0.4697749669068981,0.7864290181363353,0.612183655096529,3194,3605,683,2515
xlmr,L,12,0.6914386721632724,0.39621198822825576,0.709048257933675,0.7217237829092513,0.6963727329580988,0.41202360708212465,4907,1892,971,2227
xlmr,P,12,0.40479876160990713,0.0,0.5,1.0,0.0,0.0,6799,0,3198,0
xlmr,W,12,0.6159052802558567,0.28139198432379575,0.6507727104775093,0.5839093984409472,0.7176360225140713,0.5125537661298389,3970,2829,903,2295
xlmr,S,13,0.6395417587421077,0.3154640107264097,0.6689631545528575,0.6268568907192235,0.7110694183864915,0.4812443733119936,4262,2537,924,2274
xlmr,L,13,0.693015598157894,0.4071701150122138,0.7164749239785382,0.701867921753199,0.7310819262038775,0.43663098929678906,4772,2027,860,2338
xlmr,P,13,0.40479876160990713,0.0,0.5,1.0,0.0,0.0,6799,0,3198,0
xlmr,W,13,0.6524231266596815,0.32799132911913603,0.6747847902070725,0.6653919694072657,0.6841776110068793,0.4464339301790537,4524,2275,1010,2188
xlmr,S,14,0.6409010256521954,0.32051245387390154,0.6717230056548249,0.6236211207530519,0.7198248905565978,0.48624587376212863,4240,2559,896,2302
xlmr,L,14,0.6800872174077915,0.3759485492476599,0.6989905856552314,0.7059861744374173,0.6919949968730457,0.4213263979193758,4800,1999,985,2213
xlmr,P,14,0.40479876160990713,0.0,0.5,1.0,0.0,0.0,6799,0,3198,0
xlmr,W,14,0.44814143705281323,0.09019370425580799,0.5154455401738898,0.9836740697161347,0.047217010631644775,0.02620786235870761,6688,111,3047,151
xlmr,S,15,0.6321974650696711,0.3035898734863674,0.662675166242764,0.6155316958376231,0.7098186366479049,0.4885465639691908,4185,2614,928,2270
xlmr,L,15,0.6967405122918676,0.4126791036501783,0.7190482340181543,0.7095161053096044,0.7285803627267042,0.430629188756627,4824,1975,868,2330
xlmr,P,15,0.40479876160990713,0.0,0.5,1.0,0.0,0.0,6799,0,3198,0
xlmr,W,15,0.653397794684031,0.3141219167163051,0.6642239951594986,0.7152522429769084,0.6131957473420888,0.38981694508352505,4863,1936,1237,1961
xlmr,S,16,0.6438548896176015,0.3127125284346665,0.6668505172329264,0.6542138549786733,0.6794871794871795,0.45253576072821844,4448,2351,1025,2173
xlmr,L,16,0.6935048267088322,0.3922435674388753,0.7037431975290485,0.753640241211943,0.6538461538461539,0.3767130139041713,5124,1675,1107,2091
xlmr,P,16,0.40479876160990713,0.0,0.5,1.0,0.0,0.0,6799,0,3198,0
xlmr,W,16,0.6497678186207368,0.3157037534931312,0.6673129836166725,0.6817178996911311,0.6529080675422139,0.42532759827948385,4635,2164,1110,2088
xlmr,S,17,0.6313148997072395,0.27852245447491014,0.6476439624669816,0.6683335784674217,0.6269543464665416,0.4261278383515055,4544,2255,1193,2005
xlmr,L,17,0.6871922957336716,0.3789936980072308,0.6965147313629336,0.7523165171348728,0.6407129455909943,0.37341202360708214,5115,1684,1149,2049
xlmr,P,17,0.40479876160990713,0.0,0.5,1.0,0.0,0.0,6799,0,3198,0
xlmr,W,17,0.6245966658787743,0.24920071636512625,0.6243717691626101,0.7618767465803795,0.48686679174484054,0.3176953085925778,5180,1619,1641,1557
xlmr,S,18,0.6331216819800195,0.2828046924105091,0.6500077127554627,0.6677452566553905,0.6322701688555347,0.4282284685405622,4540,2259,1176,2022
xlmr,L,18,0.7078263622082236,0.4216515448550588,0.7194039773902666,0.7602588615972937,0.6785490931832395,0.3801140342102631,5169,1630,1028,2170
xlmr,P,18,0.40479876160990713,0.0,0.5,1.0,0.0,0.0,6799,0,3198,0
xlmr,W,18,0.6439904443627644,0.2880336576726359,0.6446957766386018,0.7668774819826445,0.5225140712945591,0.32569770931279385,5214,1585,1527,1671
xlmr,S,19,0.6316902322169131,0.3088539282165309,0.665538153028243,0.6040594205030152,0.7270168855534709,0.50185055516655,4107,2692,873,2325
xlmr,L,19,0.6944629561694102,0.40068621074733196,0.7109319041418095,0.7289307251066334,0.6929330831769857,0.40602180654196257,4956,1843,982,2216
xlmr,P,19,0.40986688523318476,0.036470611539038404,0.5019132416651421,0.9988233563759377,0.0050031269543464665,0.0024007202160648195,6791,8,3182,16
xlmr,W,19,0.6435695847035761,0.3124241154734974,0.6667219713085497,0.6533313722606265,0.6801125703564728,0.45333600080024006,4442,2357,1023,2175
xlmr,S,20,0.6226352812421094,0.31042519939656044,0.6658598167831951,0.5665539049860273,0.7651657285803627,0.5395618685605682,3852,2947,751,2447
xlmr,L,20,0.6906654086389088,0.4060648433750172,0.7164037753041157,0.6917193704956611,0.7410881801125704,0.44673402020606184,4703,2096,828,2370
xlmr,P,20,0.40479876160990713,0.0,0.5,1.0,0.0,0.0,6799,0,3198,0
xlmr,W,20,0.6504858079046434,0.31727890630941885,0.668168262429793,0.6818649801441389,0.6544715447154471,0.42572771831549466,4636,2163,1105,2093
xlmr,S,21,0.6154077066245118,0.2992666951072366,0.6597096416617938,0.5558170319164583,0.7636022514071295,0.5463639091727518,3779,3020,756,2442
xlmr,L,21,0.7018067239021717,0.41348792885198893,0.7169714699794446,0.7406971613472569,0.6932457786116323,0.3981194358307492,5036,1763,981,2217
xlmr,P,21,0.40479876160990713,0.0,0.5,1.0,0.0,0.0,6799,0,3198,0
xlmr,W,21,0.6425977436794684,0.31914786121428407,0.6708468007609919,0.6340638329166054,0.7076297686053784,0.4752425727718316,4311,2488,935,2263
xlmr,S,22,0.6500793188647932,0.30921937333499067,0.6622581393485651,0.7056920135314017,0.6188242651657285,0.3981194358307492,4798,2001,1219,1979
xlmr,L,22,0.6965732978497522,0.39648557218470054,0.7046047541663827,0.7659949992645977,0.6432145090681676,0.36490947284185254,5208,1591,1141,2057
xlmr,P,22,0.40479876160990713,0.0,0.5,1.0,0.0,0.0,6799,0,3198,0
xlmr,W,22,0.6659974898917365,0.33660522131900406,0.6746296382657899,0.7373143109280776,0.6119449656035022,0.37441232369710914,5013,1786,1241,1957
xlmr,S,23,0.6279677362602918,0.3148425592825125,0.6684869367446432,0.5799382262097367,0.7570356472795498,0.5278583575072522,3943,2856,777,2421
xlmr,L,23,0.6993631041972572,0.40317495306085616,0.7088823440080261,0.7617296661273717,0.6560350218886805,0.3719115734720416,5179,1620,1100,2098
xlmr,P,23,0.4138871051401803,0.061010424654049523,0.5038629544995259,0.9989704368289455,0.008755472170106316,0.0035010503150945285,6792,7,3170,28
xlmr,W,23,0.6309824109436726,0.3367880808678322,0.6794725312306807,0.5612590086777467,0.7976860537836148,0.5535660698209462,3816,2983,647,2551
