model,arm,repeat,target,hate_n,recall
kcelectra,S,1,age,102,0.5686274509803921
kcelectra,S,1,disability,99,0.5252525252525253
kcelectra,S,1,gender,232,0.5818965517241379
kcelectra,S,1,occupation,365,0.3698630136986301
kcelectra,S,1,politics,1790,0.47541899441340785
kcelectra,S,1,race_or_region_of_origin,893,0.6662933930571109
kcelectra,S,1,religion,46,0.6521739130434783
kcelectra,L,1,age,102,0.6666666666666666
kcelectra,L,1,disability,99,0.5959595959595959
kcelectra,L,1,gender,232,0.5689655172413793
kcelectra,L,1,occupation,365,0.6164383561643836
kcelectra,L,1,politics,1790,0.7977653631284917
kcelectra,L,1,race_or_region_of_origin,893,0.8734602463605823
kcelectra,L,1,religion,46,0.8043478260869565
kcelectra,P,1,age,102,0.12745098039215685
kcelectra,P,1,disability,99,0.0707070707070707
kcelectra,P,1,gender,232,0.05172413793103448
kcelectra,P,1,occupation,365,0.06301369863013699
kcelectra,P,1,politics,1790,0.07039106145251396
kcelectra,P,1,race_or_region_of_origin,893,0.08622620380739082
kcelectra,P,1,religion,46,0.10869565217391304
kcelectra,W,1,age,102,0.7450980392156863
kcelectra,W,1,disability,99,0.7070707070707071
kcelectra,W,1,gender,232,0.6896551724137931
kcelectra,W,1,occupation,365,0.5945205479452055
kcelectra,W,1,politics,1790,0.7022346368715083
kcelectra,W,1,race_or_region_of_origin,893,0.7838745800671892
kcelectra,W,1,religion,46,0.6304347826086957
kcelectra,S,2,age,102,0.696078431372549
kcelectra,S,2,disability,99,0.5858585858585859
kcelectra,S,2,gender,232,0.7370689655172413
kcelectra,S,2,occupation,365,0.547945205479452
kcelectra,S,2,politics,1790,0.6061452513966481
kcelectra,S,2,race_or_region_of_origin,893,0.723404255319149
kcelectra,S,2,religion,46,0.717391304347826
kcelectra,L,2,age,102,0.5686274509803921
kcelectra,L,2,disability,99,0.47474747474747475
kcelectra,L,2,gender,232,0.5431034482758621
kcelectra,L,2,occupation,365,0.5589041095890411
kcelectra,L,2,politics,1790,0.7787709497206704
kcelectra,L,2,race_or_region_of_origin,893,0.8275475923852184
kcelectra,L,2,religion,46,0.6086956521739131
kcelectra,P,2,age,102,0.6666666666666666
kcelectra,P,2,disability,99,0.6060606060606061
kcelectra,P,2,gender,232,0.7155172413793104
kcelectra,P,2,occupation,365,0.663013698630137
kcelectra,P,2,politics,1790,0.6871508379888268
kcelectra,P,2,race_or_region_of_origin,893,0.6662933930571109
kcelectra,P,2,religion,46,0.6956521739130435
kcelectra,W,2,age,102,0.7647058823529411
kcelectra,W,2,disability,99,0.7171717171717171
kcelectra,W,2,gender,232,0.7931034482758621
kcelectra,W,2,occupation,365,0.7315068493150685
kcelectra,W,2,politics,1790,0.746927374301676
kcelectra,W,2,race_or_region_of_origin,893,0.7905935050391937
kcelectra,W,2,religion,46,0.717391304347826
kcelectra,S,3,age,102,0.4019607843137255
kcelectra,S,3,disability,99,0.42424242424242425
kcelectra,S,3,gender,232,0.4827586206896552
kcelectra,S,3,occupation,365,0.28493150684931506
kcelectra,S,3,politics,1790,0.35195530726256985
kcelectra,S,3,race_or_region_of_origin,893,0.5083986562150056
kcelectra,S,3,religion,46,0.3695652173913043
kcelectra,L,3,age,102,0.7647058823529411
kcelectra,L,3,disability,99,0.6161616161616161
kcelectra,L,3,gender,232,0.646551724137931
kcelectra,L,3,occupation,365,0.726027397260274
kcelectra,L,3,politics,1790,0.8474860335195531
kcelectra,L,3,race_or_region_of_origin,893,0.8868980963045913
kcelectra,L,3,religion,46,0.7608695652173914
kcelectra,P,3,age,102,0.0
kcelectra,P,3,disability,99,0.0
kcelectra,P,3,gender,232,0.0
kcelectra,P,3,occupation,365,0.0
kcelectra,P,3,politics,1790,0.0
kcelectra,P,3,race_or_region_of_origin,893,0.0
kcelectra,P,3,religion,46,0.0
kcelectra,W,3,age,102,0.8725490196078431
kcelectra,W,3,disability,99,0.7878787878787878
kcelectra,W,3,gender,232,0.8663793103448276
kcelectra,W,3,occupation,365,0.7643835616438356
kcelectra,W,3,politics,1790,0.7776536312849162
kcelectra,W,3,race_or_region_of_origin,893,0.8600223964165733
kcelectra,W,3,religion,46,0.7608695652173914
kcelectra,S,4,age,102,0.49019607843137253
kcelectra,S,4,disability,99,0.5151515151515151
kcelectra,S,4,gender,232,0.6508620689655172
kcelectra,S,4,occupation,365,0.3315068493150685
kcelectra,S,4,politics,1790,0.41564245810055866
kcelectra,S,4,race_or_region_of_origin,893,0.4826427771556551
kcelectra,S,4,religion,46,0.5434782608695652
kcelectra,L,4,age,102,0.47058823529411764
kcelectra,L,4,disability,99,0.46464646464646464
kcelectra,L,4,gender,232,0.4353448275862069
kcelectra,L,4,occupation,365,0.5342465753424658
kcelectra,L,4,politics,1790,0.7664804469273743
kcelectra,L,4,race_or_region_of_origin,893,0.7592385218365062
kcelectra,L,4,religion,46,0.6086956521739131
kcelectra,P,4,age,102,0.029411764705882353
kcelectra,P,4,disability,99,0.010101010101010102
kcelectra,P,4,gender,232,0.05172413793103448
kcelectra,P,4,occupation,365,0.0410958904109589
kcelectra,P,4,politics,1790,0.07653631284916201
kcelectra,P,4,race_or_region_of_origin,893,0.06494960806270997
kcelectra,P,4,religion,46,0.0
kcelectra,W,4,age,102,0.38235294117647056
kcelectra,W,4,disability,99,0.37373737373737376
kcelectra,W,4,gender,232,0.4870689655172414
kcelectra,W,4,occupation,365,0.1863013698630137
kcelectra,W,4,politics,1790,0.29608938547486036
kcelectra,W,4,race_or_region_of_origin,893,0.3818589025755879
kcelectra,W,4,religion,46,0.2826086956521739
kcelectra,S,5,age,102,0.39215686274509803
kcelectra,S,5,disability,99,0.42424242424242425
kcelectra,S,5,gender,232,0.4870689655172414
kcelectra,S,5,occupation,365,0.2273972602739726
kcelectra,S,5,politics,1790,0.32905027932960895
kcelectra,S,5,race_or_region_of_origin,893,0.45240761478163494
kcelectra,S,5,religion,46,0.32608695652173914
kcelectra,L,5,age,102,0.4803921568627451
kcelectra,L,5,disability,99,0.45454545454545453
kcelectra,L,5,gender,232,0.49137931034482757
kcelectra,L,5,occupation,365,0.4465753424657534
kcelectra,L,5,politics,1790,0.7502793296089385
kcelectra,L,5,race_or_region_of_origin,893,0.8734602463605823
kcelectra,L,5,religion,46,0.7391304347826086
kcelectra,P,5,age,102,0.6078431372549019
kcelectra,P,5,disability,99,0.5858585858585859
kcelectra,P,5,gender,232,0.5732758620689655
kcelectra,P,5,occupation,365,0.6082191780821918
kcelectra,P,5,politics,1790,0.593854748603352
kcelectra,P,5,race_or_region_of_origin,893,0.6595744680851063
kcelectra,P,5,religion,46,0.5217391304347826
kcelectra,W,5,age,102,0.7647058823529411
kcelectra,W,5,disability,99,0.7070707070707071
kcelectra,W,5,gender,232,0.7931034482758621
kcelectra,W,5,occupation,365,0.6356164383561644
kcelectra,W,5,politics,1790,0.6759776536312849
kcelectra,W,5,race_or_region_of_origin,893,0.7547592385218365
kcelectra,W,5,religion,46,0.782608695652174
kcelectra,S,6,age,102,0.2549019607843137
kcelectra,S,6,disability,99,0.2828282828282828
kcelectra,S,6,gender,232,0.27586206896551724
kcelectra,S,6,occupation,365,0.15342465753424658
kcelectra,S,6,politics,1790,0.22681564245810057
kcelectra,S,6,race_or_region_of_origin,893,0.3213885778275476
kcelectra,S,6,religion,46,0.1956521739130435
kcelectra,L,6,age,102,0.4411764705882353
kcelectra,L,6,disability,99,0.3333333333333333
kcelectra,L,6,gender,232,0.3706896551724138
kcelectra,L,6,occupation,365,0.473972602739726
kcelectra,L,6,politics,1790,0.7189944134078212
kcelectra,L,6,race_or_region_of_origin,893,0.723404255319149
kcelectra,L,6,religion,46,0.5869565217391305
kcelectra,P,6,age,102,0.10784313725490197
kcelectra,P,6,disability,99,0.08080808080808081
kcelectra,P,6,gender,232,0.0603448275862069
kcelectra,P,6,occupation,365,0.06575342465753424
kcelectra,P,6,politics,1790,0.08044692737430167
kcelectra,P,6,race_or_region_of_origin,893,0.0940649496080627
kcelectra,P,6,religion,46,0.10869565217391304
kcelectra,W,6,age,102,0.28431372549019607
kcelectra,W,6,disability,99,0.2727272727272727
kcelectra,W,6,gender,232,0.28879310344827586
kcelectra,W,6,occupation,365,0.1589041095890411
kcelectra,W,6,politics,1790,0.24972067039106144
kcelectra,W,6,race_or_region_of_origin,893,0.3090705487122061
kcelectra,W,6,religion,46,0.32608695652173914
kcelectra,S,7,age,102,0.803921568627451
kcelectra,S,7,disability,99,0.7373737373737373
kcelectra,S,7,gender,232,0.8060344827586207
kcelectra,S,7,occupation,365,0.663013698630137
kcelectra,S,7,politics,1790,0.7301675977653631
kcelectra,S,7,race_or_region_of_origin,893,0.7928331466965286
kcelectra,S,7,religion,46,0.6739130434782609
kcelectra,L,7,age,102,0.6764705882352942
kcelectra,L,7,disability,99,0.6161616161616161
kcelectra,L,7,gender,232,0.6077586206896551
kcelectra,L,7,occupation,365,0.6684931506849315
kcelectra,L,7,politics,1790,0.9139664804469274
kcelectra,L,7,race_or_region_of_origin,893,0.9059350503919373
kcelectra,L,7,religion,46,0.7391304347826086
kcelectra,P,7,age,102,0.6862745098039216
kcelectra,P,7,disability,99,0.5555555555555556
kcelectra,P,7,gender,232,0.6810344827586207
kcelectra,P,7,occupation,365,0.6547945205479452
kcelectra,P,7,politics,1790,0.6642458100558659
kcelectra,P,7,race_or_region_of_origin,893,0.6248600223964166
kcelectra,P,7,religion,46,0.5869565217391305
kcelectra,W,7,age,102,0.8431372549019608
kcelectra,W,7,disability,99,0.8282828282828283
kcelectra,W,7,gender,232,0.8362068965517241
kcelectra,W,7,occupation,365,0.8027397260273973
kcelectra,W,7,politics,1790,0.8804469273743016
kcelectra,W,7,race_or_region_of_origin,893,0.8667413213885778
kcelectra,W,7,religion,46,0.7391304347826086
kcelectra,S,8,age,102,0.7058823529411765
kcelectra,S,8,disability,99,0.6868686868686869
kcelectra,S,8,gender,232,0.8060344827586207
kcelectra,S,8,occupation,365,0.589041095890411
kcelectra,S,8,politics,1790,0.6061452513966481
kcelectra,S,8,race_or_region_of_origin,893,0.7558790593505039
kcelectra,S,8,religion,46,0.717391304347826
kcelectra,L,8,age,102,0.6666666666666666
kcelectra,L,8,disability,99,0.5353535353535354
kcelectra,L,8,gender,232,0.6551724137931034
kcelectra,L,8,occupation,365,0.6520547945205479
kcelectra,L,8,politics,1790,0.8486033519553072
kcelectra,L,8,race_or_region_of_origin,893,0.8801791713325868
kcelectra,L,8,religion,46,0.717391304347826
kcelectra,P,8,age,102,0.06862745098039216
kcelectra,P,8,disability,99,0.1111111111111111
kcelectra,P,8,gender,232,0.05603448275862069
kcelectra,P,8,occupation,365,0.1095890410958904
kcelectra,P,8,politics,1790,0.1318435754189944
kcelectra,P,8,race_or_region_of_origin,893,0.1276595744680851
kcelectra,P,8,religion,46,0.021739130434782608
kcelectra,W,8,age,102,0.8921568627450981
kcelectra,W,8,disability,99,0.8181818181818182
kcelectra,W,8,gender,232,0.8879310344827587
kcelectra,W,8,occupation,365,0.8
kcelectra,W,8,politics,1790,0.7614525139664804
kcelectra,W,8,race_or_region_of_origin,893,0.8857782754759238
kcelectra,W,8,religion,46,0.8478260869565217
kcelectra,S,9,age,102,0.4215686274509804
kcelectra,S,9,disability,99,0.43434343434343436
kcelectra,S,9,gender,232,0.45689655172413796
kcelectra,S,9,occupation,365,0.18904109589041096
kcelectra,S,9,politics,1790,0.288268156424581
kcelectra,S,9,race_or_region_of_origin,893,0.3404255319148936
kcelectra,S,9,religion,46,0.3695652173913043
kcelectra,L,9,age,102,0.5980392156862745
kcelectra,L,9,disability,99,0.5050505050505051
kcelectra,L,9,gender,232,0.521551724137931
kcelectra,L,9,occupation,365,0.5178082191780822
kcelectra,L,9,politics,1790,0.8547486033519553
kcelectra,L,9,race_or_region_of_origin,893,0.8230683090705487
kcelectra,L,9,religion,46,0.6739130434782609
kcelectra,P,9,age,102,0.27450980392156865
kcelectra,P,9,disability,99,0.35353535353535354
kcelectra,P,9,gender,232,0.2974137931034483
kcelectra,P,9,occupation,365,0.2191780821917808
kcelectra,P,9,politics,1790,0.31899441340782125
kcelectra,P,9,race_or_region_of_origin,893,0.2777155655095185
kcelectra,P,9,religion,46,0.2391304347826087
kcelectra,W,9,age,102,0.6666666666666666
kcelectra,W,9,disability,99,0.6868686868686869
kcelectra,W,9,gender,232,0.646551724137931
kcelectra,W,9,occupation,365,0.4794520547945205
kcelectra,W,9,politics,1790,0.5944134078212291
kcelectra,W,9,race_or_region_of_origin,893,0.5968645016797313
kcelectra,W,9,religion,46,0.6304347826086957
kcelectra,S,10,age,102,0.5980392156862745
kcelectra,S,10,disability,99,0.5959595959595959
kcelectra,S,10,gender,232,0.6810344827586207
kcelectra,S,10,occupation,365,0.4054794520547945
kcelectra,S,10,politics,1790,0.4988826815642458
kcelectra,S,10,race_or_region_of_origin,893,0.6842105263157895
kcelectra,S,10,religion,46,0.6086956521739131
kcelectra,L,10,age,102,0.7254901960784313
kcelectra,L,10,disability,99,0.6666666666666666
kcelectra,L,10,gender,232,0.7198275862068966
kcelectra,L,10,occupation,365,0.7726027397260274
kcelectra,L,10,politics,1790,0.8759776536312849
kcelectra,L,10,race_or_region_of_origin,893,0.8812989921612542
kcelectra,L,10,religion,46,0.7608695652173914
kcelectra,P,10,age,102,0.2549019607843137
kcelectra,P,10,disability,99,0.25252525252525254
kcelectra,P,10,gender,232,0.22844827586206898
kcelectra,P,10,occupation,365,0.27945205479452057
kcelectra,P,10,politics,1790,0.4134078212290503
kcelectra,P,10,race_or_region_of_origin,893,0.2620380739081747
kcelectra,P,10,religion,46,0.13043478260869565
kcelectra,W,10,age,102,0.9313725490196079
kcelectra,W,10,disability,99,0.8383838383838383
kcelectra,W,10,gender,232,0.9051724137931034
kcelectra,W,10,occupation,365,0.8493150684931506
kcelectra,W,10,politics,1790,0.8625698324022346
kcelectra,W,10,race_or_region_of_origin,893,0.896976483762598
kcelectra,W,10,religion,46,0.8043478260869565
kcelectra,S,11,age,102,0.5686274509803921
kcelectra,S,11,disability,99,0.6060606060606061
kcelectra,S,11,gender,232,0.7025862068965517
kcelectra,S,11,occupation,365,0.5041095890410959
kcelectra,S,11,politics,1790,0.5089385474860335
kcelectra,S,11,race_or_region_of_origin,893,0.6394176931690929
kcelectra,S,11,religion,46,0.6739130434782609
kcelectra,L,11,age,102,0.5686274509803921
kcelectra,L,11,disability,99,0.5050505050505051
kcelectra,L,11,gender,232,0.5646551724137931
kcelectra,L,11,occupation,365,0.5150684931506849
kcelectra,L,11,politics,1790,0.7418994413407821
kcelectra,L,11,race_or_region_of_origin,893,0.8017917133258678
kcelectra,L,11,religion,46,0.6304347826086957
kcelectra,P,11,age,102,0.696078431372549
kcelectra,P,11,disability,99,0.6161616161616161
kcelectra,P,11,gender,232,0.6939655172413793
kcelectra,P,11,occupation,365,0.6246575342465753
kcelectra,P,11,politics,1790,0.5770949720670391
kcelectra,P,11,race_or_region_of_origin,893,0.5856662933930571
kcelectra,P,11,religion,46,0.5
kcelectra,W,11,age,102,0.7450980392156863
kcelectra,W,11,disability,99,0.6767676767676768
kcelectra,W,11,gender,232,0.771551724137931
kcelectra,W,11,occupation,365,0.6575342465753424
kcelectra,W,11,politics,1790,0.6122905027932961
kcelectra,W,11,race_or_region_of_origin,893,0.723404255319149
kcelectra,W,11,religion,46,0.6304347826086957
kcelectra,S,12,age,102,0.5196078431372549
kcelectra,S,12,disability,99,0.4444444444444444
kcelectra,S,12,gender,232,0.603448275862069
kcelectra,S,12,occupation,365,0.39452054794520547
kcelectra,S,12,politics,1790,0.42569832402234636
kcelectra,S,12,race_or_region_of_origin,893,0.5263157894736842
kcelectra,S,12,religion,46,0.5652173913043478
kcelectra,L,12,age,102,0.7549019607843137
kcelectra,L,12,disability,99,0.6363636363636364
kcelectra,L,12,gender,232,0.7068965517241379
kcelectra,L,12,occupation,365,0.726027397260274
kcelectra,L,12,politics,1790,0.864804469273743
kcelectra,L,12,race_or_region_of_origin,893,0.8790593505039194
kcelectra,L,12,religion,46,0.7391304347826086
kcelectra,P,12,age,102,0.8627450980392157
kcelectra,P,12,disability,99,0.7878787878787878
kcelectra,P,12,gender,232,0.875
kcelectra,P,12,occupation,365,0.8794520547945206
kcelectra,P,12,politics,1790,0.8513966480446927
kcelectra,P,12,race_or_region_of_origin,893,0.8421052631578947
kcelectra,P,12,religion,46,0.8695652173913043
kcelectra,W,12,age,102,0.8627450980392157
kcelectra,W,12,disability,99,0.8282828282828283
kcelectra,W,12,gender,232,0.8663793103448276
kcelectra,W,12,occupation,365,0.7698630136986301
kcelectra,W,12,politics,1790,0.8195530726256983
kcelectra,W,12,race_or_region_of_origin,893,0.8745800671892497
kcelectra,W,12,religion,46,0.8043478260869565
kcelectra,S,13,age,102,0.46078431372549017
kcelectra,S,13,disability,99,0.42424242424242425
kcelectra,S,13,gender,232,0.4956896551724138
kcelectra,S,13,occupation,365,0.3041095890410959
kcelectra,S,13,politics,1790,0.4273743016759777
kcelectra,S,13,race_or_region_of_origin,893,0.47368421052631576
kcelectra,S,13,religion,46,0.391304347826087
kcelectra,L,13,age,102,0.6176470588235294
kcelectra,L,13,disability,99,0.5656565656565656
kcelectra,L,13,gender,232,0.6077586206896551
kcelectra,L,13,occupation,365,0.6301369863013698
kcelectra,L,13,politics,1790,0.8642458100558659
kcelectra,L,13,race_or_region_of_origin,893,0.8723404255319149
kcelectra,L,13,religion,46,0.7608695652173914
kcelectra,P,13,age,102,0.5784313725490197
kcelectra,P,13,disability,99,0.494949494949495
kcelectra,P,13,gender,232,0.5732758620689655
kcelectra,P,13,occupation,365,0.5260273972602739
kcelectra,P,13,politics,1790,0.5340782122905028
kcelectra,P,13,race_or_region_of_origin,893,0.44680851063829785
kcelectra,P,13,religion,46,0.3695652173913043
kcelectra,W,13,age,102,0.6372549019607843
kcelectra,W,13,disability,99,0.6666666666666666
kcelectra,W,13,gender,232,0.6982758620689655
kcelectra,W,13,occupation,365,0.5534246575342465
kcelectra,W,13,politics,1790,0.6631284916201118
kcelectra,W,13,race_or_region_of_origin,893,0.7144456886898096
kcelectra,W,13,religion,46,0.6304347826086957
kcelectra,S,14,age,102,0.4117647058823529
kcelectra,S,14,disability,99,0.4444444444444444
kcelectra,S,14,gender,232,0.4051724137931034
kcelectra,S,14,occupation,365,0.30684931506849317
kcelectra,S,14,politics,1790,0.4782122905027933
kcelectra,S,14,race_or_region_of_origin,893,0.47816349384098544
kcelectra,S,14,religion,46,0.391304347826087
kcelectra,L,14,age,102,0.7156862745098039
kcelectra,L,14,disability,99,0.6767676767676768
kcelectra,L,14,gender,232,0.6336206896551724
kcelectra,L,14,occupation,365,0.7671232876712328
kcelectra,L,14,politics,1790,0.912290502793296
kcelectra,L,14,race_or_region_of_origin,893,0.8891377379619261
kcelectra,L,14,religion,46,0.8260869565217391
kcelectra,P,14,age,102,0.696078431372549
kcelectra,P,14,disability,99,0.6161616161616161
kcelectra,P,14,gender,232,0.7758620689655172
kcelectra,P,14,occupation,365,0.7232876712328767
kcelectra,P,14,politics,1790,0.7424581005586592
kcelectra,P,14,race_or_region_of_origin,893,0.683090705487122
kcelectra,P,14,religion,46,0.6956521739130435
kcelectra,W,14,age,102,0.7156862745098039
kcelectra,W,14,disability,99,0.8181818181818182
kcelectra,W,14,gender,232,0.7931034482758621
kcelectra,W,14,occupation,365,0.7178082191780822
kcelectra,W,14,politics,1790,0.8279329608938547
kcelectra,W,14,race_or_region_of_origin,893,0.799552071668533
kcelectra,W,14,religion,46,0.7391304347826086
kcelectra,S,15,age,102,0.3627450980392157
kcelectra,S,15,disability,99,0.36363636363636365
kcelectra,S,15,gender,232,0.5172413793103449
kcelectra,S,15,occupation,365,0.19726027397260273
kcelectra,S,15,politics,1790,0.22849162011173185
kcelectra,S,15,race_or_region_of_origin,893,0.4154535274356103
kcelectra,S,15,religion,46,0.32608695652173914
kcelectra,L,15,age,102,0.5588235294117647
kcelectra,L,15,disability,99,0.46464646464646464
kcelectra,L,15,gender,232,0.4525862068965517
kcelectra,L,15,occupation,365,0.5178082191780822
kcelectra,L,15,politics,1790,0.7547486033519553
kcelectra,L,15,race_or_region_of_origin,893,0.8219484882418813
kcelectra,L,15,religion,46,0.6956521739130435
kcelectra,P,15,age,102,0.6470588235294118
kcelectra,P,15,disability,99,0.5454545454545454
kcelectra,P,15,gender,232,0.6422413793103449
kcelectra,P,15,occupation,365,0.5589041095890411
kcelectra,P,15,politics,1790,0.5122905027932961
kcelectra,P,15,race_or_region_of_origin,893,0.5901455767077267
kcelectra,P,15,religion,46,0.5434782608695652
kcelectra,W,15,age,102,0.6372549019607843
kcelectra,W,15,disability,99,0.6666666666666666
kcelectra,W,15,gender,232,0.7413793103448276
kcelectra,W,15,occupation,365,0.4904109589041096
kcelectra,W,15,politics,1790,0.5424581005586592
kcelectra,W,15,race_or_region_of_origin,893,0.7110862262038073
kcelectra,W,15,religion,46,0.5652173913043478
kcelectra,S,16,age,102,0.39215686274509803
kcelectra,S,16,disability,99,0.46464646464646464
kcelectra,S,16,gender,232,0.5344827586206896
kcelectra,S,16,occupation,365,0.2136986301369863
kcelectra,S,16,politics,1790,0.35810055865921786
kcelectra,S,16,race_or_region_of_origin,893,0.42889137737961924
kcelectra,S,16,religion,46,0.34782608695652173
kcelectra,L,16,age,102,0.3235294117647059
kcelectra,L,16,disability,99,0.3434343434343434
kcelectra,L,16,gender,232,0.29310344827586204
kcelectra,L,16,occupation,365,0.37534246575342467
kcelectra,L,16,politics,1790,0.6486033519553073
kcelectra,L,16,race_or_region_of_origin,893,0.6382978723404256
kcelectra,L,16,religion,46,0.43478260869565216
kcelectra,P,16,age,102,0.17647058823529413
kcelectra,P,16,disability,99,0.20202020202020202
kcelectra,P,16,gender,232,0.3922413793103448
kcelectra,P,16,occupation,365,0.15342465753424658
kcelectra,P,16,politics,1790,0.2329608938547486
kcelectra,P,16,race_or_region_of_origin,893,0.21612541993281076
kcelectra,P,16,religion,46,0.13043478260869565
kcelectra,W,16,age,102,0.5588235294117647
kcelectra,W,16,disability,99,0.5858585858585859
kcelectra,W,16,gender,232,0.6293103448275862
kcelectra,W,16,occupation,365,0.4876712328767123
kcelectra,W,16,politics,1790,0.6072625698324022
kcelectra,W,16,race_or_region_of_origin,893,0.5901455767077267
kcelectra,W,16,religion,46,0.4782608695652174
kcelectra,S,17,age,102,0.38235294117647056
kcelectra,S,17,disability,99,0.25252525252525254
kcelectra,S,17,gender,232,0.39655172413793105
kcelectra,S,17,occupation,365,0.1643835616438356
kcelectra,S,17,politics,1790,0.253072625698324
kcelectra,S,17,race_or_region_of_origin,893,0.3661814109742441
kcelectra,S,17,religion,46,0.34782608695652173
kcelectra,L,17,age,102,0.5
kcelectra,L,17,disability,99,0.42424242424242425
kcelectra,L,17,gender,232,0.4353448275862069
kcelectra,L,17,occupation,365,0.4410958904109589
kcelectra,L,17,politics,1790,0.7402234636871509
kcelectra,L,17,race_or_region_of_origin,893,0.7950727883538634
kcelectra,L,17,religion,46,0.6739130434782609
kcelectra,P,17,age,102,0.0196078431372549
kcelectra,P,17,disability,99,0.020202020202020204
kcelectra,P,17,gender,232,0.03017241379310345
kcelectra,P,17,occupation,365,0.005479452054794521
kcelectra,P,17,politics,1790,0.028491620111731845
kcelectra,P,17,race_or_region_of_origin,893,0.02127659574468085
kcelectra,P,17,religion,46,0.0
kcelectra,W,17,age,102,0.3333333333333333
kcelectra,W,17,disability,99,0.24242424242424243
kcelectra,W,17,gender,232,0.3146551724137931
kcelectra,W,17,occupation,365,0.15616438356164383
kcelectra,W,17,politics,1790,0.2770949720670391
kcelectra,W,17,race_or_region_of_origin,893,0.3471444568868981
kcelectra,W,17,religion,46,0.32608695652173914
kcelectra,S,18,age,102,0.45098039215686275
kcelectra,S,18,disability,99,0.36363636363636365
kcelectra,S,18,gender,232,0.5818965517241379
kcelectra,S,18,occupation,365,0.26575342465753427
kcelectra,S,18,politics,1790,0.42849162011173186
kcelectra,S,18,race_or_region_of_origin,893,0.48600223964165734
kcelectra,S,18,religion,46,0.43478260869565216
kcelectra,L,18,age,102,0.6372549019607843
kcelectra,L,18,disability,99,0.5757575757575758
kcelectra,L,18,gender,232,0.6120689655172413
kcelectra,L,18,occupation,365,0.6191780821917808
kcelectra,L,18,politics,1790,0.8106145251396648
kcelectra,L,18,race_or_region_of_origin,893,0.8533034714445689
kcelectra,L,18,religion,46,0.7391304347826086
kcelectra,P,18,age,102,0.17647058823529413
kcelectra,P,18,disability,99,0.12121212121212122
kcelectra,P,18,gender,232,0.15517241379310345
kcelectra,P,18,occupation,365,0.08493150684931507
kcelectra,P,18,politics,1790,0.10223463687150838
kcelectra,P,18,race_or_region_of_origin,893,0.11758118701007839
kcelectra,P,18,religion,46,0.15217391304347827
kcelectra,W,18,age,102,0.7058823529411765
kcelectra,W,18,disability,99,0.6464646464646465
kcelectra,W,18,gender,232,0.8017241379310345
kcelectra,W,18,occupation,365,0.5342465753424658
kcelectra,W,18,politics,1790,0.6290502793296089
kcelectra,W,18,race_or_region_of_origin,893,0.6842105263157895
kcelectra,W,18,religion,46,0.6521739130434783
kcelectra,S,19,age,102,0.38235294117647056
kcelectra,S,19,disability,99,0.3434343434343434
kcelectra,S,19,gender,232,0.34051724137931033
kcelectra,S,19,occupation,365,0.2054794520547945
kcelectra,S,19,politics,1790,0.36089385474860336
kcelectra,S,19,race_or_region_of_origin,893,0.43784994400895855
kcelectra,S,19,religion,46,0.41304347826086957
kcelectra,L,19,age,102,0.5686274509803921
kcelectra,L,19,disability,99,0.5151515151515151
kcelectra,L,19,gender,232,0.5818965517241379
kcelectra,L,19,occupation,365,0.5698630136986301
kcelectra,L,19,politics,1790,0.8078212290502793
kcelectra,L,19,race_or_region_of_origin,893,0.8253079507278835
kcelectra,L,19,religion,46,0.6739130434782609
kcelectra,P,19,age,102,0.17647058823529413
kcelectra,P,19,disability,99,0.1414141414141414
kcelectra,P,19,gender,232,0.1810344827586207
kcelectra,P,19,occupation,365,0.10410958904109589
kcelectra,P,19,politics,1790,0.1782122905027933
kcelectra,P,19,race_or_region_of_origin,893,0.1858902575587906
kcelectra,P,19,religion,46,0.2608695652173913
kcelectra,W,19,age,102,0.6666666666666666
kcelectra,W,19,disability,99,0.7272727272727273
kcelectra,W,19,gender,232,0.6939655172413793
kcelectra,W,19,occupation,365,0.6273972602739726
kcelectra,W,19,politics,1790,0.6977653631284916
kcelectra,W,19,race_or_region_of_origin,893,0.7144456886898096
kcelectra,W,19,religion,46,0.6739130434782609
kcelectra,S,20,age,102,0.5098039215686274
kcelectra,S,20,disability,99,0.5555555555555556
kcelectra,S,20,gender,232,0.6810344827586207
kcelectra,S,20,occupation,365,0.5123287671232877
kcelectra,S,20,politics,1790,0.6340782122905028
kcelectra,S,20,race_or_region_of_origin,893,0.6763717805151176
kcelectra,S,20,religion,46,0.5652173913043478
kcelectra,L,20,age,102,0.5980392156862745
kcelectra,L,20,disability,99,0.494949494949495
kcelectra,L,20,gender,232,0.5689655172413793
kcelectra,L,20,occupation,365,0.5534246575342465
kcelectra,L,20,politics,1790,0.7871508379888268
kcelectra,L,20,race_or_region_of_origin,893,0.7670772676371781
kcelectra,L,20,religion,46,0.5217391304347826
kcelectra,P,20,age,102,0.5784313725490197
kcelectra,P,20,disability,99,0.5656565656565656
kcelectra,P,20,gender,232,0.5818965517241379
kcelectra,P,20,occupation,365,0.536986301369863
kcelectra,P,20,politics,1790,0.5301675977653632
kcelectra,P,20,race_or_region_of_origin,893,0.5699888017917133
kcelectra,P,20,religion,46,0.4782608695652174
kcelectra,W,20,age,102,0.6372549019607843
kcelectra,W,20,disability,99,0.6060606060606061
kcelectra,W,20,gender,232,0.6810344827586207
kcelectra,W,20,occupation,365,0.6054794520547945
kcelectra,W,20,politics,1790,0.6245810055865921
kcelectra,W,20,race_or_region_of_origin,893,0.7021276595744681
kcelectra,W,20,religion,46,0.5217391304347826
kcelectra,S,21,age,102,0.4019607843137255
kcelectra,S,21,disability,99,0.37373737373737376
kcelectra,S,21,gender,232,0.4525862068965517
kcelectra,S,21,occupation,365,0.33972602739726027
kcelectra,S,21,politics,1790,0.4441340782122905
kcelectra,S,21,race_or_region_of_origin,893,0.49384098544232924
kcelectra,S,21,religion,46,0.45652173913043476
kcelectra,L,21,age,102,0.6274509803921569
kcelectra,L,21,disability,99,0.5454545454545454
kcelectra,L,21,gender,232,0.5646551724137931
kcelectra,L,21,occupation,365,0.7013698630136986
kcelectra,L,21,politics,1790,0.853072625698324
kcelectra,L,21,race_or_region_of_origin,893,0.8499440089585666
kcelectra,L,21,religion,46,0.6521739130434783
kcelectra,P,21,age,102,0.6470588235294118
kcelectra,P,21,disability,99,0.6767676767676768
kcelectra,P,21,gender,232,0.6163793103448276
kcelectra,P,21,occupation,365,0.7863013698630137
kcelectra,P,21,politics,1790,0.8078212290502793
kcelectra,P,21,race_or_region_of_origin,893,0.780515117581187
kcelectra,P,21,religion,46,0.6956521739130435
kcelectra,W,21,age,102,0.8235294117647058
kcelectra,W,21,disability,99,0.8080808080808081
kcelectra,W,21,gender,232,0.7801724137931034
kcelectra,W,21,occupation,365,0.7397260273972602
kcelectra,W,21,politics,1790,0.7916201117318435
kcelectra,W,21,race_or_region_of_origin,893,0.8533034714445689
kcelectra,W,21,religion,46,0.717391304347826
kcelectra,S,22,age,102,0.5490196078431373
kcelectra,S,22,disability,99,0.5454545454545454
kcelectra,S,22,gender,232,0.5948275862068966
kcelectra,S,22,occupation,365,0.37534246575342467
kcelectra,S,22,politics,1790,0.4994413407821229
kcelectra,S,22,race_or_region_of_origin,893,0.5879059350503919
kcelectra,S,22,religion,46,0.5434782608695652
kcelectra,L,22,age,102,0.6470588235294118
kcelectra,L,22,disability,99,0.5858585858585859
kcelectra,L,22,gender,232,0.5818965517241379
kcelectra,L,22,occupation,365,0.5863013698630137
kcelectra,L,22,politics,1790,0.7698324022346369
kcelectra,L,22,race_or_region_of_origin,893,0.8286674132138858
kcelectra,L,22,religion,46,0.717391304347826
kcelectra,P,22,age,102,0.2647058823529412
kcelectra,P,22,disability,99,0.26262626262626265
kcelectra,P,22,gender,232,0.2629310344827586
kcelectra,P,22,occupation,365,0.27945205479452057
kcelectra,P,22,politics,1790,0.3256983240223464
kcelectra,P,22,race_or_region_of_origin,893,0.23852183650615902
kcelectra,P,22,religion,46,0.1956521739130435
kcelectra,W,22,age,102,0.8529411764705882
kcelectra,W,22,disability,99,0.8181818181818182
kcelectra,W,22,gender,232,0.7931034482758621
kcelectra,W,22,occupation,365,0.6821917808219178
kcelectra,W,22,politics,1790,0.7675977653631285
kcelectra,W,22,race_or_region_of_origin,893,0.8275475923852184
kcelectra,W,22,religion,46,0.6956521739130435
kcelectra,S,23,age,102,0.6470588235294118
kcelectra,S,23,disability,99,0.6161616161616161
kcelectra,S,23,gender,232,0.6508620689655172
kcelectra,S,23,occupation,365,0.43561643835616437
kcelectra,S,23,politics,1790,0.5486033519553073
kcelectra,S,23,race_or_region_of_origin,893,0.6819708846584547
kcelectra,S,23,religion,46,0.5434782608695652
kcelectra,L,23,age,102,0.7254901960784313
kcelectra,L,23,disability,99,0.5959595959595959
kcelectra,L,23,gender,232,0.6508620689655172
kcelectra,L,23,occupation,365,0.7342465753424657
kcelectra,L,23,politics,1790,0.876536312849162
kcelectra,L,23,race_or_region_of_origin,893,0.9036954087346024
kcelectra,L,23,religion,46,0.782608695652174
kcelectra,P,23,age,102,0.8137254901960784
kcelectra,P,23,disability,99,0.7171717171717171
kcelectra,P,23,gender,232,0.6681034482758621
kcelectra,P,23,occupation,365,0.8
kcelectra,P,23,politics,1790,0.7608938547486034
kcelectra,P,23,race_or_region_of_origin,893,0.8051511758118701
kcelectra,P,23,religion,46,0.7391304347826086
kcelectra,W,23,age,102,0.8725490196078431
kcelectra,W,23,disability,99,0.7777777777777778
kcelectra,W,23,gender,232,0.8189655172413793
kcelectra,W,23,occupation,365,0.7753424657534247
kcelectra,W,23,politics,1790,0.8122905027932961
kcelectra,W,23,race_or_region_of_origin,893,0.8499440089585666
kcelectra,W,23,religion,46,0.8043478260869565
xlmr,S,1,age,102,0.696078431372549
xlmr,S,1,disability,99,0.5656565656565656
xlmr,S,1,gender,232,0.6810344827586207
xlmr,S,1,occupation,365,0.5205479452054794
xlmr,S,1,politics,1790,0.6642458100558659
xlmr,S,1,race_or_region_of_origin,893,0.7771556550951848
xlmr,S,1,religion,46,0.717391304347826
xlmr,L,1,age,102,0.5098039215686274
xlmr,L,1,disability,99,0.35353535353535354
xlmr,L,1,gender,232,0.41379310344827586
xlmr,L,1,occupation,365,0.40273972602739727
xlmr,L,1,politics,1790,0.7910614525139665
xlmr,L,1,race_or_region_of_origin,893,0.8275475923852184
xlmr,L,1,religion,46,0.6739130434782609
xlmr,P,1,age,102,0.0
xlmr,P,1,disability,99,0.0
xlmr,P,1,gender,232,0.0
xlmr,P,1,occupation,365,0.0
xlmr,P,1,politics,1790,0.0
xlmr,P,1,race_or_region_of_origin,893,0.0
xlmr,P,1,religion,46,0.0
xlmr,W,1,age,102,0.5686274509803921
xlmr,W,1,disability,99,0.46464646464646464
xlmr,W,1,gender,232,0.5732758620689655
xlmr,W,1,occupation,365,0.40273972602739727
xlmr,W,1,politics,1790,0.6128491620111732
xlmr,W,1,race_or_region_of_origin,893,0.6808510638297872
xlmr,W,1,religion,46,0.6521739130434783
xlmr,S,2,age,102,0.7745098039215687
xlmr,S,2,disability,99,0.6666666666666666
xlmr,S,2,gender,232,0.8232758620689655
xlmr,S,2,occupation,365,0.663013698630137
xlmr,S,2,politics,1790,0.7307262569832402
xlmr,S,2,race_or_region_of_origin,893,0.832026875699888
xlmr,S,2,religion,46,0.8478260869565217
xlmr,L,2,age,102,0.49019607843137253
xlmr,L,2,disability,99,0.3939393939393939
xlmr,L,2,gender,232,0.4396551724137931
xlmr,L,2,occupation,365,0.4821917808219178
xlmr,L,2,politics,1790,0.8022346368715084
xlmr,L,2,race_or_region_of_origin,893,0.7670772676371781
xlmr,L,2,religion,46,0.7608695652173914
xlmr,P,2,age,102,0.0
xlmr,P,2,disability,99,0.0
xlmr,P,2,gender,232,0.0
xlmr,P,2,occupation,365,0.0
xlmr,P,2,politics,1790,0.0
xlmr,P,2,race_or_region_of_origin,893,0.0
xlmr,P,2,religion,46,0.0
xlmr,W,2,age,102,0.6862745098039216
xlmr,W,2,disability,99,0.5858585858585859
xlmr,W,2,gender,232,0.6551724137931034
xlmr,W,2,occupation,365,0.5452054794520548
xlmr,W,2,politics,1790,0.6424581005586593
xlmr,W,2,race_or_region_of_origin,893,0.7581187010078387
xlmr,W,2,religion,46,0.782608695652174
xlmr,S,3,age,102,0.6568627450980392
xlmr,S,3,disability,99,0.5050505050505051
xlmr,S,3,gender,232,0.8405172413793104
xlmr,S,3,occupation,365,0.5780821917808219
xlmr,S,3,politics,1790,0.6620111731843575
xlmr,S,3,race_or_region_of_origin,893,0.7077267637178052
xlmr,S,3,religion,46,0.717391304347826
xlmr,L,3,age,102,0.5294117647058824
xlmr,L,3,disability,99,0.37373737373737376
xlmr,L,3,gender,232,0.4482758620689655
xlmr,L,3,occupation,365,0.4876712328767123
xlmr,L,3,politics,1790,0.7821229050279329
xlmr,L,3,race_or_region_of_origin,893,0.7827547592385219
xlmr,L,3,religion,46,0.5217391304347826
xlmr,P,3,age,102,0.0
xlmr,P,3,disability,99,0.0
xlmr,P,3,gender,232,0.0
xlmr,P,3,occupation,365,0.0
xlmr,P,3,politics,1790,0.0
xlmr,P,3,race_or_region_of_origin,893,0.0
xlmr,P,3,religion,46,0.0
xlmr,W,3,age,102,0.5294117647058824
xlmr,W,3,disability,99,0.37373737373737376
xlmr,W,3,gender,232,0.5344827586206896
xlmr,W,3,occupation,365,0.36164383561643837
xlmr,W,3,politics,1790,0.49050279329608937
xlmr,W,3,race_or_region_of_origin,893,0.6013437849944009
xlmr,W,3,religion,46,0.5652173913043478
xlmr,S,4,age,102,0.5588235294117647
xlmr,S,4,disability,99,0.5050505050505051
xlmr,S,4,gender,232,0.6982758620689655
xlmr,S,4,occupation,365,0.4602739726027397
xlmr,S,4,politics,1790,0.6435754189944134
xlmr,S,4,race_or_region_of_origin,893,0.6774916013437849
xlmr,S,4,religion,46,0.6086956521739131
xlmr,L,4,age,102,0.4803921568627451
xlmr,L,4,disability,99,0.3434343434343434
xlmr,L,4,gender,232,0.33620689655172414
xlmr,L,4,occupation,365,0.4657534246575342
xlmr,L,4,politics,1790,0.7832402234636872
xlmr,L,4,race_or_region_of_origin,893,0.7021276595744681
xlmr,L,4,religion,46,0.6086956521739131
xlmr,P,4,age,102,0.0
xlmr,P,4,disability,99,0.0
xlmr,P,4,gender,232,0.0
xlmr,P,4,occupation,365,0.0
xlmr,P,4,politics,1790,0.0
xlmr,P,4,race_or_region_of_origin,893,0.0
xlmr,P,4,religion,46,0.0
xlmr,W,4,age,102,0.7254901960784313
xlmr,W,4,disability,99,0.5656565656565656
xlmr,W,4,gender,232,0.7758620689655172
xlmr,W,4,occupation,365,0.5095890410958904
xlmr,W,4,politics,1790,0.6324022346368715
xlmr,W,4,race_or_region_of_origin,893,0.7267637178051511
xlmr,W,4,religion,46,0.782608695652174
xlmr,S,5,age,102,0.7254901960784313
xlmr,S,5,disability,99,0.6060606060606061
xlmr,S,5,gender,232,0.7672413793103449
xlmr,S,5,occupation,365,0.5315068493150685
xlmr,S,5,politics,1790,0.6642458100558659
xlmr,S,5,race_or_region_of_origin,893,0.6842105263157895
xlmr,S,5,religion,46,0.7608695652173914
xlmr,L,5,age,102,0.3333333333333333
xlmr,L,5,disability,99,0.36363636363636365
xlmr,L,5,gender,232,0.4051724137931034
xlmr,L,5,occupation,365,0.34794520547945207
xlmr,L,5,politics,1790,0.7620111731843575
xlmr,L,5,race_or_region_of_origin,893,0.7513997760358343
xlmr,L,5,religion,46,0.5434782608695652
xlmr,P,5,age,102,0.0
xlmr,P,5,disability,99,0.0
xlmr,P,5,gender,232,0.0
xlmr,P,5,occupation,365,0.0
xlmr,P,5,politics,1790,0.0
xlmr,P,5,race_or_region_of_origin,893,0.0
xlmr,P,5,religion,46,0.0
xlmr,W,5,age,102,0.5882352941176471
xlmr,W,5,disability,99,0.5252525252525253
xlmr,W,5,gender,232,0.5732758620689655
xlmr,W,5,occupation,365,0.4849315068493151
xlmr,W,5,politics,1790,0.6245810055865921
xlmr,W,5,race_or_region_of_origin,893,0.6024636058230683
xlmr,W,5,religion,46,0.6521739130434783
xlmr,S,6,age,102,0.7941176470588235
xlmr,S,6,disability,99,0.7777777777777778
xlmr,S,6,gender,232,0.9137931034482759
xlmr,S,6,occupation,365,0.7452054794520548
xlmr,S,6,politics,1790,0.8195530726256983
xlmr,S,6,race_or_region_of_origin,893,0.864501679731243
xlmr,S,6,religion,46,0.8913043478260869
xlmr,L,6,age,102,0.4411764705882353
xlmr,L,6,disability,99,0.31313131313131315
xlmr,L,6,gender,232,0.38362068965517243
xlmr,L,6,occupation,365,0.5013698630136987
xlmr,L,6,politics,1790,0.7737430167597765
xlmr,L,6,race_or_region_of_origin,893,0.7961926091825308
xlmr,L,6,religion,46,0.6086956521739131
xlmr,P,6,age,102,0.0
xlmr,P,6,disability,99,0.0
xlmr,P,6,gender,232,0.0
xlmr,P,6,occupation,365,0.0
xlmr,P,6,politics,1790,0.0
xlmr,P,6,race_or_region_of_origin,893,0.0
xlmr,P,6,religion,46,0.0
xlmr,W,6,age,102,0.5686274509803921
xlmr,W,6,disability,99,0.48484848484848486
xlmr,W,6,gender,232,0.6637931034482759
xlmr,W,6,occupation,365,0.43561643835616437
xlmr,W,6,politics,1790,0.5865921787709497
xlmr,W,6,race_or_region_of_origin,893,0.6931690929451287
xlmr,W,6,religion,46,0.6956521739130435
xlmr,S,7,age,102,0.7745098039215687
xlmr,S,7,disability,99,0.5757575757575758
xlmr,S,7,gender,232,0.8491379310344828
xlmr,S,7,occupation,365,0.5315068493150685
xlmr,S,7,politics,1790,0.6871508379888268
xlmr,S,7,race_or_region_of_origin,893,0.7558790593505039
xlmr,S,7,religion,46,0.717391304347826
xlmr,L,7,age,102,0.4803921568627451
xlmr,L,7,disability,99,0.40404040404040403
xlmr,L,7,gender,232,0.3620689655172414
xlmr,L,7,occupation,365,0.40821917808219177
xlmr,L,7,politics,1790,0.7910614525139665
xlmr,L,7,race_or_region_of_origin,893,0.8107502799552072
xlmr,L,7,religion,46,0.5869565217391305
xlmr,P,7,age,102,0.0
xlmr,P,7,disability,99,0.0
xlmr,P,7,gender,232,0.0
xlmr,P,7,occupation,365,0.0
xlmr,P,7,politics,1790,0.0
xlmr,P,7,race_or_region_of_origin,893,0.0
xlmr,P,7,religion,46,0.0
xlmr,W,7,age,102,0.47058823529411764
xlmr,W,7,disability,99,0.25252525252525254
xlmr,W,7,gender,232,0.5301724137931034
xlmr,W,7,occupation,365,0.2602739726027397
xlmr,W,7,politics,1790,0.42960893854748605
xlmr,W,7,race_or_region_of_origin,893,0.38521836506159013
xlmr,W,7,religion,46,0.41304347826086957
xlmr,S,8,age,102,0.7745098039215687
xlmr,S,8,disability,99,0.6868686868686869
xlmr,S,8,gender,232,0.8706896551724138
xlmr,S,8,occupation,365,0.5917808219178082
xlmr,S,8,politics,1790,0.7134078212290503
xlmr,S,8,race_or_region_of_origin,893,0.793952967525196
xlmr,S,8,religion,46,0.6956521739130435
xlmr,L,8,age,102,0.46078431372549017
xlmr,L,8,disability,99,0.3333333333333333
xlmr,L,8,gender,232,0.2413793103448276
xlmr,L,8,occupation,365,0.4
xlmr,L,8,politics,1790,0.759217877094972
xlmr,L,8,race_or_region_of_origin,893,0.7278835386338186
xlmr,L,8,religion,46,0.5652173913043478
xlmr,P,8,age,102,0.0
xlmr,P,8,disability,99,0.0
xlmr,P,8,gender,232,0.0
xlmr,P,8,occupation,365,0.0
xlmr,P,8,politics,1790,0.0
xlmr,P,8,race_or_region_of_origin,893,0.0
xlmr,P,8,religion,46,0.0
xlmr,W,8,age,102,0.7450980392156863
xlmr,W,8,disability,99,0.5959595959595959
xlmr,W,8,gender,232,0.7801724137931034
xlmr,W,8,occupation,365,0.547945205479452
xlmr,W,8,politics,1790,0.6882681564245811
xlmr,W,8,race_or_region_of_origin,893,0.7077267637178052
xlmr,W,8,religion,46,0.7608695652173914
xlmr,S,9,age,102,0.8431372549019608
xlmr,S,9,disability,99,0.7272727272727273
xlmr,S,9,gender,232,0.8146551724137931
xlmr,S,9,occupation,365,0.6219178082191781
xlmr,S,9,politics,1790,0.7905027932960894
xlmr,S,9,race_or_region_of_origin,893,0.6931690929451287
xlmr,S,9,religion,46,0.7608695652173914
xlmr,L,9,age,102,0.5392156862745098
xlmr,L,9,disability,99,0.43434343434343436
xlmr,L,9,gender,232,0.46120689655172414
xlmr,L,9,occupation,365,0.44931506849315067
xlmr,L,9,politics,1790,0.8446927374301676
xlmr,L,9,race_or_region_of_origin,893,0.7883538633818589
xlmr,L,9,religion,46,0.6739130434782609
xlmr,P,9,age,102,0.0
xlmr,P,9,disability,99,0.0
xlmr,P,9,gender,232,0.0
xlmr,P,9,occupation,365,0.0
xlmr,P,9,politics,1790,0.0
xlmr,P,9,race_or_region_of_origin,893,0.0
xlmr,P,9,religion,46,0.0
xlmr,W,9,age,102,0.5686274509803921
xlmr,W,9,disability,99,0.41414141414141414
xlmr,W,9,gender,232,0.5258620689655172
xlmr,W,9,occupation,365,0.3452054794520548
xlmr,W,9,politics,1790,0.4877094972067039
xlmr,W,9,race_or_region_of_origin,893,0.4658454647256439
xlmr,W,9,religion,46,0.5
xlmr,S,10,age,102,0.7450980392156863
xlmr,S,10,disability,99,0.5555555555555556
xlmr,S,10,gender,232,0.8879310344827587
xlmr,S,10,occupation,365,0.5232876712328767
xlmr,S,10,politics,1790,0.6558659217877095
xlmr,S,10,race_or_region_of_origin,893,0.7525195968645016
xlmr,S,10,religion,46,0.6739130434782609
xlmr,L,10,age,102,0.43137254901960786
xlmr,L,10,disability,99,0.36363636363636365
xlmr,L,10,gender,232,0.5258620689655172
xlmr,L,10,occupation,365,0.4575342465753425
xlmr,L,10,politics,1790,0.7743016759776536
xlmr,L,10,race_or_region_of_origin,893,0.6215005599104143
xlmr,L,10,religion,46,0.5434782608695652
xlmr,P,10,age,102,0.0
xlmr,P,10,disability,99,0.0
xlmr,P,10,gender,232,0.0
xlmr,P,10,occupation,365,0.0
xlmr,P,10,politics,1790,0.0
xlmr,P,10,race_or_region_of_origin,893,0.0
xlmr,P,10,religion,46,0.0
xlmr,W,10,age,102,0.0
xlmr,W,10,disability,99,0.0
xlmr,W,10,gender,232,0.0
xlmr,W,10,occupation,365,0.0
xlmr,W,10,politics,1790,0.0
xlmr,W,10,race_or_region_of_origin,893,0.0
xlmr,W,10,religion,46,0.0
xlmr,S,11,age,102,0.7254901960784313
xlmr,S,11,disability,99,0.5959595959595959
xlmr,S,11,gender,232,0.6594827586206896
xlmr,S,11,occupation,365,0.5561643835616439
xlmr,S,11,politics,1790,0.6631284916201118
xlmr,S,11,race_or_region_of_origin,893,0.6562150055991042
xlmr,S,11,religion,46,0.7608695652173914
xlmr,L,11,age,102,0.49019607843137253
xlmr,L,11,disability,99,0.36363636363636365
xlmr,L,11,gender,232,0.3103448275862069
xlmr,L,11,occupation,365,0.37534246575342467
xlmr,L,11,politics,1790,0.7223463687150838
xlmr,L,11,race_or_region_of_origin,893,0.6763717805151176
xlmr,L,11,religion,46,0.6304347826086957
xlmr,P,11,age,102,0.0
xlmr,P,11,disability,99,0.0
xlmr,P,11,gender,232,0.0
xlmr,P,11,occupation,365,0.0
xlmr,P,11,politics,1790,0.0
xlmr,P,11,race_or_region_of_origin,893,0.0
xlmr,P,11,religion,46,0.0
xlmr,W,11,age,102,0.6176470588235294
xlmr,W,11,disability,99,0.43434343434343436
xlmr,W,11,gender,232,0.521551724137931
xlmr,W,11,occupation,365,0.4657534246575342
xlmr,W,11,politics,1790,0.6050279329608939
xlmr,W,11,race_or_region_of_origin,893,0.5643896976483762
xlmr,W,11,religion,46,0.6086956521739131
xlmr,S,12,age,102,0.8431372549019608
xlmr,S,12,disability,99,0.7777777777777778
xlmr,S,12,gender,232,0.9525862068965517
xlmr,S,12,occupation,365,0.7452054794520548
xlmr,S,12,politics,1790,0.7821229050279329
xlmr,S,12,race_or_region_of_origin,893,0.7950727883538634
xlmr,S,12,religion,46,0.8043478260869565
xlmr,L,12,age,102,0.49019607843137253
xlmr,L,12,disability,99,0.41414141414141414
xlmr,L,12,gender,232,0.3577586206896552
xlmr,L,12,occupation,365,0.4767123287671233
xlmr,L,12,politics,1790,0.8128491620111732
xlmr,L,12,race_or_region_of_origin,893,0.7402015677491601
xlmr,L,12,religion,46,0.6304347826086957
xlmr,P,12,age,102,0.0
xlmr,P,12,disability,99,0.0
xlmr,P,12,gender,232,0.0
xlmr,P,12,occupation,365,0.0
xlmr,P,12,politics,1790,0.0
xlmr,P,12,race_or_region_of_origin,893,0.0
xlmr,P,12,religion,46,0.0
xlmr,W,12,age,102,0.7843137254901961
xlmr,W,12,disability,99,0.6262626262626263
xlmr,W,12,gender,232,0.8017241379310345
xlmr,W,12,occupation,365,0.6273972602739726
xlmr,W,12,politics,1790,0.740782122905028
xlmr,W,12,race_or_region_of_origin,893,0.7334826427771557
xlmr,W,12,religion,46,0.8043478260869565
xlmr,S,13,age,102,0.6568627450980392
xlmr,S,13,disability,99,0.5656565656565656
xlmr,S,13,gender,232,0.7198275862068966
xlmr,S,13,occupation,365,0.6082191780821918
xlmr,S,13,politics,1790,0.7491620111731844
xlmr,S,13,race_or_region_of_origin,893,0.7379619260918253
xlmr,S,13,religion,46,0.782608695652174
xlmr,L,13,age,102,0.5392156862745098
xlmr,L,13,disability,99,0.42424242424242425
xlmr,L,13,gender,232,0.5689655172413793
xlmr,L,13,occupation,365,0.5534246575342465
xlmr,L,13,politics,1790,0.8145251396648044
xlmr,L,13,race_or_region_of_origin,893,0.7827547592385219
xlmr,L,13,religion,46,0.717391304347826
xlmr,P,13,age,102,0.0
xlmr,P,13,disability,99,0.0
xlmr,P,13,gender,232,0.0
xlmr,P,13,occupation,365,0.0
xlmr,P,13,politics,1790,0.0
xlmr,P,13,race_or_region_of_origin,893,0.0
xlmr,P,13,religion,46,0.0
xlmr,W,13,age,102,0.6862745098039216
xlmr,W,13,disability,99,0.5757575757575758
xlmr,W,13,gender,232,0.6982758620689655
xlmr,W,13,occupation,365,0.5726027397260274
xlmr,W,13,politics,1790,0.7106145251396648
xlmr,W,13,race_or_region_of_origin,893,0.729003359462486
xlmr,W,13,religion,46,0.7608695652173914
xlmr,S,14,age,102,0.7549019607843137
xlmr,S,14,disability,99,0.6767676767676768
xlmr,S,14,gender,232,0.8232758620689655
xlmr,S,14,occupation,365,0.5506849315068493
xlmr,S,14,politics,1790,0.7162011173184357
xlmr,S,14,race_or_region_of_origin,893,0.8208286674132139
xlmr,S,14,religion,46,0.6739130434782609
xlmr,L,14,age,102,0.5294117647058824
xlmr,L,14,disability,99,0.37373737373737376
xlmr,L,14,gender,232,0.5301724137931034
xlmr,L,14,occupation,365,0.4602739726027397
xlmr,L,14,politics,1790,0.7893854748603352
xlmr,L,14,race_or_region_of_origin,893,0.7390817469204927
xlmr,L,14,religion,46,0.6956521739130435
xlmr,P,14,age,102,0.0
xlmr,P,14,disability,99,0.0
xlmr,P,14,gender,232,0.0
xlmr,P,14,occupation,365,0.0
xlmr,P,14,politics,1790,0.0
xlmr,P,14,race_or_region_of_origin,893,0.0
xlmr,P,14,religion,46,0.0
xlmr,W,14,age,102,0.0
xlmr,W,14,disability,99,0.06060606060606061
xlmr,W,14,gender,232,0.03017241379310345
xlmr,W,14,occupation,365,0.0273972602739726
xlmr,W,14,politics,1790,0.04748603351955307
xlmr,W,14,race_or_region_of_origin,893,0.0671892497200448
xlmr,W,14,religion,46,0.043478260869565216
xlmr,S,15,age,102,0.7843137254901961
xlmr,S,15,disability,99,0.6161616161616161
xlmr,S,15,gender,232,0.771551724137931
xlmr,S,15,occupation,365,0.6520547945205479
xlmr,S,15,politics,1790,0.7150837988826816
xlmr,S,15,race_or_region_of_origin,893,0.7592385218365062
xlmr,S,15,religion,46,0.7391304347826086
xlmr,L,15,age,102,0.5882352941176471
xlmr,L,15,disability,99,0.4444444444444444
xlmr,L,15,gender,232,0.5301724137931034
xlmr,L,15,occupation,365,0.4931506849315068
xlmr,L,15,politics,1790,0.7994413407821229
xlmr,L,15,race_or_region_of_origin,893,0.8185890257558791
xlmr,L,15,religion,46,0.6521739130434783
xlmr,P,15,age,102,0.0
xlmr,P,15,disability,99,0.0
xlmr,P,15,gender,232,0.0
xlmr,P,15,occupation,365,0.0
xlmr,P,15,politics,1790,0.0
xlmr,P,15,race_or_region_of_origin,893,0.0
xlmr,P,15,religion,46,0.0
xlmr,W,15,age,102,0.6568627450980392
xlmr,W,15,disability,99,0.5555555555555556
xlmr,W,15,gender,232,0.5948275862068966
xlmr,W,15,occupation,365,0.536986301369863
xlmr,W,15,politics,1790,0.6363128491620111
xlmr,W,15,race_or_region_of_origin,893,0.6517357222844344
xlmr,W,15,religion,46,0.6304347826086957
xlmr,S,16,age,102,0.7352941176470589
xlmr,S,16,disability,99,0.6363636363636364
xlmr,S,16,gender,232,0.8232758620689655
xlmr,S,16,occupation,365,0.5808219178082191
xlmr,S,16,politics,1790,0.6754189944134078
xlmr,S,16,race_or_region_of_origin,893,0.7267637178051511
xlmr,S,16,religion,46,0.8043478260869565
xlmr,L,16,age,102,0.49019607843137253
xlmr,L,16,disability,99,0.48484848484848486
xlmr,L,16,gender,232,0.41810344827586204
xlmr,L,16,occupation,365,0.4136986301369863
xlmr,L,16,politics,1790,0.7480446927374301
xlmr,L,16,race_or_region_of_origin,893,0.7077267637178052
xlmr,L,16,religion,46,0.5652173913043478
xlmr,P,16,age,102,0.0
xlmr,P,16,disability,99,0.0
xlmr,P,16,gender,232,0.0
xlmr,P,16,occupation,365,0.0
xlmr,P,16,politics,1790,0.0
xlmr,P,16,race_or_region_of_origin,893,0.0
xlmr,P,16,religion,46,0.0
xlmr,W,16,age,102,0.7156862745098039
xlmr,W,16,disability,99,0.6161616161616161
xlmr,W,16,gender,232,0.7758620689655172
xlmr,W,16,occupation,365,0.5315068493150685
xlmr,W,16,politics,1790,0.6452513966480447
xlmr,W,16,race_or_region_of_origin,893,0.7301231802911534
xlmr,W,16,religion,46,0.7391304347826086
xlmr,S,17,age,102,0.6764705882352942
xlmr,S,17,disability,99,0.4444444444444444
xlmr,S,17,gender,232,0.8275862068965517
xlmr,S,17,occupation,365,0.5123287671232877
xlmr,S,17,politics,1790,0.617877094972067
xlmr,S,17,race_or_region_of_origin,893,0.6864501679731243
xlmr,S,17,religion,46,0.6956521739130435
xlmr,L,17,age,102,0.45098039215686275
xlmr,L,17,disability,99,0.31313131313131315
xlmr,L,17,gender,232,0.39655172413793105
xlmr,L,17,occupation,365,0.4575342465753425
xlmr,L,17,politics,1790,0.7357541899441341
xlmr,L,17,race_or_region_of_origin,893,0.6931690929451287
xlmr,L,17,religion,46,0.6521739130434783
xlmr,P,17,age,102,0.0
xlmr,P,17,disability,99,0.0
xlmr,P,17,gender,232,0.0
xlmr,P,17,occupation,365,0.0
xlmr,P,17,politics,1790,0.0
xlmr,P,17,race_or_region_of_origin,893,0.0
xlmr,P,17,religion,46,0.0
xlmr,W,17,age,102,0.5588235294117647
xlmr,W,17,disability,99,0.45454545454545453
xlmr,W,17,gender,232,0.6379310344827587
xlmr,W,17,occupation,365,0.3424657534246575
xlmr,W,17,politics,1790,0.46759776536312847
xlmr,W,17,race_or_region_of_origin,893,0.5755879059350504
xlmr,W,17,religion,46,0.6521739130434783
xlmr,S,18,age,102,0.6764705882352942
xlmr,S,18,disability,99,0.5959595959595959
xlmr,S,18,gender,232,0.8275862068965517
xlmr,S,18,occupation,365,0.4547945205479452
xlmr,S,18,politics,1790,0.6223463687150838
xlmr,S,18,race_or_region_of_origin,893,0.7155655095184771
xlmr,S,18,religion,46,0.717391304347826
xlmr,L,18,age,102,0.49019607843137253
xlmr,L,18,disability,99,0.40404040404040403
xlmr,L,18,gender,232,0.45689655172413796
xlmr,L,18,occupation,365,0.473972602739726
xlmr,L,18,politics,1790,0.7642458100558659
xlmr,L,18,race_or_region_of_origin,893,0.7625979843225084
xlmr,L,18,religion,46,0.45652173913043476
xlmr,P,18,age,102,0.0
xlmr,P,18,disability,99,0.0
xlmr,P,18,gender,232,0.0
xlmr,P,18,occupation,365,0.0
xlmr,P,18,politics,1790,0.0
xlmr,P,18,race_or_region_of_origin,893,0.0
xlmr,P,18,religion,46,0.0
xlmr,W,18,age,102,0.5882352941176471
xlmr,W,18,disability,99,0.41414141414141414
xlmr,W,18,gender,232,0.7801724137931034
xlmr,W,18,occupation,365,0.38082191780821917
xlmr,W,18,politics,1790,0.523463687150838
xlmr,W,18,race_or_region_of_origin,893,0.5666293393057111
xlmr,W,18,religion,46,0.6304347826086957
xlmr,S,19,age,102,0.7352941176470589
xlmr,S,19,disability,99,0.6565656565656566
xlmr,S,19,gender,232,0.7758620689655172
xlmr,S,19,occupation,365,0.5863013698630137
xlmr,S,19,politics,1790,0.7692737430167598
xlmr,S,19,race_or_region_of_origin,893,0.7301231802911534
xlmr,S,19,religion,46,0.6956521739130435
xlmr,L,19,age,102,0.5294117647058824
xlmr,L,19,disability,99,0.3939393939393939
xlmr,L,19,gender,232,0.4396551724137931
xlmr,L,19,occupation,365,0.473972602739726
xlmr,L,19,politics,1790,0.7843575418994413
xlmr,L,19,race_or_region_of_origin,893,0.761478163493841
xlmr,L,19,religion,46,0.6739130434782609
xlmr,P,19,age,102,0.00980392156862745
xlmr,P,19,disability,99,0.0
xlmr,P,19,gender,232,0.004310344827586207
xlmr,P,19,occupation,365,0.0
xlmr,P,19,politics,1790,0.00558659217877095
xlmr,P,19,race_or_region_of_origin,893,0.008958566629339306
xlmr,P,19,religion,46,0.021739130434782608
xlmr,W,19,age,102,0.7156862745098039
xlmr,W,19,disability,99,0.5454545454545454
xlmr,W,19,gender,232,0.6594827586206896
xlmr,W,19,occupation,365,0.6301369863013698
xlmr,W,19,politics,1790,0.7162011173184357
xlmr,W,19,race_or_region_of_origin,893,0.6842105263157895
xlmr,W,19,religion,46,0.7391304347826086
xlmr,S,20,age,102,0.8235294117647058
xlmr,S,20,disability,99,0.6767676767676768
xlmr,S,20,gender,232,0.8017241379310345
xlmr,S,20,occupation,365,0.7424657534246575
xlmr,S,20,politics,1790,0.7687150837988826
xlmr,S,20,race_or_region_of_origin,893,0.7984322508398656
xlmr,S,20,religion,46,0.7608695652173914
xlmr,L,20,age,102,0.6078431372549019
xlmr,L,20,disability,99,0.3939393939393939
xlmr,L,20,gender,232,0.46120689655172414
xlmr,L,20,occupation,365,0.5260273972602739
xlmr,L,20,politics,1790,0.8396648044692737
xlmr,L,20,race_or_region_of_origin,893,0.8017917133258678
xlmr,L,20,religion,46,0.5869565217391305
xlmr,P,20,age,102,0.0
xlmr,P,20,disability,99,0.0
xlmr,P,20,gender,232,0.0
xlmr,P,20,occupation,365,0.0
xlmr,P,20,politics,1790,0.0
xlmr,P,20,race_or_region_of_origin,893,0.0
xlmr,P,20,religion,46,0.0
xlmr,W,20,age,102,0.6862745098039216
xlmr,W,20,disability,99,0.494949494949495
xlmr,W,20,gender,232,0.6939655172413793
xlmr,W,20,occupation,365,0.5753424657534246
xlmr,W,20,politics,1790,0.6776536312849162
xlmr,W,20,race_or_region_of_origin,893,0.6786114221724524
xlmr,W,20,religion,46,0.6956521739130435
xlmr,S,21,age,102,0.7941176470588235
xlmr,S,21,disability,99,0.6464646464646465
xlmr,S,21,gender,232,0.8189655172413793
xlmr,S,21,occupation,365,0.6520547945205479
xlmr,S,21,politics,1790,0.7837988826815643
xlmr,S,21,race_or_region_of_origin,893,0.786114221724524
xlmr,S,21,religion,46,0.7391304347826086
xlmr,L,21,age,102,0.47058823529411764
xlmr,L,21,disability,99,0.36363636363636365
xlmr,L,21,gender,232,0.41810344827586204
xlmr,L,21,occupation,365,0.4767123287671233
xlmr,L,21,politics,1790,0.8083798882681564
xlmr,L,21,race_or_region_of_origin,893,0.7278835386338186
xlmr,L,21,religion,46,0.5869565217391305
xlmr,P,21,age,102,0.0
xlmr,P,21,disability,99,0.0
xlmr,P,21,gender,232,0.0
xlmr,P,21,occupation,365,0.0
xlmr,P,21,politics,1790,0.0
xlmr,P,21,race_or_region_of_origin,893,0.0
xlmr,P,21,religion,46,0.0
xlmr,W,21,age,102,0.6764705882352942
xlmr,W,21,disability,99,0.5959595959595959
xlmr,W,21,gender,232,0.6594827586206896
xlmr,W,21,occupation,365,0.5643835616438356
xlmr,W,21,politics,1790,0.7525139664804469
xlmr,W,21,race_or_region_of_origin,893,0.7334826427771557
xlmr,W,21,religion,46,0.782608695652174
xlmr,S,22,age,102,0.6568627450980392
xlmr,S,22,disability,99,0.5353535353535354
xlmr,S,22,gender,232,0.7327586206896551
xlmr,S,22,occupation,365,0.4931506849315068
xlmr,S,22,politics,1790,0.6156424581005586
xlmr,S,22,race_or_region_of_origin,893,0.6875699888017918
xlmr,S,22,religion,46,0.6956521739130435
xlmr,L,22,age,102,0.47058823529411764
xlmr,L,22,disability,99,0.36363636363636365
xlmr,L,22,gender,232,0.2974137931034483
xlmr,L,22,occupation,365,0.4246575342465753
xlmr,L,22,politics,1790,0.753072625698324
xlmr,L,22,race_or_region_of_origin,893,0.6954087346024636
xlmr,L,22,religion,46,0.5869565217391305
xlmr,P,22,age,102,0.0
xlmr,P,22,disability,99,0.0
xlmr,P,22,gender,232,0.0
xlmr,P,22,occupation,365,0.0
xlmr,P,22,politics,1790,0.0
xlmr,P,22,race_or_region_of_origin,893,0.0
xlmr,P,22,religion,46,0.0
xlmr,W,22,age,102,0.6372549019607843
xlmr,W,22,disability,99,0.42424242424242425
xlmr,W,22,gender,232,0.5905172413793104
xlmr,W,22,occupation,365,0.43561643835616437
xlmr,W,22,politics,1790,0.6782122905027933
xlmr,W,22,race_or_region_of_origin,893,0.6237402015677491
xlmr,W,22,religion,46,0.5869565217391305
xlmr,S,23,age,102,0.8333333333333334
xlmr,S,23,disability,99,0.6363636363636364
xlmr,S,23,gender,232,0.8017241379310345
xlmr,S,23,occupation,365,0.663013698630137
xlmr,S,23,politics,1790,0.7581005586592179
xlmr,S,23,race_or_region_of_origin,893,0.8141097424412094
xlmr,S,23,religion,46,0.8695652173913043
xlmr,L,23,age,102,0.4215686274509804
xlmr,L,23,disability,99,0.30303030303030304
xlmr,L,23,gender,232,0.28879310344827586
xlmr,L,23,occupation,365,0.410958904109589
xlmr,L,23,politics,1790,0.7670391061452514
xlmr,L,23,race_or_region_of_origin,893,0.7491601343784995
xlmr,L,23,religion,46,0.5
xlmr,P,23,age,102,0.00980392156862745
xlmr,P,23,disability,99,0.0
xlmr,P,23,gender,232,0.0
xlmr,P,23,occupation,365,0.0
xlmr,P,23,politics,1790,0.013407821229050279
xlmr,P,23,race_or_region_of_origin,893,0.007838745800671893
xlmr,P,23,religion,46,0.021739130434782608
xlmr,W,23,age,102,0.8627450980392157
xlmr,W,23,disability,99,0.6868686868686869
xlmr,W,23,gender,232,0.8189655172413793
xlmr,W,23,occupation,365,0.7068493150684931
xlmr,W,23,politics,1790,0.8251396648044693
xlmr,W,23,race_or_region_of_origin,893,0.8152295632698768
xlmr,W,23,religion,46,0.8695652173913043
