cell_name,translator,model,repeat_seed,label_source,n,tn,fp,fn,tp,non_hate_support,hate_support,macro_f1,mcc,balanced_accuracy,non_hate_precision,hate_precision,non_hate_recall,hate_recall,non_hate_f1,hate_f1,predicted_hate_rate
exaone_kcelectra_s20260901_retrieved_source,exaone,kcelectra,20260901,source,40129,23402,4374,6607,5746,27776,12353,0.66066859168250125,0.3270384372957974,0.65383804380528843,0.77983271685161115,0.56778656126482219,0.84252592165898621,0.4651501659515907,0.80996798477113441,0.5113691985938682,0.25218669789927484
exaone_kcelectra_s20260901_retrieved_exaone,exaone,kcelectra,20260901,exaone,40129,21893,5883,5230,7123,27776,12353,0.67967333343537439,0.35979770550345036,0.68240975420484062,0.80717472256018874,0.54767030601260958,0.78819844470046085,0.57662106370922039,0.79757372629738243,0.56177294057336646,0.32410476214209177
exaone_kcelectra_s20260901_retrieved_gemma4,exaone,kcelectra,20260901,gemma4,40129,22527,5249,4750,7603,27776,12353,0.71083400892800008,0.42194749210525667,0.71325096353159245,0.82586061517028997,0.59158107687519457,0.81102390552995396,0.61547802153323083,0.81837502043485366,0.60329299742114662,0.32026713847840715
exaone_xlmr_s20260901_retrieved_source,exaone,xlmr,20260901,source,40129,21136,6640,5011,7342,27776,12353,0.67075880383704733,0.34420222278481261,0.67764712558862739,0.80835277469690592,0.52510370476326707,0.76094470046082952,0.59434955071642515,0.78393264469706803,0.55758496297702675,0.34842632510154753
exaone_xlmr_s20260901_retrieved_exaone,exaone,xlmr,20260901,exaone,40129,20556,7220,5718,6635,27776,12353,0.63348149550624111,0.26910165656465623,0.63858992698838801,0.78237040420187254,0.47888848791050165,0.74006336405529949,0.53711648992147654,0.76062904717853841,0.50633394383394381,0.34526153156071671
exaone_xlmr_s20260901_retrieved_gemma4,exaone,xlmr,20260901,gemma4,40129,23298,4478,6342,6011,27776,12353,0.66893098419726194,0.34183087997620587,0.66269206338895648,0.78603238866396763,0.57307655639241106,0.8387816820276498,0.4866024447502631,0.81155078723700713,0.52631118115751685,0.26138204291161005
gemma4_kcelectra_s20260901_retrieved_source,gemma4,kcelectra,20260901,source,40129,23486,4290,6480,5873,27776,12353,0.66757706598385558,0.34070248213381094,0.66049059229161666,0.78375492224521126,0.57788054708255432,0.84555011520737322,0.4754310693758601,0.8134806553288767,0.52167347663883457,0.25325824216900494
gemma4_kcelectra_s20260901_retrieved_exaone,gemma4,kcelectra,20260901,exaone,40129,22561,5215,6067,6286,27776,12353,0.66350910757268644,0.32780427232076093,0.66055611368728506,0.78807461226770992,0.54656116859403525,0.81224798387096775,0.50886424350360238,0.79997872491312672,0.52703949023224617,0.28660071270153753
gemma4_kcelectra_s20260901_retrieved_gemma4,gemma4,kcelectra,20260901,gemma4,40129,23151,4625,5224,7129,27776,12353,0.70802221345277927,0.41646176390318279,0.70529805949999647,0.81589427312775331,0.6065169304066701,0.83348934331797231,0.57710677568202051,0.82459795907463806,0.59144646783092047,0.2929053801490194
gemma4_xlmr_s20260901_retrieved_source,gemma4,xlmr,20260901,source,40129,20225,7551,4136,8217,27776,12353,0.68012184449119295,0.37174175288947975,0.69666457406613291,0.83022043430072656,0.52111872146118721,0.72814660138248843,0.66518254674977739,0.77584057387268157,0.58440311510970444,0.39293279174661716
gemma4_xlmr_s20260901_retrieved_exaone,gemma4,xlmr,20260901,exaone,40129,22733,5043,6511,5842,27776,12353,0.65008324335051659,0.30249714834040919,0.6456809688503623,0.77735603884557514,0.53670188332567759,0.81844038018433185,0.47292155751639275,0.7973693440897931,0.5027971426112402,0.27125021804679905
gemma4_xlmr_s20260901_retrieved_gemma4,gemma4,xlmr,20260901,gemma4,40129,23698,4078,6152,6201,27776,12353,0.68523055973725189,0.37558199741493353,0.67758296378778482,0.79390284757118923,0.60326880046697151,0.8531826036866359,0.50198332388893385,0.82247596570992265,0.54798515376458112,0.25614891973385828
exaone_kcelectra_s20260902_retrieved_source,exaone,kcelectra,20260902,source,40129,21275,6501,4942,7411,27776,12353,0.67619513354363825,0.35487754236009306,0.68294212957047695,0.8114963573253996,0.53270557791834383,0.76594902073732718,0.59993523840362661,0.78806511955253455,0.56432514753474206,0.34668195070896357
exaone_kcelectra_s20260902_retrieved_exaone,exaone,kcelectra,20260902,exaone,40129,22919,4857,5903,6450,27776,12353,0.67755564096560106,0.35633752982099576,0.67363858975794977,0.79519117340920131,0.57044308835234814,0.82513680875576034,0.52214037076013919,0.80988727516873382,0.54522400676246829,0.28176630367066213
exaone_kcelectra_s20260902_retrieved_gemma4,exaone,kcelectra,20260902,gemma4,40129,23193,4583,5212,7141,27776,12353,0.70941650712534465,0.41929488102116297,0.70653981985989334,0.81651117760957581,0.60909245991129313,0.83500144009216593,0.57807819962762086,0.82565280076894321,0.5931802134817461,0.29215779112362633
exaone_xlmr_s20260902_retrieved_source,exaone,xlmr,20260902,source,40129,18786,8990,3558,8795,27776,12353,0.66664470596734138,0.36082330827975273,0.69415604292190447,0.84076262083780884,0.49451785212257521,0.6763392857142857,0.71197280012952324,0.7496408619313647,0.58364855000331806,0.44319569388721375
exaone_xlmr_s20260902_retrieved_exaone,exaone,xlmr,20260902,exaone,40129,19886,7890,5488,6865,27776,12353,0.6273949100986389,0.26008200284237892,0.63583863457765633,0.78371561440844961,0.46526601152151814,0.71594182027649766,0.55573544887881487,0.74829727187206019,0.50649254832521762,0.3676892023225099
exaone_xlmr_s20260902_retrieved_gemma4,exaone,xlmr,20260902,gemma4,40129,23153,4623,5826,6527,27776,12353,0.68565566504643205,0.37296884067925884,0.68096751116867071,0.79895786604092622,0.58538116591928246,0.83356134792626724,0.52837367441107419,0.81589287287463663,0.55541845721822747,0.27785392110443818
gemma4_kcelectra_s20260902_retrieved_source,gemma4,kcelectra,20260902,source,40129,20234,7542,4218,8135,27776,12353,0.67764147052916068,0.36615107676898218,0.69350755262066222,0.82749877310649433,0.51891305734515536,0.72847062211981561,0.65854448312150893,0.77483342268514976,0.5804495183731716,0.39066510503625806
gemma4_kcelectra_s20260902_retrieved_exaone,gemma4,kcelectra,20260902,exaone,40129,22790,4986,5831,6522,27776,12353,0.67743256277651009,0.35565871373810887,0.67423071297723913,0.79626847419726776,0.56673618352450472,0.82049251152073732,0.52796891443374083,0.80819901767824531,0.54666610787477476,0.28677515014079591
gemma4_kcelectra_s20260902_retrieved_gemma4,gemma4,kcelectra,20260902,gemma4,40129,22455,5321,4901,7452,27776,12353,0.70388042928661676,0.40795703588091481,0.70584300492454866,0.82084369059804063,0.58341814765521016,0.80843173963133641,0.6032542702177609,0.81459043749546545,0.59317042107776807,0.31829848737820526
gemma4_xlmr_s20260902_retrieved_source,gemma4,xlmr,20260902,source,40129,19301,8475,4174,8179,27776,12353,0.65856395170245907,0.33443459994189673,0.67849342163613691,0.82219382321618739,0.49111324606701096,0.69488047235023043,0.66210637092204327,0.75319505960859301,0.56393284379632502,0.4150115876298936
gemma4_xlmr_s20260902_retrieved_exaone,gemma4,xlmr,20260902,exaone,40129,21741,6035,6064,6289,27776,12353,0.64601154609025913,0.29202394674566484,0.64591659698002424,0.78190972846610318,0.51030509574813376,0.78272609447004604,0.50910709949000243,0.78231769849408972,0.50970539368642864,0.30710957163148844
gemma4_xlmr_s20260902_retrieved_gemma4,gemma4,xlmr,20260902,gemma4,40129,23026,4750,5872,6481,27776,12353,0.68109355045632447,0.36361186234801235,0.67681946895957279,0.79680254688905805,0.57706348499688365,0.82898905529953915,0.52464988261960654,0.81257719589229627,0.54960990502035278,0.27987241147299957
exaone_kcelectra_s20260903_retrieved_source,exaone,kcelectra,20260903,source,40129,24962,2814,8261,4092,27776,12353,0.62169191424624681,0.28119816804058057,0.61497254078936026,0.75134695843241128,0.59252823631624674,0.89868951612903225,0.33125556544968832,0.81843964655158286,0.42494418194091077,0.17209499364549327
exaone_kcelectra_s20260903_retrieved_exaone,exaone,kcelectra,20260903,exaone,40129,20661,7115,4920,7433,27776,12353,0.66353135114905448,0.33180571856583913,0.67277989414733863,0.80766975489621207,0.51092933736596091,0.74384360599078336,0.60171618230389379,0.77444384054575777,0.5526188617523512,0.36253083804729747
exaone_kcelectra_s20260903_retrieved_gemma4,exaone,kcelectra,20260903,gemma4,40129,20809,6967,4262,8091,27776,12353,0.68893281351360591,0.38530004687190328,0.70207727116279151,0.83000279207051975,0.53732235356621061,0.74917194700460832,0.65498259532097469,0.7875186860181278,0.59034694100908391,0.37523985147898031
exaone_xlmr_s20260903_retrieved_source,exaone,xlmr,20260903,source,40129,20524,7252,4587,7766,27776,12353,0.67180363938954235,0.35062283208323641,0.68379224355844082,0.81733105013738994,0.51711279797576237,0.73891129032258063,0.628673196794301,0.77614536653619981,0.56746191224288478,0.37424306611178948
exaone_xlmr_s20260903_retrieved_exaone,exaone,xlmr,20260903,exaone,40129,21703,6073,6376,5977,27776,12353,0.63348856559835509,0.26706900491008745,0.63260404190841901,0.77292638626731724,0.49601659751037347,0.78135800691244239,0.48385007690439569,0.77711932682839491,0.48985780436831539,0.30028159186623138
exaone_xlmr_s20260903_retrieved_gemma4,exaone,xlmr,20260903,gemma4,40129,23755,4021,6356,5997,27776,12353,0.67843874605998233,0.3633666063808163,0.67035192591838544,0.78891435023745471,0.59862247953683367,0.85523473502304148,0.48546911681372945,0.82073695302917749,0.53614053909078718,0.24964489521293828
gemma4_kcelectra_s20260903_retrieved_source,gemma4,kcelectra,20260903,source,40129,24256,3520,7172,5181,27776,12353,0.6557835518611701,0.32785164087813529,0.6463420889569168,0.77179585083365154,0.59544879898862202,0.87327188940092171,0.41941228851291185,0.81940409431795147,0.49216300940438873,0.21682573699818086
gemma4_kcelectra_s20260903_retrieved_exaone,gemma4,kcelectra,20260903,exaone,40129,20662,7114,5060,7293,27776,12353,0.65875367789617711,0.32163966345928385,0.66713125561674413,0.80328123785086691,0.50621225793017288,0.74387960829493083,0.59038290293855744,0.77244009121836332,0.54506726457399102,0.35901716962794988
gemma4_kcelectra_s20260903_retrieved_gemma4,gemma4,kcelectra,20260903,gemma4,40129,21736,6040,4572,7781,27776,12353,0.69917309434016661,0.40064656067916732,0.70621677983780495,0.82621255891743961,0.56298386513276899,0.78254608294930872,0.6298874767263013,0.80378670216699943,0.59455948651333379,0.34441426399860448
gemma4_xlmr_s20260903_retrieved_source,gemma4,xlmr,20260903,source,40129,20506,7270,4765,7588,27776,12353,0.66542067420542828,0.33699391186485289,0.67626349522457829,0.81144394760793004,0.51070130569390226,0.73826324884792627,0.61426374160123043,0.77312571870228286,0.55771562970857369,0.37025592464302626
gemma4_xlmr_s20260903_retrieved_exaone,gemma4,xlmr,20260903,exaone,40129,21585,6191,6431,5922,27776,12353,0.6289336162501582,0.25792422629072187,0.6282537260883847,0.77045259851513426,0.48889622719392389,0.77710973502304148,0.47939771715372786,0.77376684829366216,0.48410038420665413,0.3018515288195569
gemma4_xlmr_s20260903_retrieved_gemma4,gemma4,xlmr,20260903,gemma4,40129,23657,4119,6227,6126,27776,12353,0.68137036275376306,0.36800059875713709,0.67380921672276106,0.79162762682371834,0.59795021961932648,0.85170650921658986,0.49591192422893227,0.82056885189039197,0.54217187361713426,0.25530165217174611
exaone_kcelectra_s20260904_retrieved_source,exaone,kcelectra,20260904,source,40129,22703,5073,6630,5723,27776,12353,0.64476254342778527,0.29212871225840986,0.64032429055788231,0.77397470425800297,0.53010374212671363,0.81736031105990781,0.46328827005585688,0.79507608257892803,0.49444900427664262,0.26903237060479951
exaone_kcelectra_s20260904_retrieved_exaone,exaone,kcelectra,20260904,exaone,40129,23544,4232,6979,5374,27776,12353,0.64857793541392772,0.30578942061882752,0.64133713624295452,0.77135275038495565,0.55944201540703731,0.84763824884792627,0.43503602363798266,0.80769824525292033,0.48945762557493511,0.23937800593087294
exaone_kcelectra_s20260904_retrieved_gemma4,exaone,kcelectra,20260904,gemma4,40129,24511,3265,6562,5791,27776,12353,0.68700037021481952,0.38785734530375732,0.67562274135305855,0.78881987577639756,0.6394655477031802,0.88245247695852536,0.4687930057475917,0.83301330523883155,0.54098743519080761,0.22567220713199931
exaone_xlmr_s20260904_retrieved_source,exaone,xlmr,20260904,source,40129,21392,6384,5313,7040,27776,12353,0.66576233756480352,0.33269296960079592,0.6700316692040329,0.80104849279161205,0.52443384982121577,0.77016129032258063,0.56990204808548528,0.78530129770011559,0.54622337742949145,0.33452116922923569
exaone_xlmr_s20260904_retrieved_exaone,exaone,xlmr,20260904,exaone,40129,21863,5913,6771,5582,27776,12353,0.62163887508079441,0.24401116072319662,0.61949620713554543,0.76353286302996437,0.48560243584167029,0.78711837557603692,0.45187403869505383,0.77514625066477572,0.46813149949681315,0.28645119489645893
exaone_xlmr_s20260904_retrieved_gemma4,exaone,xlmr,20260904,gemma4,40129,23041,4735,5841,6512,27776,12353,0.68260028203715306,0.36658794676173106,0.67834424217041245,0.79776331278997303,0.57899884413621405,0.82952908986175111,0.5271593944790739,0.81333615729464503,0.55186440677966098,0.28027112561987588
gemma4_kcelectra_s20260904_retrieved_source,gemma4,kcelectra,20260904,source,40129,20944,6832,5122,7231,27776,12353,0.66272562257952372,0.3283611619893359,0.66969806864206949,0.80349881071127138,0.51418616226978597,0.75403225806451613,0.58536387921962274,0.77798001560120356,0.54747122955784377,0.35044481547010892
gemma4_kcelectra_s20260904_retrieved_exaone,gemma4,kcelectra,20260904,exaone,40129,21553,6223,5070,7283,27776,12353,0.67784489100893064,0.35707008822090436,0.68276552213710651,0.80956315967396608,0.53924181845105879,0.77595766129032262,0.5895733829838905,0.79240427213735543,0.56328550988050585,0.33656457923197686
gemma4_kcelectra_s20260904_retrieved_gemma4,gemma4,kcelectra,20260904,gemma4,40129,20843,6933,4182,8171,27776,12353,0.69233891096003131,0.39240284912787626,0.70592739015196593,0.83288711288711292,0.54098252118644063,0.75039602534562211,0.66145875495830975,0.78949262324577185,0.59518519867429076,0.37638615465124969
gemma4_xlmr_s20260904_retrieved_source,gemma4,xlmr,20260904,source,40129,19825,7951,4427,7926,27776,12353,0.6618099654833125,0.33546351555248877,0.67768559789623672,0.81745835395018962,0.49921269761289916,0.71374567972350234,0.64162551606897111,0.76208964403782575,0.56153028692879914,0.39564903187221212
gemma4_xlmr_s20260904_retrieved_exaone,gemma4,xlmr,20260904,exaone,40129,20950,6826,6141,6212,27776,12353,0.62648604857519063,0.25342089356791753,0.62856103386423423,0.77331955261895091,0.47645344377972082,0.75424827188940091,0.50287379583906744,0.76366486230338815,0.48930723484699301,0.3249021904358444
gemma4_xlmr_s20260904_retrieved_gemma4,gemma4,xlmr,20260904,gemma4,40129,22354,5422,5505,6848,27776,12353,0.6799113881696548,0.3598302498933435,0.67957738593416184,0.80239778886535773,0.5581092094539527,0.80479550691244239,0.55435926495588117,0.80359485935112784,0.55622791698818175,0.30576391138578085
exaone_kcelectra_s20260905_retrieved_source,exaone,kcelectra,20260905,source,40129,24621,3155,7955,4398,27776,12353,0.62889506482429236,0.28629648917857925,0.62121980323862069,0.75580181728880158,0.58228518469482327,0.88641273041474655,0.35602687606249495,0.81591330858960764,0.44187682105897719,0.18821799695980462
exaone_kcelectra_s20260905_retrieved_exaone,exaone,kcelectra,20260905,exaone,40129,21954,5822,5785,6568,27776,12353,0.66090950010692462,0.32182042815413331,0.66104364573933228,0.79144886261220659,0.53010492332526227,0.79039458525345618,0.53169270622520848,0.79092137260199946,0.53089762761184978,0.3087542674873533
exaone_kcelectra_s20260905_retrieved_gemma4,exaone,kcelectra,20260905,gemma4,40129,21969,5807,4657,7696,27776,12353,0.70147558003291222,0.4043818035778442,0.70697058846365046,0.82509577105085252,0.5699474190920536,0.79093461981566815,0.62300655711163277,0.80765413036285427,0.59529702970297027,0.33648982032943758
exaone_xlmr_s20260905_retrieved_source,exaone,xlmr,20260905,source,40129,18850,8926,4022,8331,27776,12353,0.65353424081852585,0.32917596105355013,0.67652725370635169,0.82415180132913601,0.48276061887929533,0.67864343317972353,0.67441107423297986,0.74435318275154005,0.56271529888551164,0.43003812704029504
exaone_xlmr_s20260905_retrieved_exaone,exaone,xlmr,20260905,exaone,40129,21657,6119,6319,6034,27776,12353,0.63467784638402314,0.26939567502616069,0.634083120783828,0.77412782384901346,0.49650292108944294,0.77970190092165903,0.48846434064599692,0.77690486439948347,0.4924508283685628,0.30284831418674774
exaone_xlmr_s20260905_retrieved_gemma4,exaone,xlmr,20260905,gemma4,40129,22911,4865,5550,6803,27776,12353,0.69061134564792059,0.38175360426547578,0.68778260774123035,0.80499631074101397,0.58304765169694894,0.82484879032258063,0.55071642515988017,0.81480164304639291,0.56642104824944839,0.29076229160955919
gemma4_kcelectra_s20260905_retrieved_source,gemma4,kcelectra,20260905,source,40129,21627,6149,5347,7006,27776,12353,0.66967262916173498,0.34001038246464238,0.67288575601842648,0.80177207681471041,0.53257316609654126,0.77862183179723499,0.56714968023961787,0.79002739726027393,0.54931786106319591,0.32781778763487751
gemma4_kcelectra_s20260905_retrieved_exaone,gemma4,kcelectra,20260905,exaone,40129,23389,4387,6287,6066,27776,12353,0.67308769776503596,0.35033949667594189,0.66655634810300013,0.78814530260142879,0.58031187218980196,0.84205789170506917,0.49105480450093097,0.81421012323330777,0.53196527229676405,0.26048493608113832
gemma4_kcelectra_s20260905_retrieved_gemma4,gemma4,kcelectra,20260905,gemma4,40129,23352,4424,5229,7124,27776,12353,0.71242130734587172,0.42560857259586837,0.70871391107814996,0.81704628949301983,0.61690335988915834,0.84072580645161288,0.57670201570468715,0.82871692957396592,0.59612568511777753,0.28777193550798674
gemma4_xlmr_s20260905_retrieved_source,gemma4,xlmr,20260905,source,40129,17185,10591,3295,9058,27776,12353,0.63916632826703301,0.32499942985459473,0.67598138585572787,0.839111328125,0.46099038118988245,0.61869959677419351,0.73326317493726223,0.71224303713527848,0.56608961939878755,0.48964589199830544
gemma4_xlmr_s20260905_retrieved_exaone,gemma4,xlmr,20260905,exaone,40129,21623,6153,6080,6273,27776,12353,0.64290899296132287,0.28582335015346461,0.6431448450715902,0.78052918456484854,0.50482858522452922,0.77847782258064513,0.50781186756253538,0.77950215396816813,0.5063158319544776,0.30965137431782502
gemma4_xlmr_s20260905_retrieved_gemma4,gemma4,xlmr,20260905,gemma4,40129,23449,4327,5924,6429,27776,12353,0.68851668872702509,0.38002113929741582,0.68232920440462785,0.79831818336567595,0.59771290442543701,0.84421802995391704,0.52044037885533878,0.8206267826208683,0.55640659483318189,0.26803558523760873
exaone_kcelectra_s20260906_retrieved_source,exaone,kcelectra,20260906,source,40129,25500,2276,10059,2294,27776,12353,0.53817614527269575,0.15077494819005574,0.5518813166804758,0.71711802919092216,0.50196936542669579,0.91805875576036866,0.18570387760058285,0.80524196731664954,0.27111032322874196,0.11388272820155
exaone_kcelectra_s20260906_retrieved_exaone,exaone,kcelectra,20260906,exaone,40129,23557,4219,7211,5142,27776,12353,0.63918686250280454,0.28854159250349976,0.63218071974577716,0.76563312532501304,0.5493002884307232,0.84810627880184331,0.41625516068971102,0.80476223011751846,0.47361149488809062,0.23327269555682922
exaone_kcelectra_s20260906_retrieved_gemma4,exaone,kcelectra,20260906,gemma4,40129,25329,2447,7416,4937,27776,12353,0.66865521926614668,0.37114850933192634,0.65578118168509603,0.77352267521759044,0.66860780065005421,0.91190236175115202,0.39966000161903992,0.83703177409494223,0.50027866443735114,0.18400657878342347
exaone_xlmr_s20260906_retrieved_source,exaone,xlmr,20260906,source,40129,17264,10512,3266,9087,27776,12353,0.64178365916572455,0.32981153640042998,0.67857728080381974,0.84091573307355094,0.46364610439308129,0.62154377880184331,0.73561078280579617,0.71477663230240551,0.56879068602904359,0.48839991028931695
exaone_xlmr_s20260906_retrieved_exaone,exaone,xlmr,20260906,exaone,40129,20681,7095,6032,6321,27776,12353,0.62483922920191093,0.25074431612529002,0.6281306077093346,0.77419234080784638,0.47115384615384615,0.74456365207373276,0.51169756334493643,0.75908899043843714,0.49058946796538477,0.33432181215579754
exaone_xlmr_s20260906_retrieved_gemma4,exaone,xlmr,20260906,gemma4,40129,21850,5926,5082,7271,27776,12353,0.68397239813093447,0.36869948366503064,0.68762615233020496,0.81130253972968958,0.55095855118587556,0.78665034562211977,0.58860195903829027,0.79878628354171233,0.56915851272015661,0.3288644122704279
gemma4_kcelectra_s20260906_retrieved_source,gemma4,kcelectra,20260906,source,40129,24921,2855,8977,3376,27776,12353,0.58573791643620809,0.21731929383086346,0.5852536791772629,0.73517611658504922,0.5418070935644359,0.89721342165898621,0.27329393669553953,0.80815254402179204,0.3633232888506242,0.15527424057414838
gemma4_kcelectra_s20260906_retrieved_exaone,gemma4,kcelectra,20260906,exaone,40129,24362,3414,7359,4994,27776,12353,0.65001320330527745,0.31912978840554279,0.6406811995005971,0.76800857476119921,0.59395813510941964,0.87708813364055305,0.40427426536064115,0.81893204699396605,0.48109435961658881,0.20952428418350819
gemma4_kcelectra_s20260906_retrieved_gemma4,gemma4,kcelectra,20260906,gemma4,40129,25359,2417,7630,4723,27776,12353,0.65962115941258515,0.35643336207778548,0.64765935273237241,0.76871078238200607,0.661484593837535,0.91298243087557607,0.38233627458916863,0.83465810910886196,0.48458420971630844,0.17792618804355953
gemma4_xlmr_s20260906_retrieved_source,gemma4,xlmr,20260906,source,40129,18756,9020,4156,8197,27776,12353,0.64723503743044242,0.31599729236853225,0.6694113617151527,0.81861033519553073,0.47609920427484465,0.67525921658986177,0.66356350684044363,0.74005681818181823,0.5544132566790666,0.42904134167310426
gemma4_xlmr_s20260906_retrieved_exaone,gemma4,xlmr,20260906,exaone,40129,21099,6677,5600,6753,27776,12353,0.64923204910144516,0.29960996204486429,0.65314072029695946,0.79025431664107271,0.50282948622486967,0.75961261520737322,0.54666882538654582,0.77463056447911882,0.52383353372377151,0.33467068703431435
gemma4_xlmr_s20260906_retrieved_gemma4,gemma4,xlmr,20260906,gemma4,40129,22830,4946,5562,6791,27776,12353,0.6883603976660424,0.37714722871398265,0.68583880245045792,0.80409974640743875,0.57859759734173977,0.8219326036866359,0.54974500121427994,0.81291838769406066,0.56380240763802403,0.29248174636796331
exaone_kcelectra_s20260907_retrieved_source,exaone,kcelectra,20260907,source,40129,21053,6723,4668,7685,27776,12353,0.6807077164932811,0.36571422502110584,0.69003629718904458,0.81851405466350458,0.53338423098278731,0.75795650921658986,0.62211608516149919,0.7870721722713423,0.57434326071521991,0.3590420892621296
exaone_kcelectra_s20260907_retrieved_exaone,exaone,kcelectra,20260907,exaone,40129,21027,6749,4829,7524,27776,12353,0.6746416459511555,0.35300948120898773,0.68305163160005911,0.81323483910891092,0.5271491627548518,0.75702044930875578,0.60908281389136243,0.78412142004773266,0.56516187185457822,0.35567793864786063
exaone_kcelectra_s20260907_retrieved_gemma4,exaone,kcelectra,20260907,gemma4,40129,22805,4971,4901,7452,27776,12353,0.71180915278680768,0.4236238981253907,0.71214340815035504,0.82310690825092037,0.59985510746196569,0.82103254608294929,0.6032542702177609,0.82206841858620816,0.60154988698740719,0.30957661541528569
exaone_xlmr_s20260907_retrieved_source,exaone,xlmr,20260907,source,40129,20454,7322,4638,7715,27776,12353,0.66856024177874196,0.34419357751474394,0.68046788702887895,0.81516021042563369,0.51306776617676397,0.73639112903225812,0.62454464502549989,0.77377619732163128,0.56334428623585253,0.37471653916120512
exaone_xlmr_s20260907_retrieved_exaone,exaone,xlmr,20260907,exaone,40129,21522,6254,6234,6119,27776,12353,0.63503262194624055,0.27006564106952752,0.63509342506120825,0.77539991353220927,0.49454457286026027,0.77484158986175111,0.49534526026066544,0.77512065115609019,0.49494459273639085,0.30833063370629721
exaone_xlmr_s20260907_retrieved_gemma4,exaone,xlmr,20260907,gemma4,40129,24046,3730,6582,5771,27776,12353,0.67578902613553338,0.36146962181923475,0.66644268568410592,0.78509860258586917,0.60740974634249023,0.86571140552995396,0.46717396583825793,0.82343675090747204,0.52814130136359472,0.23676144434199706
gemma4_kcelectra_s20260907_retrieved_source,gemma4,kcelectra,20260907,source,40129,19528,8248,3802,8551,27776,12353,0.67543241924416753,0.36984495315033517,0.69763675431367811,0.83703386198028285,0.50901839395202098,0.70305299539170507,0.69222051323565126,0.76421555198998159,0.58664928649835346,0.41862493458596028
gemma4_kcelectra_s20260907_retrieved_exaone,gemma4,kcelectra,20260907,exaone,40129,21644,6132,5233,7120,27776,12353,0.67409652504571693,0.34903298139084687,0.67780603934528116,0.80529821036574023,0.53727739209175973,0.77923387096774188,0.57637820772282033,0.79205167145444899,0.55614137863698498,0.33023499215031521
gemma4_kcelectra_s20260907_retrieved_gemma4,gemma4,kcelectra,20260907,gemma4,40129,23546,4230,5413,6940,27776,12353,0.71004758094192377,0.42176909002514135,0.70475855099751883,0.81308056217410818,0.62130707251566697,0.8477102534562212,0.56180684853881646,0.83003437031814575,0.59006079156570168,0.2783523137880336
gemma4_xlmr_s20260907_retrieved_source,gemma4,xlmr,20260907,source,40129,20292,7484,4513,7840,27776,12353,0.66918656323035797,0.34699466004693796,0.6826112001096023,0.81806087482362422,0.5116157661185069,0.73055875576036866,0.63466364445883594,0.77183773606435779,0.56653539039635803,0.38186847417079917
gemma4_xlmr_s20260907_retrieved_exaone,gemma4,xlmr,20260907,exaone,40129,20835,6941,6122,6231,27776,12353,0.62477975701577415,0.25019645971382781,0.62725994533268847,0.77289757762362277,0.47304889158821745,0.75010800691244239,0.50441188375293455,0.76133228582390877,0.48822722820763959,0.3282414214159336
gemma4_xlmr_s20260907_retrieved_gemma4,gemma4,xlmr,20260907,gemma4,40129,23865,3911,6160,6193,27776,12353,0.68865360444020052,0.38342033570131107,0.6802653482022315,0.79483763530391338,0.61292557403008707,0.85919498847926268,0.50133570792520032,0.82576426013390769,0.55154294874649334,0.25178798375239853
exaone_kcelectra_s20260908_retrieved_source,exaone,kcelectra,20260908,source,40129,19397,8379,4312,8041,27776,12353,0.65621389567032862,0.32789988337853471,0.67463584454801362,0.81812813699439035,0.4897076735688185,0.69833669354838712,0.65093499554764023,0.75350101971447991,0.55892677162617732,0.40918039323182737
exaone_kcelectra_s20260908_retrieved_exaone,exaone,kcelectra,20260908,exaone,40129,21135,6641,4782,7571,27776,12353,0.6786257886534095,0.36077468452794742,0.68689812791748939,0.81548790369255697,0.5327188291584577,0.76090869815668205,0.61288755767829672,0.78725345948261416,0.56999811782420473,0.35415784096289465
exaone_kcelectra_s20260908_retrieved_gemma4,exaone,kcelectra,20260908,gemma4,40129,20695,7081,4218,8135,27776,12353,0.68785428564011442,0.38399189598359329,0.7018060837266531,0.83069080399791273,0.53463459516298628,0.74506768433179726,0.65854448312150893,0.78555296171876487,0.59015560956146396,0.37917715367938398
exaone_xlmr_s20260908_retrieved_source,exaone,xlmr,20260908,source,40129,19119,8657,4168,8185,27776,12353,0.65477605970336616,0.32822809958008803,0.67546006794511748,0.82101601752050501,0.48598741242132765,0.68832805299539168,0.66259208289484339,0.74883966864461549,0.56071245076211684,0.41969647885569039
exaone_xlmr_s20260908_retrieved_exaone,exaone,xlmr,20260908,exaone,40129,22575,5201,7192,5161,27776,12353,0.61952200364099852,0.24315765769896072,0.61527263236630514,0.75839016360399103,0.49806987068133562,0.81275201612903225,0.41779324860357808,0.78463062405505446,0.45441338322694252,0.25821724937077922
exaone_xlmr_s20260908_retrieved_gemma4,exaone,xlmr,20260908,gemma4,40129,23983,3793,6624,5729,27776,12353,0.67268452959643343,0.35504449434339858,0.66360862119866026,0.78357891985493511,0.60165931526990124,0.86344326036866359,0.46377398202865699,0.8215747734785811,0.52379428571428577,0.23728475665977222
gemma4_kcelectra_s20260908_retrieved_source,gemma4,kcelectra,20260908,source,40129,21868,5908,5163,7190,27776,12353,0.68150376215570785,0.36359480657347976,0.68467161725113135,0.80899707742961779,0.54893876927775231,0.78729838709677424,0.58204484740548856,0.79800025544182307,0.56500726886959252,0.32639736848663059
gemma4_kcelectra_s20260908_retrieved_exaone,gemma4,kcelectra,20260908,exaone,40129,20294,7482,4299,8054,27776,12353,0.67630702803004406,0.36258618943207543,0.69130906592868535,0.82519416094010489,0.51840885684860971,0.73063076036866359,0.65198737148870722,0.77503866791422404,0.57757538814586395,0.38715143661691048
gemma4_kcelectra_s20260908_retrieved_gemma4,gemma4,kcelectra,20260908,gemma4,40129,21951,5825,4693,7660,27776,12353,0.69982530879153493,0.40103369995545113,0.70518943180792293,0.82386278336586094,0.56803856136447906,0.79028657834101379,0.62009228527483207,0.80672546857772875,0.59292514900534099,0.33604126691420172
gemma4_xlmr_s20260908_retrieved_source,gemma4,xlmr,20260908,source,40129,17653,10123,3289,9064,27776,12353,0.64973177457063147,0.34125961591989212,0.68464878101263493,0.84294718747015562,0.47240318965966538,0.63554867511520741,0.73374888691006235,0.72470134241963957,0.57476220672162337,0.47813302100725164
gemma4_xlmr_s20260908_retrieved_exaone,gemma4,xlmr,20260908,exaone,40129,21618,6158,5724,6629,27776,12353,0.65589644325100682,0.31198498118141454,0.65746429450429211,0.79065174456879528,0.51841714241026038,0.77829781105990781,0.53663077794867642,0.784426140280852,0.52736674622116153,0.31864736225672208
gemma4_xlmr_s20260908_retrieved_gemma4,gemma4,xlmr,20260908,gemma4,40129,22562,5214,5175,7178,27776,12353,0.69650612712841775,0.39301394662483524,0.69667870481750183,0.81342610952878824,0.579244673983215,0.81228398617511521,0.58107342345988833,0.81285464665934104,0.58015760759749446,0.30880410675571285
exaone_kcelectra_s20260909_retrieved_source,exaone,kcelectra,20260909,source,40129,25261,2515,8830,3523,27776,12353,0.59987246729608601,0.25130711434055064,0.59732404254913352,0.74098735736704702,0.58347134812851942,0.90945420506912444,0.2851938800291427,0.81662275526532724,0.38312217932684467,0.15046475117745273
exaone_kcelectra_s20260909_retrieved_exaone,exaone,kcelectra,20260909,exaone,40129,22513,5263,6101,6252,27776,12353,0.66117812715457269,0.32311288325096699,0.6583158744648121,0.78678269378625842,0.54294398610508032,0.81051987327188935,0.50611187565773497,0.79847490689838629,0.5238813474107592,0.28694958758005434
exaone_kcelectra_s20260909_retrieved_gemma4,exaone,kcelectra,20260909,gemma4,40129,24457,3319,6213,6140,27776,12353,0.6999510658784569,0.41060117968275733,0.68877680235001404,0.79742419302249756,0.64911724283750927,0.88050835253456217,0.49704525216546586,0.83690928378332141,0.5629928479735925,0.2357148197064467
exaone_xlmr_s20260909_retrieved_source,exaone,xlmr,20260909,source,40129,18831,8945,4416,7937,27776,12353,0.64055850411576243,0.29965417594950305,0.6602376887100132,0.8100400051619564,0.47014571733206967,0.67795938940092171,0.6425159880191047,0.73813770260470768,0.54297930562681718,0.42069326422288122
exaone_xlmr_s20260909_retrieved_exaone,exaone,xlmr,20260909,exaone,40129,19579,8197,5488,6865,27776,12353,0.62092300997456773,0.24845280967045463,0.63031228089102032,0.78106674113376151,0.45578276457309785,0.70488911290322576,0.55573544887881487,0.74102530136441913,0.50082071858471644,0.37533953001569936
exaone_xlmr_s20260909_retrieved_gemma4,exaone,xlmr,20260909,gemma4,40129,23018,4758,5649,6704,27776,12353,0.68931290292363379,0.37952938385147938,0.68570160723751872,0.80294415181218826,0.58488919909265402,0.82870103686635943,0.542702177608678,0.81561929734422334,0.56300650850304435,0.28562884696852653
gemma4_kcelectra_s20260909_retrieved_source,gemma4,kcelectra,20260909,source,40129,25002,2774,8751,3602,27776,12353,0.59866704292212392,0.24207792879871665,0.59585934798297102,0.74073415696382539,0.56493099121706403,0.90012960829493083,0.2915890876710111,0.81268995107997855,0.38464413476426934,0.15888758753021506
gemma4_kcelectra_s20260909_retrieved_exaone,gemma4,kcelectra,20260909,exaone,40129,22719,5057,6359,5994,27776,12353,0.65571255724520472,0.31326628184023314,0.65158130437679829,0.78131233234747921,0.54239435345217624,0.81793634792626724,0.48522626082732939,0.79920498117986416,0.51222013331054517,0.27538687732064093
gemma4_kcelectra_s20260909_retrieved_gemma4,gemma4,kcelectra,20260909,gemma4,40129,24527,3249,6216,6137,27776,12353,0.70143252377482779,0.41418844516343817,0.68991545500197526,0.79780763100543217,0.65384615384615385,0.88302851382488479,0.4968023961790658,0.83825765990532985,0.56460738764432583,0.23389568641132349
gemma4_xlmr_s20260909_retrieved_source,gemma4,xlmr,20260909,source,40129,18318,9458,4142,8211,27776,12353,0.63813833811995146,0.30144345797894123,0.66209352107512465,0.81558325912733753,0.46471220782160849,0.65949020737327191,0.66469683477697727,0.72927780874273429,0.54699886749716875,0.44030501632236041
gemma4_xlmr_s20260909_retrieved_exaone,gemma4,xlmr,20260909,exaone,40129,25188,2588,9842,2511,27776,12353,0.54492484374772943,0.1525920827231359,0.55504824874160685,0.71904082215244081,0.49244949990194153,0.90682603686635943,0.20327046061685419,0.80208897239117283,0.28776071510428602,0.12706521468264845
gemma4_xlmr_s20260909_retrieved_gemma4,gemma4,xlmr,20260909,gemma4,40129,23669,4107,6447,5906,27776,12353,0.67290903110794265,0.35226649633426982,0.66512051104631009,0.78592774604861204,0.58983321681813639,0.85213853686635943,0.47810248522626081,0.8176950183099565,0.52812304390592868,0.24952029704203943
exaone_kcelectra_s20260910_retrieved_source,exaone,kcelectra,20260910,source,40129,21959,5817,5651,6702,27776,12353,0.66593166596624009,0.33189221813458258,0.66655743519596911,0.79532777978993119,0.53534627366403065,0.79057459677419351,0.54254027361774471,0.79294406528725669,0.53891926664522349,0.31196890029654367
exaone_kcelectra_s20260910_retrieved_exaone,exaone,kcelectra,20260910,exaone,40129,20429,7347,4690,7663,27776,12353,0.66626768116757162,0.3394434958808944,0.67791310634490176,0.81328874557108166,0.51052631578947372,0.7354910714285714,0.62033514126123213,0.7724359580300596,0.56009940430508354,0.37404370903835132
exaone_kcelectra_s20260910_retrieved_gemma4,exaone,kcelectra,20260910,gemma4,40129,19339,8437,3799,8554,27776,12353,0.67134422077402189,0.36314206845778851,0.69435596456494264,0.83581121963868965,0.50344299923488911,0.69624855990783407,0.69246336922205132,0.75967317437247117,0.5830152671755725,0.42340950434847618
exaone_xlmr_s20260910_retrieved_source,exaone,xlmr,20260910,source,40129,20459,7317,4296,8057,27776,12353,0.6800484541915166,0.36916791872185195,0.69440068401405131,0.82645930115128252,0.52406660595811105,0.73657114055299544,0.65223022747510728,0.77893053625478292,0.5811663721282504,0.38311445587978771
exaone_xlmr_s20260910_retrieved_exaone,exaone,xlmr,20260910,exaone,40129,20690,7086,5904,6449,27776,12353,0.62965229685670199,0.2606305399259396,0.63347354578786619,0.77799503647439272,0.47646841521980049,0.74488767281105994,0.52205941876467254,0.76108147875666732,0.49822311495673671,0.33728724862319021
exaone_xlmr_s20260910_retrieved_gemma4,exaone,xlmr,20260910,gemma4,40129,23460,4316,5766,6587,27776,12353,0.69480324059867082,0.39208198027071278,0.68892242471930731,0.80270991582837203,0.6041456479867926,0.84461405529953915,0.53323079413907548,0.82312901301708707,0.56647746818025457,0.27169877146203492
gemma4_kcelectra_s20260910_retrieved_source,gemma4,kcelectra,20260910,source,40129,22742,5034,5777,6576,27776,12353,0.67840210788891364,0.35741640948064057,0.67555236155530052,0.79743329008731023,0.56640826873385008,0.81876440092165903,0.53234032218894201,0.80795807798205876,0.54884613779576852,0.28931695282713249
gemma4_kcelectra_s20260910_retrieved_exaone,gemma4,kcelectra,20260910,exaone,40129,20709,7067,4459,7894,27776,12353,0.68015843797305453,0.36714137627596516,0.6923033844019495,0.82283057851239672,0.52763852683644141,0.74557171658986177,0.63903505221403711,0.78229827742520397,0.57801859852090498,0.37282264696354256
gemma4_kcelectra_s20260910_retrieved_gemma4,gemma4,kcelectra,20260910,gemma4,40129,21359,6417,4356,7997,27776,12353,0.69806421965721366,0.40058094039731246,0.70817316101641015,0.83060470542484932,0.55480782572498955,0.7689732142857143,0.64737310774710599,0.79860163391972483,0.59752680539470249,0.35919160706720826
gemma4_xlmr_s20260910_retrieved_source,gemma4,xlmr,20260910,source,40129,20626,7150,4269,8084,27776,12353,0.68463726628084232,0.37761387531448565,0.69849972834916496,0.82851978308897367,0.53065511356176975,0.74258352534562211,0.65441593135270781,0.78320138216475854,0.58607315039692609,0.37962570709461985
gemma4_xlmr_s20260910_retrieved_exaone,gemma4,xlmr,20260910,exaone,40129,22199,5577,5899,6454,27776,12353,0.66198640827783017,0.3240825583060708,0.66083966425579566,0.79005623176026762,0.53644751059762286,0.7992151497695853,0.52246417874200601,0.79460929949529302,0.52936351706036744,0.29980811881681579
gemma4_xlmr_s20260910_retrieved_gemma4,gemma4,xlmr,20260910,gemma4,40129,23928,3848,6327,6026,27776,12353,0.68344305112792303,0.37432555277070784,0.67463992916140825,0.7908775409023302,0.61028964958476806,0.86146313364055305,0.48781672468226339,0.82466268029156831,0.54222342196427764,0.24605646789105137
exaone_kcelectra_s20260911_retrieved_source,exaone,kcelectra,20260911,source,40129,21702,6074,5543,6810,27776,12353,0.66427311597100724,0.32883739889379077,0.66630254686822099,0.79654982565608368,0.52856255821173548,0.78132200460829493,0.55128308912814705,0.78886243434325076,0.53968379759876373,0.32106456677215978
exaone_kcelectra_s20260911_retrieved_exaone,exaone,kcelectra,20260911,exaone,40129,22750,5026,5898,6455,27776,12353,0.67402880617117777,0.34889826298734206,0.6707987750461557,0.79412175370008375,0.56223325494294918,0.81905241935483875,0.52254513073747266,0.80639444208138378,0.54166317026097177,0.28610232001794211
exaone_kcelectra_s20260911_retrieved_gemma4,exaone,kcelectra,20260911,gemma4,40129,23394,4382,5239,7114,27776,12353,0.71301448464467287,0.42689985874159808,0.70906519948791336,0.81702930185450351,0.61882393876130826,0.84223790322580649,0.57589249575002022,0.82944211030154757,0.59658685898779829,0.2864761145306387
exaone_xlmr_s20260911_retrieved_source,exaone,xlmr,20260911,source,40129,21661,6115,5382,6971,27776,12353,0.66916478981015159,0.3388858524479596,0.67208113526826629,0.80098361868135937,0.53270670946049214,0.77984591013824889,0.56431636039828381,0.79027344533829513,0.54805613428200795,0.32609833287647338
exaone_xlmr_s20260911_retrieved_exaone,exaone,xlmr,20260911,exaone,40129,21568,6208,6549,5804,27776,12353,0.62409071180165931,0.24829574830390172,0.62317153877059661,0.76708041398442228,0.4831834831834832,0.77649769585253459,0.46984538168865864,0.77176032776913028,0.4764210958341884,0.29933464576740015
exaone_xlmr_s20260911_retrieved_gemma4,exaone,xlmr,20260911,gemma4,40129,23566,4210,6194,6159,27776,12353,0.68064592681831437,0.36591710993998022,0.67350681980925176,0.79186827956989247,0.59398206191532454,0.84843029953917048,0.49858334007933297,0.81917408231368183,0.54211777132294692,0.2583916868100376
gemma4_kcelectra_s20260911_retrieved_source,gemma4,kcelectra,20260911,source,40129,22781,4995,5643,6710,27776,12353,0.68426517440503365,0.36899931232680333,0.68167819018244424,0.80147058823529416,0.57325929090132421,0.82016849078341014,0.54318788958147823,0.81071174377224198,0.55781860503782521,0.29168431807421069
gemma4_kcelectra_s20260911_retrieved_exaone,gemma4,kcelectra,20260911,exaone,40129,23480,4296,6086,6267,27776,12353,0.68295003324654635,0.36964740857821055,0.67633012848611185,0.79415544882635458,0.5932973587049134,0.84533410138248843,0.50732615558973526,0.81894597328310836,0.54695409320998434,0.26322609584091305
gemma4_kcelectra_s20260911_retrieved_gemma4,gemma4,kcelectra,20260911,gemma4,40129,23913,3863,5660,6693,27776,12353,0.70912919018598242,0.42222393937941555,0.70136740236844275,0.80860920434179828,0.63404698749526334,0.86092309907834097,0.54181170565854453,0.83394653786465323,0.5843118425073115,0.26305165840165468
gemma4_xlmr_s20260911_retrieved_source,gemma4,xlmr,20260911,source,40129,22019,5757,5565,6788,27776,12353,0.67037439197010507,0.34078771132373092,0.67111844012546062,0.79825261020881666,0.54109206855320846,0.79273473502304148,0.54950214522787988,0.79548410404624281,0.54526467989396743,0.31261681078521769
gemma4_xlmr_s20260911_retrieved_exaone,gemma4,xlmr,20260911,exaone,40129,21922,5854,6233,6120,27776,12353,0.64351954772665199,0.28718611197970734,0.64233436188843474,0.77861836263541107,0.51110739936529148,0.78924251152073732,0.49542621225613209,0.78389444136525366,0.50314465408805031,0.29838769966856887
gemma4_xlmr_s20260911_retrieved_gemma4,gemma4,xlmr,20260911,gemma4,40129,23518,4258,6030,6323,27776,12353,0.68596865630205328,0.37562761725821503,0.67928082813798096,0.79592527413022873,0.5975805689443342,0.84670218894009219,0.51185946733586984,0.82052892331309746,0.55140838929100899,0.26367464925614892
exaone_kcelectra_s20260912_retrieved_source,exaone,kcelectra,20260912,source,40129,23282,4494,7008,5345,27776,12353,0.64181009056621074,0.29066680653265403,0.63544703046536954,0.76863651370089137,0.54324626486431549,0.83820564516129037,0.43268841576944872,0.80191506217063346,0.48170511896178803,0.24518428069475939
exaone_kcelectra_s20260912_retrieved_exaone,exaone,kcelectra,20260912,exaone,40129,21302,6474,4739,7614,27776,12353,0.68378475863309385,0.37067609654061112,0.69164478821633657,0.81801774125417615,0.54045996592844969,0.76692108294930872,0.61636849348336431,0.79164576249140606,0.57592375477478164,0.35106780632460316
exaone_kcelectra_s20260912_retrieved_gemma4,exaone,kcelectra,20260912,gemma4,40129,22318,5458,4817,7536,27776,12353,0.70375280272283591,0.40795907548133409,0.70677683090004817,0.82248019163442054,0.57995998152993689,0.80349942396313367,0.61005423783696267,0.81287902241809473,0.5946265830275772,0.32380572653193451
exaone_xlmr_s20260912_retrieved_source,exaone,xlmr,20260912,source,40129,15943,11833,3073,9280,27776,12353,0.6180169964914235,0.30065107575628131,0.66260962647695432,0.8383992427429533,0.43953962013925069,0.57398473502304148,0.75123451793086704,0.68144127201230975,0.55459272097053725,0.52612823643748907
exaone_xlmr_s20260912_retrieved_exaone,exaone,xlmr,20260912,exaone,40129,21605,6171,6235,6118,27776,12353,0.6367426498552482,0.27348939190328697,0.63654704468559475,0.77604166666666663,0.49784359996745059,0.77782978110599077,0.49526430826519874,0.7769346950517837,0.49655060465871276,0.30623738443519649
exaone_xlmr_s20260912_retrieved_gemma4,exaone,xlmr,20260912,gemma4,40129,23495,4281,5947,6406,27776,12353,0.68866072581569127,0.3805840548784547,0.68222630945215279,0.79800964608382585,0.59941985589969127,0.84587413594470051,0.51857848295960496,0.82124506274249365,0.55607638888888888,0.26631613047920455
gemma4_kcelectra_s20260912_retrieved_source,gemma4,kcelectra,20260912,source,40129,22229,5547,6084,6269,27776,12353,0.6556984210977046,0.31170079376020893,0.65389163923733895,0.78511637763571507,0.53055179417738663,0.80029521889400923,0.50748805958066867,0.79263313662215407,0.51876370557325502,0.29445039746816515
gemma4_kcelectra_s20260912_retrieved_exaone,gemma4,kcelectra,20260912,exaone,40129,20980,6796,4416,7937,27776,12353,0.68759817931632616,0.38098334516305671,0.69892216451646472,0.82611434871633327,0.53872259553383561,0.75532834101382484,0.6425159880191047,0.78913713984804035,0.58605921878461198,0.36714097037055499
gemma4_kcelectra_s20260912_retrieved_gemma4,gemma4,kcelectra,20260912,gemma4,40129,22241,5535,4660,7693,27776,12353,0.70750168269492708,0.41584731201368391,0.7117454738345057,0.82677223895022489,0.58156939824614451,0.8007272465437788,0.62276370112523272,0.81354134279495949,0.60146202259489467,0.32963692093000074
gemma4_xlmr_s20260912_retrieved_source,gemma4,xlmr,20260912,source,40129,19915,7861,4381,7972,27776,12353,0.66528667160928867,0.34220204285219885,0.68116759747860645,0.81968225222258806,0.5035053369544622,0.71698588709677424,0.64534930786043876,0.76490244277154706,0.56567090044703039,0.39455256796830224
gemma4_xlmr_s20260912_retrieved_exaone,gemma4,xlmr,20260912,exaone,40129,21006,6770,6118,6235,27776,12353,0.62850196336009323,0.25741253280773019,0.6305000463282302,0.77444329744875384,0.47943098808150714,0.75626440092165903,0.50473569173480126,0.76524590163934425,0.49175802508084232,0.324079842507912
gemma4_xlmr_s20260912_retrieved_gemma4,gemma4,xlmr,20260912,gemma4,40129,23436,4340,5965,6388,27776,12353,0.68664953193911038,0.37638563480138032,0.6804356735206023,0.79711574436243671,0.59545115585384045,0.84375,0.5171213470412046,0.81977018731308049,0.55352887656514016,0.26733783548057516
exaone_kcelectra_s20260913_retrieved_source,exaone,kcelectra,20260913,source,40129,25340,2436,8586,3767,27776,12353,0.61369072191298324,0.27739763313109689,0.60862227700989446,0.746919766550728,0.60728679671126873,0.91229838709677424,0.30494616692301463,0.82136721662182754,0.40601422720413882,0.1545764908171148
exaone_kcelectra_s20260913_retrieved_exaone,exaone,kcelectra,20260913,exaone,40129,21494,6282,5285,7068,27776,12353,0.66897507437748149,0.33897069901901389,0.67300111465208734,0.80264386272825716,0.52943820224719096,0.77383352534562211,0.57216870395855257,0.78797543763174782,0.54997471112321517,0.33267711629993274
exaone_kcelectra_s20260913_retrieved_gemma4,exaone,kcelectra,20260913,gemma4,40129,23192,4584,5199,7154,27776,12353,0.7098688660463961,0.42017936890808077,0.7070480066783531,0.81687858828501991,0.60947350485602314,0.83496543778801846,0.57913057556868774,0.82582299214841459,0.5939147399443776,0.29250666600214309
exaone_xlmr_s20260913_retrieved_source,exaone,xlmr,20260913,source,40129,20641,7135,4779,7574,27776,12353,0.6678937367445954,0.34127261670974263,0.67812698678626537,0.81199842643587727,0.51492283635869196,0.74312355990783407,0.61313041366469678,0.77603579216482443,0.55975168132436626,0.36654289915024046
exaone_xlmr_s20260913_retrieved_exaone,exaone,xlmr,20260913,exaone,40129,21331,6445,5479,6874,27776,12353,0.65854039797592767,0.31802169425380594,0.66221458330380023,0.79563595673256249,0.51610481267362418,0.7679651497695853,0.55646401683801505,0.78155571025537685,0.53552508569647861,0.33190460764035984
exaone_xlmr_s20260913_retrieved_gemma4,exaone,xlmr,20260913,gemma4,40129,23672,4104,6324,6029,27776,12353,0.67787105443759577,0.36156813055594439,0.67015306222373261,0.78917188958527806,0.59498667719332876,0.85224654377880182,0.48805958066866351,0.81949733434881955,0.53624477452637198,0.25251065314361187
gemma4_kcelectra_s20260913_retrieved_source,gemma4,kcelectra,20260913,source,40129,24006,3770,6800,5553,27776,12353,0.6659665278566067,0.34298520919159181,0.65689887209528752,0.77926377978315908,0.59562372626836857,0.86427131336405527,0.44952643082651988,0.81956915093373395,0.51236390477947957,0.23232574945799794
gemma4_kcelectra_s20260913_retrieved_exaone,gemma4,kcelectra,20260913,exaone,40129,23080,4696,6230,6123,27776,12353,0.66854360650732514,0.33973381222124582,0.66330112398301722,0.78744455817127257,0.56594879378870511,0.83093317972350234,0.49566906824253215,0.80860456153873106,0.52848265147591922,0.26960552219093425
gemma4_kcelectra_s20260913_retrieved_gemma4,gemma4,kcelectra,20260913,gemma4,40129,23688,4088,5355,6998,27776,12353,0.71546502195063977,0.43287577869320254,0.70966232246052285,0.81561822125813443,0.63124661735522281,0.85282258064516125,0.56650206427588445,0.83380559319945791,0.59712445070182174,0.27625906451693288
gemma4_xlmr_s20260913_retrieved_source,gemma4,xlmr,20260913,source,40129,20934,6842,4938,7415,27776,12353,0.66886490058149595,0.3413586755627695,0.67696564070426746,0.80913729128014844,0.52009539173739217,0.75367223502304148,0.60025904638549343,0.78042051893826425,0.55730928222472753,0.35527922450098431
gemma4_xlmr_s20260913_retrieved_exaone,gemma4,xlmr,20260913,exaone,40129,22080,5696,6461,5892,27776,12353,0.63817134690596578,0.27694370405861923,0.63595001643288207,0.77362390946357873,0.50845702450811181,0.79493087557603692,0.47696915728972722,0.78413267752188509,0.49221001629004635,0.28876872087517758
gemma4_xlmr_s20260913_retrieved_gemma4,gemma4,xlmr,20260913,gemma4,40129,23196,4580,5754,6599,27776,12353,0.68933967355259651,0.38026673502265762,0.68465583254464213,0.80124352331606219,0.59030324715985327,0.83510944700460832,0.53420221808467583,0.81782604096886791,0.560853306136325,0.27857659049565153
exaone_kcelectra_s20260914_retrieved_source,exaone,kcelectra,20260914,source,40129,24925,2851,8675,3678,27776,12353,0.60089205051701922,0.24399608270480933,0.59754943510102776,0.74181547619047616,0.56333282279062646,0.89735743087557607,0.2977414393264794,0.81220672575599584,0.38957737527804259,0.16270029155971991
exaone_kcelectra_s20260914_retrieved_exaone,exaone,kcelectra,20260914,exaone,40129,20735,7041,4766,7587,27776,12353,0.67039021439283575,0.34592725005279035,0.68034528305172981,0.81310536841692482,0.51866283839212468,0.74650777649769584,0.61418278960576378,0.77838466880642676,0.56239575997924462,0.36452440878167908
exaone_kcelectra_s20260914_retrieved_gemma4,exaone,kcelectra,20260914,gemma4,40129,22489,5287,4823,7530,27776,12353,0.70740340214568809,0.41504732777773329,0.70961217191825643,0.82341095489162275,0.58750097526722322,0.8096558179723502,0.60956852586416255,0.81647545744989836,0.59833134684147793,0.3193949512821152
exaone_xlmr_s20260914_retrieved_source,exaone,xlmr,20260914,source,40129,19871,7905,4422,7931,27776,12353,0.6629791056368094,0.33756021676221526,0.67871603088029508,0.81797225538220886,0.50082091437231624,0.7154017857142857,0.64203027604630458,0.76325644817453764,0.56270176309908115,0.39462732687084151
exaone_xlmr_s20260914_retrieved_exaone,exaone,xlmr,20260914,exaone,40129,19838,7938,5422,6931,27776,12353,0.62865805829367805,0.26312195918397568,0.63764599512851783,0.78535233570863028,0.46613760172170288,0.71421370967741937,0.56107828057961628,0.74809563315483818,0.5092204834325178,0.37053004061900369
exaone_xlmr_s20260914_retrieved_gemma4,exaone,xlmr,20260914,gemma4,40129,23293,4483,5913,6440,27776,12353,0.68545805256024961,0.37328037163228367,0.67996626065619248,0.79754160104088201,0.58958161677194909,0.83860167050691248,0.52133085080547237,0.81755642132603279,0.55335968379446643,0.27219716414563033
gemma4_kcelectra_s20260914_retrieved_source,gemma4,kcelectra,20260914,source,40129,24206,3570,7205,5148,27776,12353,0.65329177738483968,0.32261517569366921,0.64410632342802976,0.770621756709433,0.59050240880935989,0.87147177419354838,0.41674087266251114,0.81794988764424625,0.48863366712543305,0.21724937077923695
gemma4_kcelectra_s20260914_retrieved_exaone,gemma4,kcelectra,20260914,exaone,40129,21194,6582,4805,7548,27776,12353,0.67913669063737858,0.36150240650945054,0.68702924794197262,0.8151851994307473,0.53418259023354564,0.76303283410138245,0.6110256617825629,0.78824732682473264,0.57002605445002452,0.35211443096015349
gemma4_kcelectra_s20260914_retrieved_gemma4,gemma4,kcelectra,20260914,gemma4,40129,21971,5805,4383,7970,27776,12353,0.71092996221814775,0.42406430069416384,0.71809701414673421,0.83368748577066099,0.57858439201451906,0.79100662442396308,0.64518740386950535,0.81178644005172729,0.61007348438456832,0.34326796082633509
gemma4_xlmr_s20260914_retrieved_source,gemma4,xlmr,20260914,source,40129,7657,20119,1921,10432,27776,12353,0.44813223266536151,0.13011697777651404,0.56008042978281736,0.79943620797661308,0.34146181794376618,0.27566964285714285,0.84449121670849181,0.40996948118006105,0.48629498415066197,0.76131974382616063
gemma4_xlmr_s20260914_retrieved_exaone,gemma4,xlmr,20260914,exaone,40129,21114,6662,5500,6853,27776,12353,0.65311827086661967,0.3075768381428563,0.65745833735140002,0.79334185015405423,0.50706622271550128,0.7601526497695853,0.55476402493321464,0.77639271924986208,0.52984382248337714,0.33678885593959479
gemma4_xlmr_s20260914_retrieved_gemma4,gemma4,xlmr,20260914,gemma4,40129,23251,4525,6187,6166,27776,12353,0.67396162251872482,0.35108040352397463,0.66811978889015933,0.78982947211087706,0.57674679637077919,0.83708957373271886,0.49915000404759979,0.81277309749362048,0.53515014754382917,0.26641580901592365
exaone_kcelectra_s20260915_retrieved_source,exaone,kcelectra,20260915,source,40129,24418,3358,8103,4250,27776,12353,0.61787728886061555,0.26278540419792579,0.61157512170311801,0.75083792011315764,0.55862250262881175,0.87910426267281105,0.34404598073342507,0.80992420850125213,0.42583036921997897,0.18958857683969199
exaone_kcelectra_s20260915_retrieved_exaone,exaone,kcelectra,20260915,exaone,40129,23123,4653,6426,5927,27776,12353,0.6618152923867473,0.32715701628197424,0.65614187796645229,0.78253071169921151,0.56020793950850667,0.83248127880184331,0.47980247713106128,0.80673353685128657,0.51689704792220814,0.26364972962196914
exaone_kcelectra_s20260915_retrieved_gemma4,exaone,kcelectra,20260915,gemma4,40129,23391,4385,5386,6967,27776,12353,0.70751624958484194,0.41621633331086494,0.7030612243648906,0.81283664037251968,0.61372445384073293,0.8421298963133641,0.5639925524164171,0.82722401994589145,0.58780847922379242,0.28288768720875179
exaone_xlmr_s20260915_retrieved_source,exaone,xlmr,20260915,source,40129,19801,7975,4156,8197,27776,12353,0.67011571804685199,0.35426208495570183,0.68822256563220341,0.82652251951412947,0.50686371506307193,0.71288162442396308,0.66356350684044363,0.76550750971333581,0.57472392638036807,0.40300032395524432
exaone_xlmr_s20260915_retrieved_exaone,exaone,xlmr,20260915,exaone,40129,21339,6437,5778,6575,27776,12353,0.64795354483316103,0.29634037187879575,0.65025626919812018,0.78692333222701627,0.50530279741776818,0.76825316820276501,0.53225937019347525,0.77747618093381665,0.51843090873250541,0.32425427994717038
exaone_xlmr_s20260915_retrieved_gemma4,exaone,xlmr,20260915,gemma4,40129,22655,5121,5534,6819,27776,12353,0.68550471903640986,0.37119865044066569,0.68382192877408832,0.80368228741707759,0.571105527638191,0.81563220046082952,0.55201165708734723,0.80961315107656573,0.5613962869962541,0.2975404321064567
gemma4_kcelectra_s20260915_retrieved_source,gemma4,kcelectra,20260915,source,40129,23550,4226,6277,6076,27776,12353,0.67702973932183763,0.35898377631052936,0.66985929356420448,0.78955308948268343,0.58978839060376631,0.84785426267281105,0.49186432445559786,0.81766574657569924,0.53639373206797614,0.25672207131999303
gemma4_kcelectra_s20260915_retrieved_exaone,gemma4,kcelectra,20260915,exaone,40129,22435,5341,5336,7017,27776,12353,0.68785480714424585,0.37570964171488341,0.68787592286906929,0.80785711713658137,0.56781032529535524,0.80771169354838712,0.56804015218975146,0.80778439879741482,0.56792521549107688,0.30795683919360062
gemma4_kcelectra_s20260915_retrieved_gemma4,gemma4,kcelectra,20260915,gemma4,40129,22415,5361,4878,7475,27776,12353,0.70379133157711293,0.40784151321042045,0.70605390678946622,0.82127285384530835,0.58234652539732001,0.80699164746543783,0.60511616611349472,0.8140696217472625,0.59351304140696337,0.31986842433153079
gemma4_xlmr_s20260915_retrieved_source,gemma4,xlmr,20260915,source,40129,21775,6001,5607,6746,27776,12353,0.66353995021039891,0.32724069401953448,0.66502616711466944,0.79523044335694981,0.52922256217149133,0.78395017281105994,0.54610216141827894,0.78955001994271001,0.5375298804780877,0.31765057688953124
gemma4_xlmr_s20260915_retrieved_exaone,gemma4,xlmr,20260915,exaone,40129,21684,6092,6502,5851,27776,12353,0.62829875109170519,0.25676458922828271,0.62716204430461675,0.76931810118498545,0.48991040777024197,0.78067396313364057,0.47365012547559299,0.77495443336549796,0.48164306881791241,0.29761519100899597
gemma4_xlmr_s20260915_retrieved_gemma4,gemma4,xlmr,20260915,gemma4,40129,23075,4701,5842,6511,27776,12353,0.68331633613973131,0.36811338887976097,0.67891580534318607,0.79797351039181108,0.58071708883339279,0.83075316820276501,0.52707844248360725,0.81403347855996333,0.55259919371949928,0.27939893842358393
exaone_kcelectra_s20260916_retrieved_source,exaone,kcelectra,20260916,source,40129,24535,3241,8086,4267,27776,12353,0.62107194615972405,0.27073845612424252,0.61436934845721169,0.75212286563869901,0.56832711774107614,0.8833165322580645,0.34542216465635878,0.81245757239597993,0.42968631992346812,0.18709661342171496
exaone_kcelectra_s20260916_retrieved_exaone,exaone,kcelectra,20260916,exaone,40129,24753,3023,8075,4278,27776,12353,0.62610400204711059,0.28413875108662878,0.61873883558435216,0.75402095771902033,0.58594713053006442,0.89116503456221197,0.34631263660649236,0.81687677381030954,0.43533123028391169,0.18193824914650253
exaone_kcelectra_s20260916_retrieved_gemma4,exaone,kcelectra,20260916,gemma4,40129,23920,3856,5520,6833,27776,12353,0.71461031572149059,0.43263299109781406,0.70716005011562699,0.8125,0.63925530919637008,0.86117511520737322,0.55314498502388088,0.83612975391498878,0.59309087752799239,0.2663659697475641
exaone_xlmr_s20260916_retrieved_source,exaone,xlmr,20260916,source,40129,20211,7565,4468,7885,27776,12353,0.66890417610046571,0.34714721036634638,0.68297452668963043,0.81895538717127925,0.51035598705501617,0.72764256912442393,0.63830648425483694,0.77060337432084647,0.56720497788008484,0.38500834807745021
exaone_xlmr_s20260916_retrieved_exaone,exaone,xlmr,20260916,exaone,40129,21940,5836,6432,5921,27776,12353,0.63633575565105283,0.2730327223595771,0.63460365907682648,0.7732976173692373,0.50361486773836861,0.78989055299539168,0.47931676515826116,0.78150601980480161,0.49116549149730404,0.29298013905155873
exaone_xlmr_s20260916_retrieved_gemma4,exaone,xlmr,20260916,gemma4,40129,23417,4359,5912,6441,27776,12353,0.68826206159576664,0.37934258479282523,0.68223887951106854,0.79842476729516865,0.59638888888888886,0.84306595622119818,0.52141180280093902,0.82013834165134403,0.55638578154018914,0.26913204914151861
gemma4_kcelectra_s20260916_retrieved_source,gemma4,kcelectra,20260916,source,40129,24436,3340,7409,4944,27776,12353,0.64942529269521421,0.31930506808976139,0.63998948486738605,0.76734181190139739,0.59681313375181066,0.87975230414746541,0.40022666558730674,0.81971117559249262,0.47913940979793573,0.20643424954521666
gemma4_kcelectra_s20260916_retrieved_exaone,gemma4,kcelectra,20260916,exaone,40129,23632,4144,6323,6030,27776,12353,0.67702558353820486,0.35964358491610021,0.6694734921385167,0.7889167083959272,0.59268724198938472,0.85080645161290325,0.48814053266413016,0.81869359616150772,0.5353575709149021,0.25353235814498243
gemma4_kcelectra_s20260916_retrieved_gemma4,gemma4,kcelectra,20260916,gemma4,40129,23397,4379,5542,6811,27776,12353,0.70183679504298113,0.40526645852813831,0.69685497563093124,0.80849372818687582,0.60866845397676494,0.84234591013824889,0.5513640411236137,0.82507273208145993,0.57860085800450245,0.27885070647162902
gemma4_xlmr_s20260916_retrieved_source,gemma4,xlmr,20260916,source,40129,20443,7333,4552,7801,27776,12353,0.67119769229619031,0.35000713312423543,0.68375081016113548,0.81788357671534306,0.51546187392625875,0.7359951036866359,0.63150651663563506,0.77478160353224312,0.56761378106013749,0.37713374367664282
gemma4_xlmr_s20260916_retrieved_exaone,gemma4,xlmr,20260916,exaone,40129,22333,5443,6483,5870,27776,12353,0.64266690599056642,0.286466463439916,0.63961383595740284,0.77502082176568576,0.51887209405109169,0.80403945852534564,0.47518821338946005,0.78926350014136271,0.49607031183977013,0.28191582147574074
gemma4_xlmr_s20260916_retrieved_gemma4,gemma4,xlmr,20260916,gemma4,40129,23209,4567,5790,6563,27776,12353,0.68826785157810089,0.37825855665372354,0.68343271160320018,0.80033794268767888,0.58966756513926322,0.83557747695852536,0.53128794624787501,0.81757815940114487,0.5589575437550568,0.27735552842084277
exaone_kcelectra_s20260917_retrieved_source,exaone,kcelectra,20260917,source,40129,24872,2904,9080,3273,27776,12353,0.57956146660299224,0.20517195962356183,0.58020259495911553,0.73256361922714419,0.52986886838271008,0.89544930875576034,0.26495588116247065,0.80585795749092792,0.35326497571505666,0.15392858032844078
exaone_kcelectra_s20260917_retrieved_exaone,exaone,kcelectra,20260917,exaone,40129,23973,3803,6635,5718,27776,12353,0.67201530669198295,0.35370045013494572,0.6629833737028562,0.78322660742289596,0.60056716731435777,0.86308323732718895,0.46288351007852341,0.82121814195670051,0.52281247142726528,0.23725983702559247
exaone_kcelectra_s20260917_retrieved_gemma4,exaone,kcelectra,20260917,gemma4,40129,23687,4089,5428,6925,27776,12353,0.71271570797199513,0.42760099181053496,0.70668957347391492,0.81356688991928561,0.62874523333938626,0.85278657834101379,0.56059256860681617,0.83271519220966406,0.5927162237343262,0.27446485085598943
exaone_xlmr_s20260917_retrieved_source,exaone,xlmr,20260917,source,40129,20959,6817,4930,7423,27776,12353,0.66968610821868535,0.34294330967913306,0.67773947748797747,0.80957163273977362,0.52127808988764046,0.75457229262672809,0.60090666234922696,0.78110500326097088,0.55826721317639982,0.35485559071992823
exaone_xlmr_s20260917_retrieved_exaone,exaone,xlmr,20260917,exaone,40129,22121,5655,6449,5904,27776,12353,0.63949751770880525,0.27964490339961062,0.63717377564070521,0.77427371368568432,0.51077082792629125,0.79640697004608296,0.47794058123532746,0.78518439640790827,0.49381063900970223,0.28804605148396423
exaone_xlmr_s20260917_retrieved_gemma4,exaone,xlmr,20260917,gemma4,40129,23959,3817,6718,5635,27776,12353,0.66831183105527792,0.34673236497371385,0.6593718497619564,0.78100857319816153,0.59617012272534908,0.86257920506912444,0.45616449445478829,0.81976972952628613,0.5168539325842697,0.23554038226718832
gemma4_kcelectra_s20260917_retrieved_source,gemma4,kcelectra,20260917,source,40129,23734,4042,6687,5666,27776,12353,0.66465503480132504,0.33754027224755051,0.65657634647510021,0.78018474080404987,0.58364235681911825,0.85447868663594473,0.45867400631425564,0.8156434180456037,0.51366665155704638,0.24191980861720949
gemma4_kcelectra_s20260917_retrieved_exaone,gemma4,kcelectra,20260917,exaone,40129,24177,3599,6843,5510,27776,12353,0.66793427239333336,0.34874000254301263,0.65823660119736216,0.77940038684719537,0.60489625644966516,0.87042770737327191,0.4460454950214523,0.82240288454996935,0.51346566023669737,0.22699294774352713
gemma4_kcelectra_s20260917_retrieved_gemma4,gemma4,kcelectra,20260917,gemma4,40129,24003,3773,5651,6702,27776,12353,0.71153911294361571,0.42744516639887231,0.70335179003467885,0.8094354893100425,0.63980906921241054,0.86416330645161288,0.54254027361774471,0.8359045794880724,0.58717364639915892,0.26103316803309329
gemma4_xlmr_s20260917_retrieved_source,gemma4,xlmr,20260917,source,40129,21254,6522,4865,7488,27776,12353,0.67839384475265385,0.3596007809947484,0.68568075720239596,0.81373712622994754,0.53447537473233409,0.76519297235023043,0.60616854205456161,0.78871880508395953,0.56806888442134806,0.3491240748585811
gemma4_xlmr_s20260917_retrieved_exaone,gemma4,xlmr,20260917,exaone,40129,22900,4876,6393,5960,27776,12353,0.65828705361997775,0.31910915134280271,0.65346332897921022,0.7817567336906428,0.55001845699520113,0.82445276497695852,0.48247389298146198,0.80253727943366804,0.51403682780628746,0.27002915597199034
gemma4_xlmr_s20260917_retrieved_gemma4,gemma4,xlmr,20260917,gemma4,40129,24378,3398,6573,5780,27776,12353,0.68355733255648388,0.37978831120268597,0.67278335215218532,0.78763206358437532,0.62976683373283937,0.87766417050691248,0.46790253379745811,0.83021438180053464,0.53690028331243322,0.22871240250193128
exaone_kcelectra_s20260918_retrieved_source,exaone,kcelectra,20260918,source,40129,23776,4000,7567,4786,27776,12353,0.6285780592864858,0.27172149704447029,0.62171351685685416,0.75857448234055447,0.54473025267470976,0.85599078341013823,0.38743625030356998,0.80434378118709726,0.45281233738587445,0.21894390590346133
exaone_kcelectra_s20260918_retrieved_exaone,exaone,kcelectra,20260918,exaone,40129,22783,4993,5445,6908,27776,12353,0.69162922676888039,0.38348795001738506,0.68972844003779377,0.80710641915828252,0.58045542391395677,0.82024049539170507,0.55921638468388246,0.81362045568173702,0.56963799785602376,0.29656856637344564
exaone_kcelectra_s20260918_retrieved_gemma4,exaone,kcelectra,20260918,gemma4,40129,24569,3207,5867,6486,27776,12353,0.71626377351743797,0.44172613297415714,0.70479762659800915,0.80723485346300439,0.66914268028474155,0.88454061059907829,0.52505464259694001,0.84412148697862988,0.58840606005624607,0.24154601410451296
exaone_xlmr_s20260918_retrieved_source,exaone,xlmr,20260918,source,40129,20031,7745,4268,8085,27776,12353,0.67153181160868081,0.35479725916026539,0.68782951886302746,0.82435491172476238,0.51073910296904612,0.72116215437788023,0.65449688334817457,0.76931349015842532,0.57375013305893618,0.39447780906576291
exaone_xlmr_s20260918_retrieved_exaone,exaone,xlmr,20260918,exaone,40129,23199,4577,6895,5458,27776,12353,0.6446726024170728,0.29531532230893137,0.63852672258711762,0.77088456170665254,0.54389636273044339,0.83521745391705071,0.44183599125718448,0.80176257128045625,0.48758263355368947,0.25006852899399434
exaone_xlmr_s20260918_retrieved_gemma4,exaone,xlmr,20260918,gemma4,40129,23918,3858,6242,6111,27776,12353,0.68660064384649466,0.3800900239680845,0.67790037744800513,0.7930371352785146,0.61300030093289193,0.86110311059907829,0.49469764429693192,0.82566970450151889,0.54753158319147033,0.24842383313812952
gemma4_kcelectra_s20260918_retrieved_source,gemma4,kcelectra,20260918,source,40129,23846,3930,8172,4181,27776,12353,0.60311256325895346,0.22640686208607028,0.59848561887334228,0.74476856768067967,0.51547281469609174,0.85851094470046085,0.3384602930462236,0.79760511088069042,0.40862001563721656,0.20212315283211643
gemma4_kcelectra_s20260918_retrieved_exaone,gemma4,kcelectra,20260918,exaone,40129,22214,5562,5413,6940,27776,12353,0.68017248992770962,0.36036888070870704,0.68078101643530686,0.80406848372968476,0.55511118221084621,0.79975518433179726,0.56180684853881646,0.80190603396927962,0.55843894588613963,0.31154526651548753
gemma4_kcelectra_s20260918_retrieved_gemma4,gemma4,kcelectra,20260918,gemma4,40129,24090,3686,5967,6386,27776,12353,0.70131564799820245,0.4090815275941645,0.69212747498135685,0.80147719333266798,0.63403494837172358,0.86729550691244239,0.51695944305027119,0.83308837514913625,0.56954292084726865,0.25099055545864585
gemma4_xlmr_s20260918_retrieved_source,gemma4,xlmr,20260918,source,40129,21090,6686,4840,7513,27776,12353,0.67564775686608713,0.35475273211812342,0.68374046820563739,0.81334361743154648,0.5291217691386717,0.75928859447004604,0.60819234194122884,0.78538710758574459,0.56590840614642968,0.35383388571855767
gemma4_xlmr_s20260918_retrieved_exaone,gemma4,xlmr,20260918,exaone,40129,21671,6105,5627,6726,27776,12353,0.66056309348646258,0.32136091405694384,0.66234452734433436,0.79386768261411089,0.52419920505026885,0.78020593317972353,0.54448312150894518,0.78697752115335728,0.53414866581956799,0.31974382616063196
gemma4_xlmr_s20260918_retrieved_gemma4,gemma4,xlmr,20260918,gemma4,40129,24112,3664,6675,5678,27776,12353,0.67344683143935336,0.35796256591929054,0.66386649393177122,0.78318770909799595,0.60779276386212799,0.86808755760368661,0.45964543025985588,0.82345508256066113,0.52343858031804569,0.23279922250741358
exaone_kcelectra_s20260919_retrieved_source,exaone,kcelectra,20260919,source,40129,25428,2348,9093,3260,27776,12353,0.58967811891529331,0.23879510740416932,0.58968504754157736,0.73659511601633787,0.58131241084165475,0.91546658986175111,0.26390350522140371,0.81634749666918149,0.36300874116140525,0.13974930848015152
exaone_kcelectra_s20260919_retrieved_exaone,exaone,kcelectra,20260919,exaone,40129,22872,4904,5998,6355,27776,12353,0.67291359573422127,0.34715950692848069,0.66894731582581668,0.79224108070661592,0.56443733901767479,0.82344470046082952,0.51444993119080384,0.80754157398580662,0.53828561748263593,0.28057016123003314
exaone_kcelectra_s20260919_retrieved_gemma4,exaone,kcelectra,20260919,gemma4,40129,21731,6045,4332,8021,27776,12353,0.7072365916827692,0.41762600257432397,0.71584101353343899,0.83378736139354637,0.57024029574861368,0.7823660714285714,0.64931595563830646,0.80725867865302103,0.60721450471251748,0.35051957437264819
exaone_xlmr_s20260919_retrieved_source,exaone,xlmr,20260919,source,40129,20144,7632,4864,7489,27776,12353,0.6542157866558419,0.31575377109474684,0.66573995439828604,0.80550223928342934,0.49527147675418293,0.72523041474654382,0.60624949405002837,0.76326159442255226,0.54516997888913155,0.37680978843230584
exaone_xlmr_s20260919_retrieved_exaone,exaone,xlmr,20260919,exaone,40129,21615,6161,6090,6263,27776,12353,0.64236758435959818,0.28474023804841436,0.64259607587766698,0.78018408229561453,0.50410495814552481,0.77818980414746541,0.50700234760786855,0.77918566716533588,0.50554950155386047,0.30960153504946547
exaone_xlmr_s20260919_retrieved_gemma4,exaone,xlmr,20260919,gemma4,40129,22831,4945,5232,7121,27776,12353,0.70048911872650343,0.40107164551854224,0.69921388285453523,0.8135623418736414,0.59017072766451184,0.82196860599078336,0.5764591597182871,0.81774387077132471,0.58323436668168227,0.30068030601310775
gemma4_kcelectra_s20260919_retrieved_source,gemma4,kcelectra,20260919,source,40129,25213,2563,8965,3388,27776,12353,0.59205938463028396,0.23637621381948068,0.59099572755559293,0.7376967640002341,0.56931608133086875,0.90772609447004604,0.27426536064113982,0.81392646156826032,0.37019230769230771,0.14829674300381271
gemma4_kcelectra_s20260919_retrieved_exaone,gemma4,kcelectra,20260919,exaone,40129,20926,6850,4625,7728,27776,12353,0.67936465166055005,0.36373564120338758,0.68949061877821427,0.81898947203631955,0.53011387021539302,0.75338421658986177,0.62559702096656677,0.78481819716091283,0.57391110616018715,0.36327842707269059
gemma4_kcelectra_s20260919_retrieved_gemma4,gemma4,kcelectra,20260919,gemma4,40129,23009,4767,4830,7523,27776,12353,0.71899871001194726,0.43800202836048596,0.71868943901246407,0.82650238873522752,0.61212367778681853,0.82837701612903225,0.60900186189589578,0.82743864065449968,0.61055877936939495,0.30626230406937627
gemma4_xlmr_s20260919_retrieved_source,gemma4,xlmr,20260919,source,40129,20197,7579,4706,7647,27776,12353,0.66067374720374228,0.32930805187648571,0.67308922310006225,0.81102678392161587,0.50223302246157886,0.72713853686635943,0.61903990933376507,0.76679511759904329,0.55455237680844116,0.37942635002118169
gemma4_xlmr_s20260919_retrieved_exaone,gemma4,xlmr,20260919,exaone,40129,21516,6260,5891,6462,27776,12353,0.64760956678376513,0.2953561211092941,0.64886868537130293,0.78505491297843621,0.50793900330136776,0.77462557603686633,0.52311179470573954,0.77980537484370183,0.51541375872382855,0.317027586035037
gemma4_xlmr_s20260919_retrieved_gemma4,gemma4,xlmr,20260919,gemma4,40129,22954,4822,5488,6865,27776,12353,0.69386911416686736,0.38824267997855916,0.69106616913986829,0.80704591800857883,0.58740480876187218,0.82639688940092171,0.55573544887881487,0.81660678074638016,0.57113144758735446,0.29123576465897483
exaone_kcelectra_s20260920_retrieved_source,exaone,kcelectra,20260920,source,40129,23422,4354,6296,6057,27776,12353,0.67345965774632233,0.35128120581285821,0.66678610214183309,0.78814186688202437,0.58178849294015944,0.8432459677419355,0.49032623654173074,0.8147632796465718,0.53215603584607274,0.25943831144558799
exaone_kcelectra_s20260920_retrieved_exaone,exaone,kcelectra,20260920,exaone,40129,23886,3890,6656,5697,27776,12353,0.66924466375425107,0.34763061107078413,0.66056727752004119,0.78207059131687517,0.5942422029832064,0.85995103686635943,0.46118351817372299,0.81916389450941385,0.5193254329990884,0.2389045328814573
exaone_kcelectra_s20260920_retrieved_gemma4,exaone,kcelectra,20260920,gemma4,40129,23816,3960,5683,6670,27776,12353,0.70603292627824876,0.41567848609248503,0.69869034266942376,0.80734940167463309,0.62746942615239887,0.85743087557603692,0.53994980976281071,0.83163683980794412,0.5804290127485533,0.26489571133095768
exaone_xlmr_s20260920_retrieved_source,exaone,xlmr,20260920,source,40129,19229,8547,4263,8090,27776,12353,0.65413001413508376,0.32530498094742627,0.67359497488856035,0.81853396901072706,0.48626555268377714,0.69228830645161288,0.65490164332550793,0.75013653741125064,0.55812349085891688,0.41458795384883751
exaone_xlmr_s20260920_retrieved_exaone,exaone,xlmr,20260920,exaone,40129,20809,6967,5757,6596,27776,12353,0.63744123532104691,0.27629180548835958,0.6415656545514421,0.78329443649777908,0.48632308486323084,0.74917194700460832,0.53395936209827577,0.76585329947370362,0.50902917116839019,0.33798499838022378
exaone_xlmr_s20260920_retrieved_gemma4,exaone,xlmr,20260920,gemma4,40129,21981,5795,5177,7176,27776,12353,0.68350226357124155,0.36741173010589256,0.68613908346719632,0.80937476986523305,0.55323413769177399,0.79136664746543783,0.58091151946895492,0.80026941420613829,0.56673511293634493,0.32323257494579982
gemma4_kcelectra_s20260920_retrieved_source,gemma4,kcelectra,20260920,source,40129,23319,4457,6419,5934,27776,12353,0.6663530827178985,0.33710103831084082,0.65995343575703735,0.78414822785661442,0.57107111923780196,0.83953773041474655,0.4803691410993281,0.81089821608651802,0.52180794934927888,0.25893991876199257
gemma4_kcelectra_s20260920_retrieved_exaone,gemma4,kcelectra,20260920,exaone,40129,23074,4702,5916,6437,27776,12353,0.68048388028463691,0.36264030285746895,0.67590258035884498,0.79592963090720936,0.57787952239877904,0.83071716589861755,0.52108799481907231,0.81295141457914954,0.54801634599012428,0.2775798051284607
gemma4_kcelectra_s20260920_retrieved_gemma4,gemma4,kcelectra,20260920,gemma4,40129,22975,4801,5032,7321,27776,12353,0.71098538208679896,0.42203226428801471,0.7099012482998216,0.82033063162780728,0.60394324368916019,0.82715293778801846,0.59264955881162473,0.82372765896420053,0.59824310520939739,0.30207580552717483
gemma4_xlmr_s20260920_retrieved_source,gemma4,xlmr,20260920,source,40129,19485,8291,4303,8050,27776,12353,0.65842637192564446,0.33180635824084653,0.67658422991010225,0.81911047587018659,0.49262591028700814,0.7015048963133641,0.6516635635068404,0.75575983244123812,0.56109291141005091,0.40721174213162553
gemma4_xlmr_s20260920_retrieved_exaone,gemma4,xlmr,20260920,exaone,40129,20312,7464,5542,6811,27776,12353,0.63452662663304449,0.27252549338385745,0.64132142148346583,0.7856424537789124,0.47712784588441332,0.73127880184331795,0.5513640411236137,0.7574864814469513,0.51156677181913779,0.35572777791622018
gemma4_xlmr_s20260920_retrieved_gemma4,gemma4,xlmr,20260920,gemma4,40129,22824,4952,5509,6844,27776,12353,0.69018684143849873,0.38072269385315538,0.68787602341788279,0.80556241838139275,0.58019667683960663,0.82171658986175111,0.55403545697401446,0.81355932203389836,0.56681436084309911,0.29395200478456979
exaone_kcelectra_s20260921_retrieved_source,exaone,kcelectra,20260921,source,40129,24378,3398,8416,3937,27776,12353,0.60244599808523613,0.23453289869422583,0.59818608832963205,0.74336768921144114,0.53674164962508519,0.87766417050691248,0.31870800615235167,0.80495294700346709,0.39993904916700529,0.1827855167086147
exaone_kcelectra_s20260921_retrieved_exaone,exaone,kcelectra,20260921,exaone,40129,22464,5312,5754,6599,27776,12353,0.67315254097746635,0.34651716783861231,0.67147898922666971,0.79608760365724007,0.55402569053815798,0.80875576036866359,0.53420221808467583,0.80237168268028713,0.54393339927464557,0.29681776271524335
exaone_kcelectra_s20260921_retrieved_gemma4,exaone,kcelectra,20260921,gemma4,40129,23190,4586,5485,6868,27776,12353,0.69928532539238986,0.39950759468528996,0.69543586902246923,0.80871839581517002,0.59961585472324075,0.83489343317972353,0.55597830486521493,0.82159749162990914,0.57697315915487046,0.28542948989508832
exaone_xlmr_s20260921_retrieved_source,exaone,xlmr,20260921,source,40129,20319,7457,4271,8082,27776,12353,0.67777944839359683,0.36557411569589915,0.6928924226670623,0.82631150874339165,0.52011068923354142,0.7315308179723502,0.65425402736177452,0.7760378871787037,0.57952100960848985,0.38722619551944976
exaone_xlmr_s20260921_retrieved_exaone,exaone,xlmr,20260921,exaone,40129,21515,6261,6275,6078,27776,12353,0.63334980695749721,0.26669980810179261,0.63330790108962498,0.77419935228499459,0.49258448820812062,0.77458957373271886,0.49202622844653121,0.77439441385019614,0.49230520006479833,0.30748336614418498
exaone_xlmr_s20260921_retrieved_gemma4,exaone,xlmr,20260921,gemma4,40129,23760,4016,6008,6345,27776,12353,0.69224456833937964,0.38925722867053802,0.68452757888995786,0.79817253426498258,0.61239262619438273,0.8554147465437788,0.51364041123613702,0.82580286389545388,0.5586862727833054,0.25819232973659945
gemma4_kcelectra_s20260921_retrieved_source,gemma4,kcelectra,20260921,source,40129,24180,3596,8153,4200,27776,12353,0.61071628026693658,0.24563180206171251,0.60526704762290251,0.74784276126558002,0.53873781426372502,0.8705357142857143,0.33999838096009066,0.80453842186694169,0.41689413866693137,0.19427346806548879
gemma4_kcelectra_s20260921_retrieved_exaone,gemma4,kcelectra,20260921,exaone,40129,21678,6098,4799,7554,27776,12353,0.69005497337803834,0.38189205549394339,0.6959846615320594,0.81874834762246473,0.55332552007031932,0.78045794930875578,0.61151137375536302,0.79914474775588451,0.58096519900019228,0.34020284582222332
gemma4_kcelectra_s20260921_retrieved_gemma4,gemma4,kcelectra,20260921,gemma4,40129,20428,7348,3660,8693,27776,12353,0.70003252202967414,0.41384565943200291,0.71958538285817242,0.84805712387910992,0.54192382021071006,0.73545506912442393,0.70371569659192101,0.78775258368039491,0.61231246037895326,0.39973585187769445
gemma4_xlmr_s20260921_retrieved_source,gemma4,xlmr,20260921,source,40129,20320,7456,4721,7632,27776,12353,0.66284859025451293,0.3329606543439747,0.67469622483913128,0.81146919052753486,0.50583244962884411,0.73156682027649766,0.61782562940176478,0.76944923036143664,0.55624795014758932,0.37598744050437338
gemma4_xlmr_s20260921_retrieved_exaone,gemma4,xlmr,20260921,exaone,40129,22242,5534,6057,6296,27776,12353,0.65699552577520026,0.3142799320914102,0.65521850615309774,0.78596416834517124,0.53220625528317833,0.80076324884792627,0.5096737634582692,0.79329469460543911,0.5206963569449613,0.29479927234668196
gemma4_xlmr_s20260921_retrieved_gemma4,gemma4,xlmr,20260921,gemma4,40129,22658,5118,5326,7027,27776,12353,0.69318837903553865,0.38642504699492825,0.69229493975884515,0.80967695826186392,0.57859201317414577,0.81574020737327191,0.56884967214441839,0.81269727403156389,0.57367948403951341,0.30264895711330958
exaone_kcelectra_s20260922_retrieved_source,exaone,kcelectra,20260922,source,40129,23830,3946,7091,5262,27776,12353,0.65003503013624298,0.31166184287519233,0.64195215398990757,0.77067365221047179,0.57145960034752386,0.85793490783410142,0.42596940014571361,0.81196654002759938,0.48810352024488662,0.22945999152732438
exaone_kcelectra_s20260922_retrieved_exaone,exaone,kcelectra,20260922,exaone,40129,22631,5145,5384,6969,27776,12353,0.69047153403993222,0.38100658767337076,0.68946130078432044,0.80781724076387651,0.57528479445269931,0.81476814516129037,0.5641544564073504,0.8112778046638347,0.56966526341602974,0.30187644845373668
exaone_kcelectra_s20260922_retrieved_gemma4,exaone,kcelectra,20260922,gemma4,40129,22862,4914,4776,7577,27776,12353,0.71755031578956174,0.43512252660443601,0.71822897353522586,0.82719444243432949,0.60659674965975507,0.82308467741935487,0.61337326965109695,0.82513444255964197,0.60996618901948152,0.3112711505395101
exaone_xlmr_s20260922_retrieved_source,exaone,xlmr,20260922,source,40129,21764,6012,5646,6707,27776,12353,0.66188495749282616,0.32390836755379909,0.663249590530258,0.79401678219627869,0.527321330293262,0.78355414746543783,0.54294503359507806,0.78875077012285721,0.53501914486279512,0.31695282713249767
exaone_xlmr_s20260922_retrieved_exaone,exaone,xlmr,20260922,exaone,40129,22145,5631,6922,5431,27776,12353,0.62152716484385595,0.24474186794252004,0.61846065636260295,0.76186052912237245,0.49096004339179172,0.79727102534562211,0.43965028737958389,0.77916366131273862,0.46389066837497328,0.27566099329661842
exaone_xlmr_s20260922_retrieved_gemma4,exaone,xlmr,20260922,gemma4,40129,22610,5166,5689,6664,27776,12353,0.67877546650761789,0.35785189916077242,0.67673809728210199,0.79896816141913141,0.56331360946745557,0.81401209677419351,0.53946409779001048,0.8064199732501115,0.55113095976512427,0.29479927234668196
gemma4_kcelectra_s20260922_retrieved_source,gemma4,kcelectra,20260922,source,40129,22013,5763,5526,6827,27776,12353,0.67166119970200233,0.34338176232563966,0.67258899712461873,0.79933911906750421,0.54225575853852259,0.79251872119815669,0.55265927305108076,0.79591430895778725,0.54740809044621741,0.31373819432330735
gemma4_kcelectra_s20260922_retrieved_exaone,gemma4,kcelectra,20260922,exaone,40129,22313,5463,5230,7123,27776,12353,0.68896837581045856,0.37799595321946422,0.68997023807580837,0.8101150927640417,0.56594628952804704,0.80331941244239635,0.57662106370922039,0.80670294112330299,0.57123381049761413,0.31363851578658825
gemma4_kcelectra_s20260922_retrieved_gemma4,gemma4,kcelectra,20260922,gemma4,40129,21613,6163,4293,8060,27776,12353,0.70589283209722042,0.41551826320454005,0.71529544150033897,0.8342854937080213,0.56668775926316528,0.77811779953917048,0.65247308346150734,0.80522335233411568,0.60656231186032505,0.35443195693887214
gemma4_xlmr_s20260922_retrieved_source,gemma4,xlmr,20260922,source,40129,20757,7019,4678,7675,27776,12353,0.67385381297769076,0.35318158092387436,0.68430319619788627,0.81608020444269702,0.52232203620525386,0.74729982718894006,0.62130656520683236,0.78017703106500536,0.56753059489037605,0.36616910463754393
gemma4_xlmr_s20260922_retrieved_exaone,gemma4,xlmr,20260922,exaone,40129,21917,5859,5830,6523,27776,12353,0.65845269912765603,0.31690627165566243,0.65855618321460374,0.78988719501207338,0.52681311581327739,0.7890625,0.52804986642920748,0.78947463213443081,0.52743076612088136,0.30855491041391514
gemma4_xlmr_s20260922_retrieved_gemma4,gemma4,xlmr,20260922,gemma4,40129,23093,4683,5897,6456,27776,12353,0.68162737364960058,0.36493087332088886,0.67701364620517934,0.79658502932045538,0.57958524104497711,0.83140120967741937,0.52262608273293931,0.81362082936969315,0.54963391792950789,0.2775798051284607
exaone_kcelectra_s20260923_retrieved_source,exaone,kcelectra,20260923,source,40129,23431,4345,6352,6001,27776,12353,0.67145083465676025,0.34755641596961079,0.6646814566374295,0.78672397005002859,0.58003092982795279,0.84356998847926268,0.48579292479559621,0.81415590958842232,0.52874575972509807,0.25781853522390291
exaone_kcelectra_s20260923_retrieved_exaone,exaone,kcelectra,20260923,exaone,40129,21492,6284,4976,7377,27776,12353,0.67978779239238984,0.36135001136093442,0.68547219564754314,0.81199939549644851,0.54000439206500261,0.77376152073732718,0.5971828705577592,0.79241943809453586,0.56715614669024372,0.34042712252984125
exaone_kcelectra_s20260923_retrieved_gemma4,exaone,kcelectra,20260923,gemma4,40129,21950,5826,4850,7503,27776,12353,0.69434158353034525,0.38970658653509199,0.69881669901171417,0.81902985074626866,0.5629079450821517,0.79025057603686633,0.60738282198656202,0.80438287892113747,0.58430028813955304,0.33215380398215755
exaone_xlmr_s20260923_retrieved_source,exaone,xlmr,20260923,source,40129,18311,9465,3748,8605,27776,12353,0.65027774313090747,0.33013516265272624,0.67791505611754599,0.83009202593045928,0.47620365246264529,0.65923819124423966,0.69659192099085243,0.7348650546804455,0.56569043158136934,0.45029778962844824
exaone_xlmr_s20260923_retrieved_exaone,exaone,xlmr,20260923,exaone,40129,22725,5051,6879,5474,27776,12353,0.63531308462659053,0.27418705607237198,0.63064179246790175,0.76763275233076611,0.52009501187648455,0.81815236175115202,0.44313122318465148,0.79208783548274664,0.47853833377043448,0.26227914974208177
exaone_xlmr_s20260923_retrieved_gemma4,exaone,xlmr,20260923,gemma4,40129,23469,4307,5813,6540,27776,12353,0.69321485941105299,0.38909899567785577,0.68718206319450381,0.80148213919814215,0.60293168618051074,0.84493807603686633,0.52942605035214119,0.82263661537383015,0.56379310344827582,0.27030327194796783
gemma4_kcelectra_s20260923_retrieved_source,gemma4,kcelectra,20260923,source,40129,22718,5058,5767,6586,27776,12353,0.67824756392718932,0.35705167258512616,0.6755250938828643,0.7975425662629454,0.565613191343181,0.81790034562211977,0.53314984214360883,0.80759318177778572,0.54890194607659293,0.29016422038924466
gemma4_kcelectra_s20260923_retrieved_exaone,gemma4,kcelectra,20260923,exaone,40129,21153,6623,4748,7605,27776,12353,0.6801860183694507,0.3639642458563378,0.68859833257775027,0.81668661441643176,0.53450941804891761,0.76155673963133641,0.61563992552416413,0.78815880172140773,0.57221323501749366,0.35455655510977097
gemma4_kcelectra_s20260923_retrieved_gemma4,gemma4,kcelectra,20260923,gemma4,40129,21244,6532,4346,8007,27776,12353,0.69582771700258628,0.39662957332470961,0.7065077885052643,0.83016803438843301,0.55072563450030954,0.76483294930875578,0.64818262770177282,0.79616235056028184,0.59549308344489071,0.36230656133967953
gemma4_xlmr_s20260923_retrieved_source,gemma4,xlmr,20260923,source,40129,20504,7272,4744,7609,27776,12353,0.66608622364860492,0.33844248381279129,0.67707748887283115,0.81210392902408113,0.51132316376587594,0.73819124423963134,0.61596373350603095,0.77338563669281835,0.55878681060439161,0.37082907622916095
gemma4_xlmr_s20260923_retrieved_exaone,gemma4,xlmr,20260923,exaone,40129,22649,5127,6206,6147,27776,12353,0.66010841355954364,0.32148065677690846,0.65651405138483865,0.78492462311557787,0.54523682810005325,0.81541618663594473,0.49761191613373268,0.79987992442301914,0.52033690269606803,0.28094395574272968
gemma4_xlmr_s20260923_retrieved_gemma4,gemma4,xlmr,20260923,gemma4,40129,23961,3815,6149,6204,27776,12353,0.69124520899815545,0.38913514714439118,0.68243869477637664,0.79578213218199934,0.61922347539674616,0.86265120967741937,0.50222617987533391,0.82786856925681507,0.55462184873949583,0.24966981484711803
