translator,model,kind,selection,label,n,mean,sd,ci_low,ci_high,p_raw,p_holm_44
exaone,kcelectra,relabel_minus_source,retrieved,exaone,23,0.08978214238645195,0.03563024496638162,0.07437446906027127,0.10518981571263263,3.472991713018985e-11,1.2502770166868347e-09
exaone,kcelectra,relabel_minus_source,retrieved,gemma4,23,0.08790613471929853,0.03904612529638535,0.07102132396968217,0.1047909454689149,2.9379818669773484e-10,9.989138347722985e-09
exaone,kcelectra,gemma_minus_exaone,retrieved,,23,-0.0018760076671534226,0.016812324360763554,-0.00914620190378711,0.005394186569480266,0.5979184695130153,1.0
exaone,kcelectra,relabel_minus_source,random,exaone,23,0.07858630232510048,0.026721110491590507,0.06703122764751496,0.09014137700268601,1.6839053772887025e-12,6.73562150915481e-11
exaone,kcelectra,relabel_minus_source,random,gemma4,23,0.06930166557564767,0.028886530613034554,0.05681019301820954,0.0817931381330858,8.878651477623497e-11,3.1075280171682243e-09
exaone,kcelectra,gemma_minus_exaone,random,,23,-0.009284636749452815,0.010963282933931432,-0.014025515802849383,-0.004543757696056247,0.0005191238676375027,0.013497220558575069
exaone,kcelectra,selection_by_label_interaction,,exaone,23,0.01119584006135147,0.02479509973059006,0.00047363489269587264,0.021918045230007066,0.041464647714872564,0.5805050680082159
exaone,kcelectra,selection_by_label_interaction,,gemma4,23,0.01860446914365086,0.029515461037508454,0.005841026675976833,0.03136791161132489,0.006252625145479665,0.11254725261863398
exaone,kcelectra,retrieved_minus_random,,source,23,-0.000616113552913645,0.026059675904249208,-0.01188516246620798,0.01065293536038069,0.9107536536921744,1.0
exaone,kcelectra,retrieved_minus_random,,exaone,23,0.010579726508437826,0.015071140002440291,0.004062476850742989,0.017096976166132663,0.0027844090688687057,0.05937142546474558
exaone,kcelectra,retrieved_minus_random,,gemma4,23,0.017988355590737217,0.022420523990537084,0.008292993973831849,0.027683717207642587,0.0008736267532225294,0.020093415324118177
exaone,xlmr,relabel_minus_source,retrieved,exaone,23,0.06561584064701327,0.01957971152899426,0.057148938459160206,0.07408274283486634,1.2154220607501446e-13,5.1047726551506075e-12
exaone,xlmr,relabel_minus_source,retrieved,gemma4,23,0.07073841810588058,0.019059285755216922,0.06249656489875868,0.07898027131300248,1.499630376059561e-14,6.448410617056113e-13
exaone,xlmr,gemma_minus_exaone,retrieved,,23,0.0051225774588673015,0.008001048784535248,0.0016626645097626656,0.008582490407971937,0.005598025184169668,0.11196050368339336
exaone,xlmr,relabel_minus_source,random,exaone,23,0.07046470080943502,0.017736753740371553,0.06279475333204863,0.07813464828682141,3.663491849414423e-15,1.6119364137423462e-13
exaone,xlmr,relabel_minus_source,random,gemma4,23,0.05520140715606061,0.06083143618561131,0.02889592153297121,0.08150689277915,0.00025536768485430624,0.006894927491066269
exaone,xlmr,gemma_minus_exaone,random,,23,-0.015263293653374402,0.05679030243814676,-0.03982126199986111,0.009294674693112305,0.21080271725620728,1.0
exaone,xlmr,selection_by_label_interaction,,exaone,23,-0.004848860162421741,0.02526221159889796,-0.015773059650242442,0.0060753393253989586,0.3672864978988424,1.0
exaone,xlmr,selection_by_label_interaction,,gemma4,23,0.015537010949819963,0.06323575390887219,-0.011808179623019388,0.04288220152265931,0.25125191337977876,1.0
exaone,xlmr,retrieved_minus_random,,source,23,0.01566364859422556,0.018739323001189412,0.007560157657563847,0.02376713953088727,0.0005904956139452039,0.014171894734684894
exaone,xlmr,retrieved_minus_random,,exaone,23,0.01081478843180382,0.012806477855020235,0.005276852124172616,0.016352724739435026,0.0005339486483271719,0.013497220558575069
exaone,xlmr,retrieved_minus_random,,gemma4,23,0.031200659544045523,0.05971725050277031,0.005376983940565006,0.05702433514752604,0.020115382430051575,0.30173073645077364
gemma4,kcelectra,relabel_minus_source,retrieved,exaone,23,0.06553506222631869,0.025463395380130475,0.05452386434758934,0.07654626010504804,2.3094735046662222e-11,9.006946668198266e-10
gemma4,kcelectra,relabel_minus_source,retrieved,gemma4,23,0.06382716012086197,0.024867247812382854,0.05307375578205127,0.07458056445967266,2.4339811284424484e-11,9.249128288081304e-10
gemma4,kcelectra,gemma_minus_exaone,retrieved,,23,-0.001707902105456745,0.009919202413211849,-0.005997286884686675,0.002581482673773185,0.41780937636701115,1.0
gemma4,kcelectra,relabel_minus_source,random,exaone,23,0.05287886439036583,0.025738568036447782,0.041748672931860784,0.06400905584887087,1.5798447862232332e-09,5.055503315914346e-08
gemma4,kcelectra,relabel_minus_source,random,gemma4,23,0.04994782293987576,0.019530624743292695,0.041502147469925865,0.05839349840982566,2.610884895674536e-11,9.660274113995783e-10
gemma4,kcelectra,gemma_minus_exaone,random,,23,-0.0029310414504900477,0.019505377741081773,-0.011365799297984692,0.0055037163970045955,0.47870594304124486,1.0
gemma4,kcelectra,selection_by_label_interaction,,exaone,23,0.012656197835952896,0.01989630254074858,0.004052391428336034,0.02126000424356976,0.005862438676268478,0.11196050368339336
gemma4,kcelectra,selection_by_label_interaction,,gemma4,23,0.013879337180986199,0.024738849232432164,0.0031814565518017597,0.024577217810170637,0.013356505093144474,0.2137040814903116
gemma4,kcelectra,retrieved_minus_random,,source,23,0.0006817553678859259,0.014801504031356617,-0.005718894952269564,0.0070824056880414155,0.8272111267361139,1.0
gemma4,kcelectra,retrieved_minus_random,,exaone,23,0.013337953203838822,0.013473373530394813,0.0075116295803609465,0.0191642768273167,9.723777618698908e-05,0.0027226577332356942
gemma4,kcelectra,retrieved_minus_random,,gemma4,23,0.014561092548872124,0.020662187175846163,0.005626092789251681,0.023496092308492568,0.0026987011574884355,0.05937142546474558
gemma4,xlmr,relabel_minus_source,retrieved,exaone,23,0.0711003864778286,0.04941366169434992,0.04973231679558783,0.09246845616006936,6.264859630866889e-07,1.8794578892600668e-05
gemma4,xlmr,relabel_minus_source,retrieved,gemma4,23,0.07407529894126826,0.044875321313030604,0.05466975480731825,0.09348084307521826,7.024292405081898e-08,2.1775306455753882e-06
gemma4,xlmr,gemma_minus_exaone,retrieved,,23,0.00297491246343965,0.022571320500871656,-0.006785658454500705,0.012735483381380006,0.5338403326963067,1.0
gemma4,xlmr,relabel_minus_source,random,exaone,23,0.07100359020647938,0.02366332200892291,0.060770802425488386,0.08123637798747037,1.1288029057122767e-12,4.628091913420335e-11
gemma4,xlmr,relabel_minus_source,random,gemma4,23,0.061218623437872155,0.028113909223138146,0.0490612574236693,0.07337598945207502,5.453965336221567e-10,1.7998085609531173e-08
gemma4,xlmr,gemma_minus_exaone,random,,23,-0.009784966768607198,0.01644082189897844,-0.01689451129383818,-0.0026754222433762152,0.009221579635960197,0.15676685381132335
gemma4,xlmr,selection_by_label_interaction,,exaone,23,9.679627134923338e-05,0.05841654950875654,-0.025164414043730602,0.02535800658642907,0.9937311416182211,1.0
gemma4,xlmr,selection_by_label_interaction,,gemma4,23,0.012856675503396081,0.0498012985410985,-0.008679020921504703,0.03439237192829687,0.2287329541197407,1.0
gemma4,xlmr,retrieved_minus_random,,source,23,0.008977327167465446,0.05010567372648916,-0.012689990957749772,0.030644645292680663,0.39946391062954956,1.0
gemma4,xlmr,retrieved_minus_random,,exaone,23,0.009074123438814679,0.023348372709318038,-0.0010224700519826865,0.019170716929612044,0.07574352482323149,0.9846658227020093
gemma4,xlmr,retrieved_minus_random,,gemma4,23,0.021834002670861528,0.02002095202024537,0.013176293786228942,0.030491711555494114,3.023050714955879e-05,0.0008766847073372048
