translator,model,selection,label,repeat,macro_f1,mcc,balanced_accuracy,non_hate_recall,hate_recall
exaone,kcelectra,retrieved,source,1,0.6338056889387513,0.2678461874697306,0.6352443628128001,0.7542285630239741,0.516260162601626
exaone,kcelectra,retrieved,exaone,1,0.7089197800886123,0.4414880061881399,0.7350327702423958,0.708339461685542,0.7617260787992496
exaone,kcelectra,retrieved,gemma4,1,0.7124895350404971,0.452750044439687,0.741554831712459,0.7023091631122224,0.7808005003126954
exaone,kcelectra,random,source,1,0.6257122571687461,0.25285202731110634,0.6229765974671071,0.788792469480806,0.45716072545340836
exaone,kcelectra,random,exaone,1,0.7089667229107289,0.4236552706784343,0.7202771928439979,0.7623179879394029,0.6782363977485929
exaone,kcelectra,random,gemma4,1,0.686719366860324,0.37984972663750893,0.6979699908044823,0.7433446095013972,0.6525953721075672
exaone,kcelectra,retrieved,source,2,0.639529083063894,0.2935978828253474,0.6553668820259315,0.6787762906309751,0.631957473420888
exaone,kcelectra,retrieved,exaone,2,0.7273301258372997,0.4637976123141413,0.742883338893692,0.7618767465803795,0.7238899312070044
exaone,kcelectra,retrieved,gemma4,2,0.7240590643659537,0.4567601045350958,0.7389931804892398,0.7612884247683482,0.7166979362101313
exaone,kcelectra,random,source,2,0.6336895938796782,0.26998086226208284,0.6390675577589722,0.7271657596705398,0.5509693558474046
exaone,kcelectra,random,exaone,2,0.6971648245015086,0.4351222855746823,0.7330839542400425,0.6659802912192969,0.800187617260788
exaone,kcelectra,random,gemma4,2,0.6838069468606198,0.40448721132195037,0.7165580304133679,0.6620091189880865,0.7711069418386491
exaone,kcelectra,retrieved,source,3,0.6268954188815865,0.2712271806256302,0.6207073134858426,0.8558611560523607,0.38555347091932457
exaone,kcelectra,retrieved,exaone,3,0.6874790890480118,0.4246609742931374,0.7276078978615936,0.6437711428151198,0.8114446529080676
exaone,kcelectra,retrieved,gemma4,3,0.6616383988710726,0.3820070804016465,0.7045503463565301,0.6089130754522724,0.800187617260788
exaone,kcelectra,random,source,3,0.6533698962510157,0.31034180656608573,0.6483892298843565,0.8208560082365054,0.47592245153220764
exaone,kcelectra,random,exaone,3,0.7017613050928964,0.4283801981201637,0.728256606363681,0.7001029563171055,0.7564102564102564
exaone,kcelectra,random,gemma4,3,0.682678053527882,0.39254213708286073,0.7094996633890445,0.6801000147080453,0.7388993120700438
exaone,kcelectra,retrieved,source,4,0.6145649461850113,0.2313215991097528,0.6116367543290082,0.7889395499338138,0.4343339587242026
exaone,kcelectra,retrieved,exaone,4,0.7279472254362938,0.4593606943704218,0.7370096869817058,0.7870275040447124,0.6869918699186992
exaone,kcelectra,retrieved,gemma4,4,0.727816688060497,0.4579980484587161,0.7215973295929459,0.8568907192234152,0.5863039399624765
exaone,kcelectra,random,source,4,0.6129271127829986,0.22898853034024602,0.6183052983640589,0.7087807030445654,0.5278298936835523
exaone,kcelectra,random,exaone,4,0.7058001203330624,0.4297007091725238,0.7278105819004947,0.7192234152081188,0.7363977485928705
exaone,kcelectra,random,gemma4,4,0.6661962641756061,0.3707107972859526,0.6985636936086966,0.64509486689219,0.7520325203252033
exaone,kcelectra,retrieved,source,5,0.6095090392837634,0.24113214806581965,0.6049798691103545,0.8588027651125165,0.3511569731081926
exaone,kcelectra,retrieved,exaone,5,0.7135037261410884,0.4362595745132873,0.7285938152071623,0.751434034416826,0.7057535959974984
exaone,kcelectra,retrieved,gemma4,5,0.6905486714520683,0.38878876579745847,0.7032128708549918,0.7406971613472569,0.6657285803627268
exaone,kcelectra,random,source,5,0.6238575354855657,0.272926215208164,0.6177788579621346,0.8718929254302104,0.3636647904940588
exaone,kcelectra,random,exaone,5,0.709202219771226,0.4249317271566186,0.7214000265462281,0.7589351375202236,0.6838649155722326
exaone,kcelectra,random,gemma4,5,0.691418215607468,0.3831869375593174,0.6937743116216277,0.7896749521988528,0.5978736710444027
exaone,kcelectra,retrieved,source,6,0.5575525853783346,0.16318442468970004,0.5634311358557033,0.8848360052948963,0.24202626641651032
exaone,kcelectra,retrieved,exaone,6,0.7139653080271605,0.4287953373039125,0.7180799543691863,0.7973231357552581,0.6388367729831145
exaone,kcelectra,retrieved,gemma4,6,0.7130781060359048,0.4296844372150172,0.7061009689373258,0.8549786733343139,0.5572232645403377
exaone,kcelectra,random,source,6,0.5848147358209175,0.20674505761619452,0.5845398713584136,0.8773349021914988,0.29174484052532834
exaone,kcelectra,random,exaone,6,0.6931095621335861,0.38717675519893935,0.6971329475759827,0.782320929548463,0.6119449656035022
exaone,kcelectra,random,gemma4,6,0.6987712161449409,0.39894486494606646,0.6944630786210789,0.8323282835711134,0.5565978736710444
exaone,kcelectra,retrieved,source,7,0.6292208215897996,0.3084709205944651,0.6652921221078663,0.5944991910575085,0.7360850531582239
exaone,kcelectra,retrieved,exaone,7,0.6861660960152887,0.43459020937124254,0.7326615463536603,0.6247977643771143,0.8405253283302064
exaone,kcelectra,retrieved,gemma4,7,0.6989949486556868,0.4308815163616054,0.7304039211887927,0.6815708192381232,0.7792370231394622
exaone,kcelectra,random,source,7,0.6376078329922744,0.27542874824939906,0.6363420852181754,0.7789380791292837,0.4937460913070669
exaone,kcelectra,random,exaone,7,0.6838794784389696,0.424963797815287,0.7276572236232731,0.6297984997793793,0.8255159474671669
exaone,kcelectra,random,gemma4,7,0.6789855958897826,0.3617701551961435,0.6870973971542922,0.7509927930578026,0.6232020012507817
exaone,kcelectra,retrieved,source,8,0.6264558845597742,0.2763684932486786,0.6473922516104114,0.6440653037211355,0.6507191994996873
exaone,kcelectra,retrieved,exaone,8,0.7072449736355094,0.450232351841968,0.7409156894186975,0.6828945433151934,0.7989368355222014
exaone,kcelectra,retrieved,gemma4,8,0.6670847856492685,0.3907590495611781,0.7093125244386729,0.6165612590086778,0.8020637898686679
exaone,kcelectra,random,source,8,0.6132234293000502,0.24544253698798355,0.6082829014788163,0.8532137078982204,0.36335209505941213
exaone,kcelectra,random,exaone,8,0.6820626864876596,0.39448027648155265,0.7108165117538806,0.6730401529636711,0.7485928705440901
exaone,kcelectra,random,gemma4,8,0.6873573539447444,0.3944998095344125,0.7095498859827545,0.7008383585821444,0.7182614133833646
exaone,kcelectra,retrieved,source,9,0.5818557554284377,0.19456876978304252,0.5813330989612293,0.8649801441388439,0.29768605378361473
exaone,kcelectra,retrieved,exaone,9,0.7238285559899382,0.46477615419641743,0.7460626084419397,0.7354022650389763,0.756722951844903
exaone,kcelectra,retrieved,gemma4,9,0.7319551694551694,0.46415443051687066,0.7342247245828835,0.8183556405353728,0.650093808630394
exaone,kcelectra,random,source,9,0.5850945631825866,0.2062851274833682,0.5846690151708106,0.875717017208413,0.29362101313320826
exaone,kcelectra,random,exaone,9,0.7076235289581232,0.4244138819924262,0.7223868407238272,0.7474628621856155,0.6973108192620388
exaone,kcelectra,random,gemma4,9,0.7072632863989178,0.41456061266608335,0.7080249725868343,0.8087954110898662,0.6072545340838024
exaone,kcelectra,retrieved,source,10,0.6282092166756561,0.25898173191235735,0.6333938993897955,0.7236358287983528,0.5431519699812383
exaone,kcelectra,retrieved,exaone,10,0.6826191415234912,0.4268018217128484,0.7285050288361392,0.6227386380350052,0.8342714196372732
exaone,kcelectra,retrieved,gemma4,10,0.6521096790089576,0.37642830964244167,0.7009145893047399,0.5828798352698926,0.8189493433395872
exaone,kcelectra,random,source,10,0.6624091614696678,0.331591106752404,0.6730876850612895,0.7242241506103839,0.6219512195121951
exaone,kcelectra,random,exaone,10,0.687348164279623,0.40079001269511716,0.7137655944142909,0.6861303132813649,0.741400875547217
exaone,kcelectra,random,gemma4,10,0.6783942406581112,0.4040192433894012,0.71654487687692,0.640094131489925,0.792995622263915
exaone,kcelectra,retrieved,source,11,0.625274512365492,0.25431373275353986,0.6316857333156358,0.713340197087807,0.5500312695434647
exaone,kcelectra,retrieved,exaone,11,0.7188577312234422,0.444099234804451,0.7312481390735366,0.7664362406236211,0.6960600375234521
exaone,kcelectra,retrieved,gemma4,11,0.7172442140865809,0.43894766937835544,0.7273283852120769,0.7742315046330343,0.6804252657911195
exaone,kcelectra,random,source,11,0.6115482843547138,0.22337125259989024,0.6103826842063096,0.7642300338285042,0.45653533458411505
exaone,kcelectra,random,exaone,11,0.6918819471633786,0.40335223728577685,0.7141933832928564,0.704809530813355,0.7235772357723578
exaone,kcelectra,random,gemma4,11,0.6855805585958556,0.37690903687312394,0.6961024875728975,0.7455508162965142,0.6466541588492808
exaone,kcelectra,retrieved,source,12,0.6078333862101328,0.2158279300275457,0.6069534974655527,0.7589351375202236,0.4549718574108818
exaone,kcelectra,retrieved,exaone,12,0.6913299151274167,0.43428747801097967,0.732758105268948,0.6440653037211355,0.8214509068167605
exaone,kcelectra,retrieved,gemma4,12,0.7018080328080908,0.431461740307935,0.7302538512956831,0.6937784968377703,0.766729205753596
exaone,kcelectra,random,source,12,0.5938759866396479,0.1941698520803372,0.5908117166919573,0.8023238711575231,0.3792995622263915
exaone,kcelectra,random,exaone,12,0.6542890743228049,0.39757641910290376,0.7110078359203948,0.5652301809089572,0.8567854909318324
exaone,kcelectra,random,gemma4,12,0.6550878658813546,0.3872639319046601,0.7064151590920233,0.5794969848507133,0.8333333333333334
exaone,kcelectra,retrieved,source,13,0.6305257346776552,0.27084501506386144,0.624795671769043,0.8352698926312693,0.41432145090681677
exaone,kcelectra,retrieved,exaone,13,0.7080087595173961,0.45079707220130777,0.7411542467388198,0.6852478305633182,0.7970606629143214
exaone,kcelectra,retrieved,gemma4,13,0.7320468926441627,0.4724217006848021,0.7469836549372995,0.7682012060597146,0.7257661038148843
exaone,kcelectra,random,source,13,0.6307170061268422,0.2692176108559728,0.625340048811578,0.8279158699808795,0.42276422764227645
exaone,kcelectra,random,exaone,13,0.7037582478112371,0.4197761582948289,0.7210840427274695,0.734225621414914,0.707942464040025
exaone,kcelectra,random,gemma4,13,0.6874740894196039,0.39146442548045784,0.7073221552189048,0.7095161053096044,0.7051282051282052
exaone,kcelectra,retrieved,source,14,0.6392484365912933,0.28550569249386304,0.6335801415081367,0.8293866745109575,0.4377736085053158
exaone,kcelectra,retrieved,exaone,14,0.6836221376888199,0.4351985405822535,0.73272821086793,0.6152375349316076,0.8502188868042526
exaone,kcelectra,retrieved,gemma4,14,0.708459062915112,0.45693704124329065,0.7447155667320756,0.6764230033828504,0.8130081300813008
exaone,kcelectra,random,source,14,0.6357601726419452,0.2730779274495755,0.6326776295414079,0.795999411678188,0.4693558474046279
exaone,kcelectra,random,exaone,14,0.7077533846273036,0.4322093102015026,0.7288210126548977,0.7243712310633916,0.733270794246404
exaone,kcelectra,random,gemma4,14,0.7085662809981161,0.42888968412493206,0.7256904709803091,0.7393734372701868,0.7120075046904315
exaone,kcelectra,retrieved,source,15,0.5801900824431446,0.19511671273853132,0.580347480559671,0.8714516840711869,0.2892432770481551
exaone,kcelectra,retrieved,exaone,15,0.7183653388854329,0.4439176195055253,0.7315985014534658,0.7627592292984262,0.7004377736085053
exaone,kcelectra,retrieved,gemma4,15,0.7244236762187263,0.45397632025294926,0.7355592106443201,0.7759964700691279,0.6951219512195121
exaone,kcelectra,random,source,15,0.6275116683319434,0.255051782056842,0.6270655536383279,0.7657008383585822,0.4884302689180738
exaone,kcelectra,random,exaone,15,0.7039220481946876,0.41407811504956205,0.7156157588932854,0.7564347698190911,0.6747967479674797
exaone,kcelectra,random,gemma4,15,0.6955575614707386,0.39825232131727323,0.7078743048057043,0.7465803794675687,0.6691682301438399
exaone,kcelectra,retrieved,source,16,0.6159633767573593,0.2507559646695474,0.6107566631630429,0.8540961906162671,0.36741713570981865
exaone,kcelectra,retrieved,exaone,16,0.7085208788891311,0.4193159965832707,0.7029028659164368,0.844830122076776,0.5609756097560976
exaone,kcelectra,retrieved,gemma4,16,0.7262449963541118,0.4600266652662068,0.7401414244323352,0.7670245624356523,0.7132582864290181
exaone,kcelectra,random,source,16,0.6090436906970375,0.24136101105997199,0.6045930355611837,0.8611560523606413,0.34803001876172607
exaone,kcelectra,random,exaone,16,0.7056219934725018,0.41282472172536255,0.7111301040205578,0.7846742167965878,0.6375859912445279
exaone,kcelectra,random,gemma4,16,0.7047658881844863,0.4135603233320899,0.7139300136198892,0.7677599647006913,0.6601000625390869
exaone,kcelectra,retrieved,source,17,0.5707270151488214,0.17231767702848053,0.5717785494519161,0.8605677305486101,0.28298936835522204
exaone,kcelectra,retrieved,exaone,17,0.7309585736076073,0.4634903503944291,0.7369325594270798,0.8018826297984998,0.6719824890556598
exaone,kcelectra,retrieved,gemma4,17,0.7253257661212806,0.4547815093719043,0.7352267849050016,0.781585527283424,0.6888680425265791
exaone,kcelectra,random,source,17,0.6089905016352111,0.23020325656504545,0.6045631411601659,0.8323282835711134,0.37679799874921827
exaone,kcelectra,random,exaone,17,0.7227749197300222,0.45193241550389684,0.7353033145716072,0.7692307692307693,0.7013758599124453
exaone,kcelectra,random,gemma4,17,0.700686426504525,0.40954542682862016,0.7142202882537724,0.7461391381085454,0.6823014383989994
exaone,kcelectra,retrieved,source,18,0.6199568016695823,0.24400353775043213,0.6160659087838121,0.8046771584056479,0.4274546591619762
exaone,kcelectra,retrieved,exaone,18,0.7195626756477895,0.45949963597444676,0.743996008499576,0.7240770701573761,0.7639149468417761
exaone,kcelectra,retrieved,gemma4,18,0.720471310682268,0.44417617135847215,0.7290000801169947,0.7832034122665098,0.6747967479674797
exaone,kcelectra,random,source,18,0.544402947070888,0.14543933419333918,0.5544254475490776,0.8927783497573173,0.21607254534083803
exaone,kcelectra,random,exaone,18,0.6863046713997559,0.4023772027728109,0.7149724313833814,0.6775996470069128,0.7523452157598499
exaone,kcelectra,random,gemma4,18,0.6819599935009941,0.3717820015653586,0.6944406578203155,0.7337843800558905,0.6550969355847405
exaone,kcelectra,retrieved,source,19,0.6067684305154352,0.23220986559462947,0.6024621626566317,0.8493896161200176,0.35553470919324576
exaone,kcelectra,retrieved,exaone,19,0.7222148888343631,0.45913576194808703,0.7424561479031468,0.7406971613472569,0.7442151344590369
exaone,kcelectra,retrieved,gemma4,19,0.7048989564730899,0.43696991866034696,0.7331039834887244,0.6976025886159729,0.7686053783614759
exaone,kcelectra,random,source,19,0.6259895978610892,0.2614045086551697,0.6206119503465957,0.8315928813060744,0.40963101938711693
exaone,kcelectra,random,exaone,19,0.7119409831052672,0.42463310676565347,0.7157347386093365,0.7973231357552581,0.6341463414634146
exaone,kcelectra,random,gemma4,19,0.6964992468971096,0.39675511905636357,0.7050743952063729,0.7634946315634652,0.6466541588492808
exaone,kcelectra,retrieved,source,20,0.676218160981211,0.3554424093920239,0.683252379295377,0.7539344021179585,0.6125703564727955
exaone,kcelectra,retrieved,exaone,20,0.7278504234742393,0.46267378367768147,0.7412074587726316,0.7704074128548316,0.7120075046904315
exaone,kcelectra,retrieved,gemma4,20,0.7131549268865462,0.43582199188070814,0.728474536547101,0.7502573907927637,0.7066916823014384
exaone,kcelectra,random,source,20,0.6453643813758696,0.2928733836573229,0.6415685233481251,0.8065892042947492,0.47654784240150094
exaone,kcelectra,random,exaone,20,0.7104647951685583,0.43713533672165483,0.7312941764511041,0.7277540814825709,0.7348342714196373
exaone,kcelectra,random,gemma4,20,0.7145571032480378,0.4292979945130976,0.7164034763601055,0.8083541697308427,0.6244527829893683
exaone,kcelectra,retrieved,source,21,0.6178707202381983,0.23815960661973776,0.6147260417301923,0.7926165612590087,0.43683552220137584
exaone,kcelectra,retrieved,exaone,21,0.7083894013918011,0.44895510895941854,0.7399758094506963,0.690395646418591,0.7895559724828017
exaone,kcelectra,retrieved,gemma4,21,0.7059737260551731,0.43132167778370634,0.7289241483384095,0.7161347256949552,0.7417135709818636
exaone,kcelectra,random,source,21,0.6206645548206186,0.2420814997085697,0.623145500832858,0.7362847477570231,0.5100062539086929
exaone,kcelectra,random,exaone,21,0.6990897269180755,0.4242448287475161,0.7262160145502029,0.6953963818208561,0.7570356472795498
exaone,kcelectra,random,gemma4,21,0.6832824313911092,0.36732901093835685,0.6867138519892332,0.7780555964112369,0.5953721075672295
exaone,kcelectra,retrieved,source,22,0.6570605784617014,0.3153921089589823,0.6537821798279757,0.8060008824827181,0.5015634771732332
exaone,kcelectra,retrieved,exaone,22,0.714469623427245,0.44270818395536154,0.7335634604323686,0.7376084718340933,0.7295184490306441
exaone,kcelectra,retrieved,gemma4,22,0.7212525579438391,0.4528373355734208,0.7376799194525259,0.7533460803059273,0.7220137585991244
exaone,kcelectra,random,source,22,0.6392131557153562,0.29511385506025306,0.631990955150028,0.8599794087365789,0.40400250156347717
exaone,kcelectra,random,exaone,22,0.715167276457111,0.43878868924368203,0.729558507528008,0.7555522871010443,0.7035647279549718
exaone,kcelectra,random,gemma4,22,0.7128206349078062,0.4320848088676266,0.7250596991188327,0.7618767465803795,0.6882426516572858
exaone,kcelectra,retrieved,source,23,0.6611850917165626,0.3232099987679476,0.6644610577595701,0.7623179879394029,0.5666041275797373
exaone,kcelectra,retrieved,exaone,23,0.6902556731926153,0.43659607065533684,0.7339278731807762,0.6367112810707457,0.8311444652908068
exaone,kcelectra,retrieved,gemma4,23,0.6971827005214076,0.4209015850380889,0.7244967875476667,0.6928960141197235,0.7560975609756098
exaone,kcelectra,random,source,23,0.644803313873949,0.29243727490539195,0.640564968305956,0.8111486983379909,0.4699812382739212
exaone,kcelectra,random,exaone,23,0.688188651677836,0.4083817252790916,0.7183484060903265,0.6746580379467568,0.7620387742338962
exaone,kcelectra,random,gemma4,23,0.6761010666503751,0.37821665966125095,0.701765682901718,0.677452566553905,0.726078799249531
exaone,xlmr,retrieved,source,1,0.6311161684819767,0.28920300224203743,0.6544933676281902,0.6395058096778938,0.6694809255784866
exaone,xlmr,retrieved,exaone,1,0.6834345052575892,0.38530629574639697,0.7044546842732731,0.7012795999411678,0.7076297686053784
exaone,xlmr,retrieved,gemma4,1,0.6965892365124895,0.3931854014065061,0.6969162131686033,0.8040888365936167,0.5897435897435898
exaone,xlmr,random,source,1,0.6182456944285333,0.31226704119971077,0.6662595049248037,0.548904250625092,0.7836147592245153
exaone,xlmr,random,exaone,1,0.6858567445265109,0.3912159450411371,0.7077657881300096,0.700397117223121,0.7151344590368981
exaone,xlmr,random,gemma4,1,0.6786902054805244,0.3580378276031909,0.6759452908545853,0.8121782615090455,0.539712320200125
exaone,xlmr,retrieved,source,2,0.6161075949626058,0.29249371771648564,0.6564418846865333,0.5677305486100898,0.7451532207629769
exaone,xlmr,retrieved,exaone,2,0.6867893413201249,0.3903877513861562,0.706816640897693,0.7081923812325343,0.7054409005628518
exaone,xlmr,retrieved,gemma4,2,0.6973436216531956,0.3960051466236453,0.693185092977566,0.8307103985880276,0.5556597873671044
exaone,xlmr,random,source,2,0.6015445691829091,0.2888538373726915,0.6530315314184176,0.5221356081776732,0.783927454659162
exaone,xlmr,random,exaone,2,0.6841027402262627,0.37703111190898175,0.6975589427904869,0.7315781732607737,0.6635397123202001
exaone,xlmr,random,gemma4,2,0.6844565964012777,0.3750286069452206,0.6953213468743012,0.7430504485953817,0.6475922451532208
exaone,xlmr,retrieved,source,3,0.6534041071526564,0.3235892659833694,0.6715801104179595,0.6827474628621856,0.6604127579737336
exaone,xlmr,retrieved,exaone,3,0.693652690964124,0.3999380634578353,0.7108039561054531,0.7255478746874541,0.6960600375234521
exaone,xlmr,retrieved,gemma4,3,0.7026075773037027,0.40573449616522794,0.699854234900637,0.8249742609207237,0.5747342088805504
exaone,xlmr,random,source,3,0.6142851070462049,0.2673445019222196,0.643263834829847,0.6014119723488748,0.6851156973108192
exaone,xlmr,random,exaone,3,0.6891724125738643,0.39080551096089,0.7059670420207659,0.722753346080306,0.6891807379612258
exaone,xlmr,random,gemma4,3,0.6765079301767326,0.3550441106317993,0.6821654188743682,0.7611413443153405,0.6031894934333959
exaone,xlmr,retrieved,source,4,0.6494139513052011,0.30868208134409825,0.6622129988030281,0.7021620826592145,0.6222639149468417
exaone,xlmr,retrieved,exaone,4,0.6986829306339744,0.4032578210860395,0.709822223976027,0.7542285630239741,0.66541588492808
exaone,xlmr,retrieved,gemma4,4,0.7034351346750011,0.40812753385637074,0.7082695087871602,0.7861450213266656,0.6303939962476548
exaone,xlmr,random,source,4,0.6317236140637721,0.2975884272094479,0.65933446692902,0.6247977643771143,0.6938711694809255
exaone,xlmr,random,exaone,4,0.6835655193111054,0.3734305663111549,0.6945859446092623,0.7415796440653037,0.6475922451532208
exaone,xlmr,random,gemma4,4,0.6689115968228481,0.3569953881357073,0.6896231750962898,0.688189439623474,0.6910569105691057
exaone,xlmr,retrieved,source,5,0.6189370261549092,0.2654406575227519,0.6418686631343442,0.6283276952493013,0.6554096310193871
exaone,xlmr,retrieved,exaone,5,0.7032974433706383,0.4102550996001338,0.7119432317282431,0.7687895278717458,0.6550969355847405
exaone,xlmr,retrieved,gemma4,5,0.7052263471710631,0.41046456741411524,0.7056704895626689,0.8090895719958817,0.6022514071294559
exaone,xlmr,random,source,5,0.5969892641979573,0.22712516876565142,0.6216334420293754,0.5981762023827033,0.6450906816760476
exaone,xlmr,random,exaone,5,0.6823734518048974,0.3885659102201669,0.7070055735121258,0.6873069569054273,0.7267041901188243
exaone,xlmr,random,gemma4,5,0.6876426946297575,0.37861819363464194,0.6954185036776093,0.7598176202382704,0.631019387116948
exaone,xlmr,retrieved,source,6,0.5948304710717053,0.2976978691636127,0.6558436977221662,0.49242535667009857,0.8192620387742339
exaone,xlmr,retrieved,exaone,6,0.6953272725865292,0.40211521702633346,0.7115844989160289,0.730548610089719,0.6926203877423389
exaone,xlmr,retrieved,gemma4,6,0.6895740676366229,0.38382625370150975,0.6990527660093486,0.753640241211943,0.6444652908067542
exaone,xlmr,random,source,6,0.6163961374741094,0.265019931126408,0.6418623853101305,0.6161200176496544,0.6676047529706066
exaone,xlmr,random,exaone,6,0.6839633609228195,0.37349292625409336,0.6942355822293331,0.7452566553904986,0.6432145090681676
exaone,xlmr,random,gemma4,6,0.6768609239829768,0.35433232017564703,0.6798258830507117,0.77584938961612,0.5838023764853033
exaone,xlmr,retrieved,source,7,0.6219511758808185,0.2810001012021369,0.6505455130297736,0.6109722017943815,0.6901188242651657
exaone,xlmr,retrieved,exaone,7,0.6959949700835032,0.40396548335840515,0.7127160019945544,0.7293719664656567,0.6960600375234521
exaone,xlmr,retrieved,gemma4,7,0.7056149033817359,0.41138701828656005,0.7072629643048893,0.8032063538755699,0.6113195747342088
exaone,xlmr,random,source,7,0.6246635708209569,0.296892172367729,0.659111753641437,0.5946462715105163,0.7235772357723578
exaone,xlmr,random,exaone,7,0.6831053736031071,0.37947819127734017,0.7002482431060522,0.7156934843359317,0.6848030018761726
exaone,xlmr,random,gemma4,7,0.6694437321349842,0.3441413697356914,0.6788788284264664,0.7364318282100308,0.6213258286429019
exaone,xlmr,retrieved,source,8,0.624879066636941,0.2969891502466994,0.6591667593393098,0.5953816737755552,0.7229518449030644
exaone,xlmr,retrieved,exaone,8,0.6914111583025248,0.3877557031622002,0.7012416340518752,0.753640241211943,0.6488430268918074
exaone,xlmr,retrieved,gemma4,8,0.6974992144347716,0.39594915055431223,0.6939216910186456,0.8271804677158405,0.5606629143214509
exaone,xlmr,random,source,8,0.6217384815457022,0.2899120684859649,0.6553779429543082,0.594057949698485,0.7166979362101313
exaone,xlmr,random,exaone,8,0.6605701792485229,0.32284922680917444,0.6653830010869604,0.752904838946904,0.5778611632270169
exaone,xlmr,random,gemma4,8,0.6683694731564315,0.3390720682590336,0.6742855537100745,0.7531989998529195,0.5953721075672295
exaone,xlmr,retrieved,source,9,0.6118388598164697,0.28414559060079686,0.6519547350937549,0.5637593763788793,0.7401500938086304
exaone,xlmr,retrieved,exaone,9,0.6792697990022298,0.3849562197865304,0.7053888843050807,0.6790704515369907,0.7317073170731707
exaone,xlmr,retrieved,gemma4,9,0.7008359580481567,0.4020999608910527,0.7035494818104527,0.79452860714811,0.6125703564727955
exaone,xlmr,random,source,9,0.5857140145314732,0.24231569267822894,0.629054129194035,0.5264009413148992,0.7317073170731707
exaone,xlmr,random,exaone,9,0.6903029482143663,0.39869064072197197,0.71145206671952,0.7074569789674953,0.7154471544715447
exaone,xlmr,random,gemma4,9,0.6850193871110162,0.37627572228360184,0.696029545234414,0.7429033681423739,0.649155722326454
exaone,xlmr,retrieved,source,10,0.6375436794618929,0.29964309300528547,0.6598618041629747,0.6502426827474629,0.6694809255784866
exaone,xlmr,retrieved,exaone,10,0.6854913770681506,0.3767484905971086,0.6960289473463936,0.7454037358435064,0.6466541588492808
exaone,xlmr,retrieved,gemma4,10,0.6999317352617304,0.4003180693423986,0.7027220047902788,0.7934990439770554,0.6119449656035022
exaone,xlmr,random,source,10,0.6342187894995942,0.30694562672435916,0.6644586662074887,0.6184733048977791,0.7104440275171983
exaone,xlmr,random,exaone,10,0.6761847899474136,0.35960940056981194,0.6878468497878096,0.7321664950728048,0.6435272045028143
exaone,xlmr,random,gemma4,10,0.6655263471619797,0.33494558762307347,0.6733411895819208,0.7409913222532726,0.6056910569105691
exaone,xlmr,retrieved,source,11,0.6362202706615858,0.2894216068944424,0.653566641196637,0.6689219002794529,0.6382113821138211
exaone,xlmr,retrieved,exaone,11,0.6971736651871974,0.3953927280987748,0.7014550800751425,0.7840858949845565,0.6188242651657285
exaone,xlmr,retrieved,gemma4,11,0.6968087833740904,0.3936214679845614,0.6970540263572955,0.8046771584056479,0.5894308943089431
exaone,xlmr,random,source,11,0.5966163246483744,0.2603606781081579,0.6389097153215979,0.5411089866156787,0.7367104440275172
exaone,xlmr,random,exaone,11,0.6969718292184415,0.4024493724082199,0.7106712249649338,0.7421679658773349,0.6791744840525328
exaone,xlmr,random,gemma4,11,0.667507049302881,0.33736888667591297,0.6629203003311104,0.8211501691425209,0.5046904315196998
exaone,xlmr,retrieved,source,12,0.5690834267601168,0.24525847259967976,0.6281019925216167,0.4697749669068981,0.7864290181363353
exaone,xlmr,retrieved,exaone,12,0.6914386721632724,0.39621198822825576,0.709048257933675,0.7217237829092513,0.6963727329580988
exaone,xlmr,retrieved,gemma4,12,0.6985247640253992,0.398056210884008,0.702742332982971,0.7854096190616268,0.6200750469043153
exaone,xlmr,random,source,12,0.6065430506456366,0.29826042162641675,0.6581070028232272,0.527283424032946,0.7889305816135085
exaone,xlmr,random,exaone,12,0.6765053623209116,0.3864880708755497,0.7067723971841866,0.6624503603471099,0.7510944340212633
exaone,xlmr,random,gemma4,12,0.6706598801399015,0.3679897340475353,0.6963960505908928,0.671716428886601,0.7210756722951845
exaone,xlmr,retrieved,source,13,0.6395417587421077,0.3154640107264097,0.6689631545528575,0.6268568907192235,0.7110694183864915
exaone,xlmr,retrieved,exaone,13,0.693015598157894,0.4071701150122138,0.7164749239785382,0.701867921753199,0.7310819262038775
exaone,xlmr,retrieved,gemma4,13,0.6956607666507815,0.3913254268532538,0.6959045866381594,0.8039417561406089,0.5878674171357098
exaone,xlmr,random,source,13,0.6312983881122423,0.2834404549058149,0.6508937828016315,0.6545080158846889,0.6472795497185742
exaone,xlmr,random,exaone,13,0.675483680741664,0.37831376448762294,0.7019504303000083,0.6740697161347257,0.7298311444652908
exaone,xlmr,random,gemma4,13,0.6928109598943162,0.3949723119336372,0.7071134922998001,0.7359905868510075,0.6782363977485929
exaone,xlmr,retrieved,source,14,0.6409010256521954,0.32051245387390154,0.6717230056548249,0.6236211207530519,0.7198248905565978
exaone,xlmr,retrieved,exaone,14,0.6800872174077915,0.3759485492476599,0.6989905856552314,0.7059861744374173,0.6919949968730457
exaone,xlmr,retrieved,gemma4,14,0.7032029722902079,0.40691436680012033,0.7061981257406338,0.7948227680541257,0.6175734834271419
exaone,xlmr,random,source,14,0.6214571758536076,0.2886862479457731,0.6547247502920683,0.5949404324165318,0.7145090681676047
exaone,xlmr,random,exaone,14,0.6927826093310934,0.39515341961646816,0.70729764181007,0.7351081041329607,0.6794871794871795
exaone,xlmr,random,gemma4,14,0.6947754027717932,0.3938346426865328,0.7039533551682038,0.7593763788792469,0.6485303314571608
exaone,xlmr,retrieved,source,15,0.6321974650696711,0.3035898734863674,0.662675166242764,0.6155316958376231,0.7098186366479049
exaone,xlmr,retrieved,exaone,15,0.6967405122918676,0.4126791036501783,0.7190482340181543,0.7095161053096044,0.7285803627267042
exaone,xlmr,retrieved,gemma4,15,0.6946397154933543,0.38982174269578784,0.6976372661211536,0.7886453890277982,0.6066291432145091
exaone,xlmr,random,source,15,0.6224926497575473,0.28041886652088854,0.6501951506498445,0.6146492131195764,0.6857410881801126
exaone,xlmr,random,exaone,15,0.6842937122178483,0.37273336031414694,0.6929830068266853,0.7527577584938961,0.6332082551594747
exaone,xlmr,random,gemma4,15,0.6719123657995947,0.344931517373643,0.6759010471410789,0.7664362406236211,0.5853658536585366
exaone,xlmr,retrieved,source,16,0.6438548896176015,0.3127125284346665,0.6668505172329264,0.6542138549786733,0.6794871794871795
exaone,xlmr,retrieved,exaone,16,0.6935048267088322,0.3922435674388753,0.7037431975290485,0.753640241211943,0.6538461538461539
exaone,xlmr,retrieved,gemma4,16,0.6859805099690146,0.3727055845409532,0.6829612078294631,0.8177673187233416,0.5481550969355847
exaone,xlmr,random,source,16,0.6104020509387225,0.24901283953125952,0.6331427864212456,0.619944109427857,0.6463414634146342
exaone,xlmr,random,exaone,16,0.696929843206439,0.3942743223602248,0.6995585792745704,0.7921753198999852,0.6069418386491557
exaone,xlmr,random,gemma4,16,0.6868283673319204,0.37379672648632717,0.6854651628587178,0.8077658479188116,0.5631644777986241
exaone,xlmr,retrieved,source,17,0.6313148997072395,0.27852245447491014,0.6476439624669816,0.6683335784674217,0.6269543464665416
exaone,xlmr,retrieved,exaone,17,0.6871922957336716,0.3789936980072308,0.6965147313629336,0.7523165171348728,0.6407129455909943
exaone,xlmr,retrieved,gemma4,17,0.6813496028112453,0.36448904640120783,0.6769446606806118,0.8251213413737314,0.5287679799874921
exaone,xlmr,random,source,17,0.5992481211012215,0.25574415259654315,0.6368272713466949,0.5575819973525519,0.716072545340838
exaone,xlmr,random,exaone,17,0.6808875186758837,0.36722181943632165,0.6909250762606169,0.7436387704074129,0.6382113821138211
exaone,xlmr,random,gemma4,17,0.6846012791741602,0.36966721144287,0.6872552395916665,0.7832034122665098,0.591307066916823
exaone,xlmr,retrieved,source,18,0.6331216819800195,0.2828046924105091,0.6500077127554627,0.6677452566553905,0.6322701688555347
exaone,xlmr,retrieved,exaone,18,0.7078263622082236,0.4216515448550588,0.7194039773902666,0.7602588615972937,0.6785490931832395
exaone,xlmr,retrieved,gemma4,18,0.7054579959713146,0.41222353783249116,0.7104305750367402,0.7870275040447124,0.633833646028768
exaone,xlmr,random,source,18,0.6164626737987864,0.253787266836971,0.6351606584899501,0.6427415796440653,0.6275797373358349
exaone,xlmr,random,exaone,18,0.6756494123577237,0.3600470240337837,0.6886761204720445,0.7256949551404618,0.6516572858036273
exaone,xlmr,random,gemma4,18,0.4047278790044063,-0.009701531714249412,0.4998529195469922,0.9997058390939844,0.0
exaone,xlmr,retrieved,source,19,0.6316902322169131,0.3088539282165309,0.665538153028243,0.6040594205030152,0.7270168855534709
exaone,xlmr,retrieved,exaone,19,0.6944629561694102,0.40068621074733196,0.7109319041418095,0.7289307251066334,0.6929330831769857
exaone,xlmr,retrieved,gemma4,19,0.6991809406875927,0.40330572792106095,0.7092784448215125,0.7590822179732314,0.6594746716697936
exaone,xlmr,random,source,19,0.5930251108500313,0.2728427825353746,0.6443977294604539,0.5133107809972055,0.7754846779237023
exaone,xlmr,random,exaone,19,0.6845170996976331,0.38612616269008404,0.7046283707431867,0.7056920135314017,0.7035647279549718
exaone,xlmr,random,gemma4,19,0.6818157538258858,0.37359888547789893,0.6961808109035642,0.7256949551404618,0.6666666666666666
exaone,xlmr,retrieved,source,20,0.6226352812421094,0.31042519939656044,0.6658598167831951,0.5665539049860273,0.7651657285803627
exaone,xlmr,retrieved,exaone,20,0.6906654086389088,0.4060648433750172,0.7164037753041157,0.6917193704956611,0.7410881801125704
exaone,xlmr,retrieved,gemma4,20,0.6929321003578837,0.39252100017319874,0.7046645429684184,0.7467274599205765,0.6626016260162602
exaone,xlmr,random,source,20,0.6076098557599504,0.25170878340057595,0.6348581271516496,0.6002353287248124,0.6694809255784866
exaone,xlmr,random,exaone,20,0.6656860208399051,0.35654017153336376,0.6901606764265907,0.6711281070745698,0.7091932457786116
exaone,xlmr,random,gemma4,20,0.6697784098729183,0.34719690795221125,0.6815576657016753,0.7258420355934696,0.6372732958098811
exaone,xlmr,retrieved,source,21,0.6154077066245118,0.2992666951072366,0.6597096416617938,0.5558170319164583,0.7636022514071295
exaone,xlmr,retrieved,exaone,21,0.7018067239021717,0.41348792885198893,0.7169714699794446,0.7406971613472569,0.6932457786116323
exaone,xlmr,retrieved,gemma4,21,0.7019708747475188,0.40437061106417205,0.7046989215295889,0.795264009413149,0.6141338336460288
exaone,xlmr,random,source,21,0.5963188232217755,0.27957364634811815,0.6479838618065545,0.5161053096043536,0.7798624140087554
exaone,xlmr,random,exaone,21,0.6663336011238875,0.37145766419624254,0.6989777310627938,0.6443594646271511,0.7535959974984365
exaone,xlmr,random,gemma4,21,0.6854440098729129,0.3773248338863079,0.6966734706323383,0.7423150463303427,0.651031894934334
exaone,xlmr,retrieved,source,22,0.6500793188647932,0.30921937333499067,0.6622581393485651,0.7056920135314017,0.6188242651657285
exaone,xlmr,retrieved,exaone,22,0.6965732978497522,0.39648557218470054,0.7046047541663827,0.7659949992645977,0.6432145090681676
exaone,xlmr,retrieved,gemma4,22,0.7038460094530996,0.40841219708590254,0.7074495053672407,0.7923224003529931,0.6225766103814885
exaone,xlmr,random,source,22,0.6156706824821663,0.27700602759612586,0.6484627701108604,0.5902338579202824,0.7066916823014384
exaone,xlmr,random,exaone,22,0.6815210587257521,0.37290812645419036,0.6957853079780982,0.7258420355934696,0.6657285803627268
exaone,xlmr,random,gemma4,22,0.6852526718420411,0.371189823514731,0.6885158864825889,0.7804088836593617,0.5966228893058161
exaone,xlmr,retrieved,source,23,0.6279677362602918,0.3148425592825125,0.6684869367446432,0.5799382262097367,0.7570356472795498
exaone,xlmr,retrieved,exaone,23,0.6993631041972572,0.40317495306085616,0.7088823440080261,0.7617296661273717,0.6560350218886805
exaone,xlmr,retrieved,gemma4,23,0.7028085788496143,0.406473632153956,0.7067419048951484,0.7899691131048684,0.6235146966854284
exaone,xlmr,random,source,23,0.6111097266958709,0.27354964396461595,0.6465345812452095,0.5769966171495808,0.716072545340838
exaone,xlmr,random,exaone,23,0.6977027264380976,0.4046872061830838,0.712152492535368,0.7398146786292101,0.684490306441526
exaone,xlmr,random,gemma4,23,0.6858633253552795,0.37783711494791394,0.6967742147637684,0.7440800117664362,0.6494684177611006
gemma4,kcelectra,retrieved,source,1,0.6632715160105547,0.3268071309290391,0.6650655225481509,0.7729077805559641,0.5572232645403377
gemma4,kcelectra,retrieved,exaone,1,0.7088602845513603,0.4446163528533071,0.7371313571938485,0.7012795999411678,0.7729831144465291
gemma4,kcelectra,retrieved,gemma4,1,0.7028529132466048,0.41962893816481267,0.7214992759576073,0.7284894837476099,0.7145090681676047
gemma4,kcelectra,random,source,1,0.652776271940302,0.30557708937190853,0.6522889544971343,0.7814384468304162,0.5231394621638524
gemma4,kcelectra,random,exaone,1,0.6907649893225098,0.3978849788916492,0.7106691323568626,0.7124577143697602,0.708880550343965
gemma4,kcelectra,random,gemma4,1,0.6828259294763559,0.3660987510117727,0.6854068687767331,0.782320929548463,0.5884928080050031
gemma4,kcelectra,retrieved,source,2,0.6293497758555819,0.2972540878332347,0.659272585518913,0.6143550522135608,0.7041901188242652
gemma4,kcelectra,retrieved,exaone,2,0.7206651094320666,0.45436688593087365,0.7394478743287212,0.7443741726724519,0.7345215759849906
gemma4,kcelectra,retrieved,gemma4,2,0.7205860389224982,0.45463588011449785,0.7397240985941261,0.7430504485953817,0.7363977485928705
gemma4,kcelectra,random,source,2,0.6475810846781612,0.29804693707893026,0.6536796420324844,0.7348139432269452,0.5725453408380238
gemma4,kcelectra,random,exaone,2,0.7079916504820322,0.4267096488053813,0.7241906688812438,0.7423150463303427,0.706066291432145
gemma4,kcelectra,random,gemma4,2,0.707314929868156,0.4241030743172971,0.7223503695545854,0.7461391381085454,0.6985616010006254
gemma4,kcelectra,retrieved,source,3,0.6494842454543384,0.3023989821965241,0.6447388245760675,0.8176202382703339,0.4718574108818011
gemma4,kcelectra,retrieved,exaone,3,0.6862387417126135,0.4122106282620158,0.720798551197749,0.6589204294749228,0.7826766729205754
gemma4,kcelectra,retrieved,gemma4,3,0.6897517040140146,0.4075932110765139,0.717592077744575,0.6837770260332402,0.7514071294559099
gemma4,kcelectra,random,source,3,0.6511778018325247,0.3058453880498447,0.6463387729185426,0.8189439623474041,0.47373358348968103
gemma4,kcelectra,random,exaone,3,0.7127933895462265,0.43248036365120845,0.7255108056301919,0.7599647006912781,0.6910569105691057
gemma4,kcelectra,random,gemma4,3,0.7041809715662796,0.41594115603299237,0.7172725065976944,0.7509927930578026,0.683552220137586
gemma4,kcelectra,retrieved,source,4,0.6431694870057423,0.2898221092893815,0.6498370157256507,0.7277540814825709,0.5719199499687304
gemma4,kcelectra,retrieved,exaone,4,0.7115839497641752,0.4378732621394341,0.7312929806750634,0.732754816884836,0.7298311444652908
gemma4,kcelectra,retrieved,gemma4,4,0.6934678243796383,0.40791449702987703,0.7168426251110578,0.702603324018238,0.7310819262038775
gemma4,kcelectra,random,source,4,0.6214529011650477,0.24329576071092576,0.6199638397325288,0.7727607001029563,0.46716697936210133
gemma4,kcelectra,random,exaone,4,0.7100019875483166,0.4374053865177831,0.7317180790575372,0.7242241506103839,0.7392120075046904
gemma4,kcelectra,random,gemma4,4,0.6733039303545398,0.3685451994490502,0.6961446386783328,0.684659508751287,0.7076297686053784
gemma4,kcelectra,retrieved,source,5,0.6299064592834958,0.26140005111685466,0.6338790855183151,0.7330489777908515,0.5347091932457786
gemma4,kcelectra,retrieved,exaone,5,0.7129273864914367,0.4321790843135392,0.7250411645902015,0.7624650683924107,0.6876172607879925
gemma4,kcelectra,retrieved,gemma4,5,0.7115478729070098,0.4283561722115011,0.7224191266769264,0.7662891601706133,0.6785490931832395
gemma4,kcelectra,random,source,5,0.6249867801104256,0.2705525273858294,0.6188571490068482,0.8624797764377115,0.37523452157598497
gemma4,kcelectra,random,exaone,5,0.6978506952898198,0.4077392544837197,0.7147114532624955,0.730548610089719,0.698874296435272
gemma4,kcelectra,random,gemma4,5,0.6890914399793571,0.3788387334594584,0.6923319067725168,0.7833504927195176,0.6013133208255159
gemma4,kcelectra,retrieved,source,6,0.6032154758240857,0.22243871900843226,0.599217723314165,0.8407118693925577,0.35772357723577236
gemma4,kcelectra,retrieved,exaone,6,0.7150129478251075,0.43120722125142424,0.7198831846385827,0.7946756876011178,0.6450906816760476
gemma4,kcelectra,retrieved,gemma4,6,0.7061473522056958,0.41473665292593187,0.7004105697035791,0.8445359611707604,0.5562851782363978
gemma4,kcelectra,random,source,6,0.609179502574142,0.23770781703773286,0.6046411655468225,0.8521841447271657,0.35709818636647905
gemma4,kcelectra,random,exaone,6,0.6913042925564175,0.384827548643168,0.6861945862435532,0.8342403294602148,0.5381488430268918
gemma4,kcelectra,random,gemma4,6,0.6405309128622798,0.30637009948089955,0.632620830179474,0.8796881894396235,0.38555347091932457
gemma4,kcelectra,retrieved,source,7,0.6292637636049907,0.33320615218671495,0.6775598874535591,0.5599352846006765,0.7951844903064416
gemma4,kcelectra,retrieved,exaone,7,0.698759570179365,0.4342250408652393,0.7324289679137415,0.6743638770407413,0.7904940587867417
gemma4,kcelectra,retrieved,gemma4,7,0.7096874957136587,0.4363504374550837,0.7310648863952972,0.7251066333284306,0.7370231394621638
gemma4,kcelectra,random,source,7,0.6591768444830275,0.3183811476802827,0.6586430094334772,0.7857037799676423,0.5315822388993121
gemma4,kcelectra,random,exaone,7,0.6727120329225418,0.3935881884151855,0.710954623886583,0.6339167524635976,0.7879924953095685
gemma4,kcelectra,random,gemma4,7,0.682256303386534,0.39279318705839233,0.7097394164852077,0.677452566553905,0.7420262664165104
gemma4,kcelectra,retrieved,source,8,0.6728119387040861,0.3537328402810955,0.6851443959357963,0.7261361964994852,0.6441525953721076
gemma4,kcelectra,retrieved,exaone,8,0.6874791108106411,0.42514528304062243,0.7278655875983675,0.643035740550081,0.8126954346466542
gemma4,kcelectra,retrieved,gemma4,8,0.6942250952279798,0.4174694500464076,0.7229351040384944,0.6853949110163259,0.760475297060663
gemma4,kcelectra,random,source,8,0.656340150260108,0.313484479250465,0.6594677959575594,0.7595234593322547,0.5594121325828643
gemma4,kcelectra,random,exaone,8,0.6793040832476736,0.40036417897637283,0.7145192322639509,0.6498014413884394,0.7792370231394622
gemma4,kcelectra,random,gemma4,8,0.6882315868455099,0.4156035301508477,0.7225913184267891,0.6615678776290631,0.7836147592245153
gemma4,kcelectra,retrieved,source,9,0.614948124251127,0.2368445985995929,0.610627818294656,0.8160023532872481,0.4052532833020638
gemma4,kcelectra,retrieved,exaone,9,0.718551381028159,0.44840076406836615,0.7357314023941828,0.7481982644506545,0.723264540337711
gemma4,kcelectra,retrieved,gemma4,9,0.7232418419063333,0.44656448619377015,0.7244946949395954,0.8170319164583026,0.631957473420888
gemma4,kcelectra,random,source,9,0.62097937909965,0.24911286729608384,0.6162829421352016,0.8201206059714664,0.41244527829893685
gemma4,kcelectra,random,exaone,9,0.7025144753671352,0.43222163372873806,0.7305844833709405,0.6956905427268716,0.7654784240150094
gemma4,kcelectra,random,gemma4,9,0.6742882053460897,0.3560845348700569,0.6861276227852733,0.7296661273716724,0.6425891181988743
gemma4,kcelectra,retrieved,source,10,0.6586534445241528,0.32158562486480974,0.6666843043632672,0.7339314605088983,0.599437148217636
gemma4,kcelectra,retrieved,exaone,10,0.6860653215581426,0.4337758466248271,0.7322475088995632,0.6255331666421533,0.8389618511569731
gemma4,kcelectra,retrieved,gemma4,10,0.689817366556071,0.42133468306887084,0.7257374051899073,0.6584791881158994,0.792995622263915
gemma4,kcelectra,random,source,10,0.6656097062790266,0.34644697757011655,0.6833396709463491,0.6965730254449184,0.6701063164477798
gemma4,kcelectra,random,exaone,10,0.6612036302757953,0.39513204033425997,0.7109283168136873,0.5900867774672746,0.8317698561601
gemma4,kcelectra,random,gemma4,10,0.6749979403500689,0.40568900897878934,0.7173487373202898,0.6245036034710987,0.8101938711694809
gemma4,kcelectra,retrieved,source,11,0.65828123193274,0.3246660698343737,0.6699995934361462,0.715546403882924,0.6244527829893683
gemma4,kcelectra,retrieved,exaone,11,0.7194913833890969,0.4467475848019191,0.7333646626656001,0.7612884247683482,0.7054409005628518
gemma4,kcelectra,retrieved,gemma4,11,0.7239544617972078,0.4524844229812765,0.7343906385085325,0.7783497573172525,0.6904315196998124
gemma4,kcelectra,random,source,11,0.642638724329258,0.2922283524675424,0.6526925289108751,0.709074863950581,0.5963101938711695
gemma4,kcelectra,random,exaone,11,0.7047323357394305,0.4108940299678798,0.709934327979844,0.7854096190616268,0.6344590368980613
gemma4,kcelectra,random,gemma4,11,0.6857373122796819,0.3725996728361868,0.6899977519410434,0.7755552287101044,0.6044402751719825
gemma4,kcelectra,retrieved,source,12,0.6215254217729466,0.2462101253018382,0.6271881206825012,0.7146639211648772,0.539712320200125
gemma4,kcelectra,retrieved,exaone,12,0.6864933710308074,0.43859130365917925,0.7346674606619576,0.620679511692896,0.8486554096310194
gemma4,kcelectra,retrieved,gemma4,12,0.6904299868035959,0.4171920718545873,0.723316257651472,0.6683335784674217,0.7782989368355222
gemma4,kcelectra,random,source,12,0.6193567216577355,0.25342920845437744,0.6342177890818472,0.6627445212531254,0.6056910569105691
gemma4,kcelectra,random,exaone,12,0.6515210771057671,0.3877217695967579,0.7060869185688474,0.5675834681570819,0.8445903689806129
gemma4,kcelectra,random,gemma4,12,0.6846489830664779,0.40998872805756875,0.7196404421023177,0.6559788204147668,0.7833020637898687
gemma4,kcelectra,retrieved,source,13,0.658536215572306,0.317076089944392,0.6583401791511664,0.7829092513604942,0.5337711069418386
gemma4,kcelectra,retrieved,exaone,13,0.7159048883306875,0.44081044206846,0.7308556255881724,0.7540814825709663,0.7076297686053784
gemma4,kcelectra,retrieved,gemma4,13,0.7151610862727996,0.43422591253241744,0.7244677899786793,0.7757023091631122,0.6732332707942464
gemma4,kcelectra,random,source,13,0.6357420542050181,0.2723242394872391,0.6333876215655817,0.7883512281217826,0.47842401500938087
gemma4,kcelectra,random,exaone,13,0.7011489016673454,0.4143181369509548,0.7181505051555883,0.7330489777908515,0.7032520325203252
gemma4,kcelectra,random,gemma4,13,0.6947336641466229,0.39371827663420866,0.7038705476773843,0.7595234593322547,0.648217636022514
gemma4,kcelectra,retrieved,source,14,0.6601241797199708,0.32026116683890443,0.6597559779833715,0.7851154581556111,0.534396497811132
gemma4,kcelectra,retrieved,exaone,14,0.7008116812091305,0.45499882286922316,0.7438483301585479,0.6493602000294161,0.8383364602876798
gemma4,kcelectra,retrieved,gemma4,14,0.6990049748112206,0.4305962844708109,0.7302290389428383,0.6821591410501544,0.7782989368355222
gemma4,kcelectra,random,source,14,0.6463940221195379,0.29407099359542244,0.6502370028112694,0.7473157817326077,0.5531582238899312
gemma4,kcelectra,random,exaone,14,0.6816733432209195,0.415912120605219,0.7228920561010288,0.6346521547286366,0.8111319574734209
gemma4,kcelectra,random,gemma4,14,0.7132582724772814,0.4377483064839803,0.7301405515158255,0.7445212531254596,0.7157598499061913
gemma4,kcelectra,retrieved,source,15,0.6437370603838262,0.28756687368238426,0.6446778399979911,0.7649654360935432,0.524390243902439
gemma4,kcelectra,retrieved,exaone,15,0.7163055146555266,0.4506083310761496,0.7388081341469394,0.7274599205765554,0.7501563477173233
gemma4,kcelectra,retrieved,gemma4,15,0.7020996731391502,0.4173937911904844,0.7201193504066237,0.7301073687306957,0.7101313320825516
gemma4,kcelectra,random,source,15,0.6427106603651167,0.28564876936424055,0.6442007253577463,0.7602588615972937,0.5281425891181989
gemma4,kcelectra,random,exaone,15,0.6992382669887289,0.41051412992065195,0.7161643211519628,0.7315781732607737,0.700750469043152
gemma4,kcelectra,random,gemma4,15,0.7025380040585992,0.4061560150820434,0.7069816579913115,0.7873216649507281,0.626641651031895
gemma4,kcelectra,retrieved,source,16,0.6500686671261751,0.30434344427440313,0.6449032437816656,0.8223268127665834,0.46747967479674796
gemma4,kcelectra,retrieved,exaone,16,0.725058955881922,0.4535684445723949,0.7340211437119519,0.7851154581556111,0.6829268292682927
gemma4,kcelectra,retrieved,gemma4,16,0.7220411572632698,0.4472513161305173,0.7305172209686503,0.7846742167965878,0.6763602251407129
gemma4,kcelectra,random,source,16,0.6349421476862643,0.2768540805379999,0.6295156987457505,0.826886306809825,0.43214509068167606
gemma4,kcelectra,random,exaone,16,0.6935046411432322,0.4110251552986097,0.7189412120625104,0.6955434622738638,0.742338961851157
gemma4,kcelectra,random,gemma4,16,0.7006710922152515,0.4033789984452062,0.6955192478090393,0.8385056625974407,0.5525328330206379
gemma4,kcelectra,retrieved,source,17,0.6515001673017384,0.3047145565644275,0.6478959722675621,0.806736284747757,0.4890556597873671
gemma4,kcelectra,retrieved,exaone,17,0.723211347944055,0.4483327554912448,0.7296780851320794,0.7939402853360789,0.66541588492808
gemma4,kcelectra,retrieved,gemma4,17,0.7246082973587056,0.45177815254624537,0.7322173155545351,0.7902632740108839,0.6741713570981863
gemma4,kcelectra,random,source,17,0.6342078365349147,0.27370692867528773,0.6292968717302999,0.8189439623474041,0.43964978111319575
gemma4,kcelectra,random,exaone,17,0.7123472821264205,0.4372031037330309,0.730288827744874,0.7398146786292101,0.7207629768605378
gemma4,kcelectra,random,gemma4,17,0.7074934148251322,0.4188270939193511,0.7164952521712303,0.7707015737608471,0.6622889305816135
gemma4,kcelectra,retrieved,source,18,0.6068784746779261,0.22133679285537414,0.6029395762408867,0.8143844683041623,0.391494684177611
gemma4,kcelectra,retrieved,exaone,18,0.7097022901778428,0.4451492841214715,0.7372685724945203,0.7043682894543315,0.7701688555347092
gemma4,kcelectra,retrieved,gemma4,18,0.7047463351717757,0.41513824768784763,0.7158265144204612,0.7596705397852626,0.6719824890556598
gemma4,kcelectra,random,source,18,0.6301313646462829,0.26634724556571304,0.6251854947583158,0.8204147668774819,0.42995622263914945
gemma4,kcelectra,random,exaone,18,0.692599156185014,0.3878972702437536,0.699638098381278,0.7673187233416678,0.631957473420888
gemma4,kcelectra,random,gemma4,18,0.6841473755056995,0.38041367355523226,0.7004219295759659,0.7201058979261656,0.6807379612257661
gemma4,kcelectra,retrieved,source,19,0.6175891932746997,0.2432795786330218,0.612934769221203,0.8221797323135756,0.40368980612883054
gemma4,kcelectra,retrieved,exaone,19,0.6934128465694882,0.41870252912409023,0.7238379149492333,0.6790704515369907,0.7686053783614759
gemma4,kcelectra,retrieved,gemma4,19,0.7142055706157173,0.4360680361207384,0.7277645445229272,0.7579055743491689,0.6976235146966854
gemma4,kcelectra,random,source,19,0.6246864065499507,0.2545410600709494,0.6202577016945342,0.8130607442270922,0.4274546591619762
gemma4,kcelectra,random,exaone,19,0.704246866340102,0.42207358500843745,0.7226851868459852,0.730548610089719,0.7148217636022514
gemma4,kcelectra,random,gemma4,19,0.7054128536361243,0.41379954444416894,0.7131742831621579,0.7743785850860421,0.6519699812382739
gemma4,kcelectra,retrieved,source,20,0.6708371944236116,0.3441387117800487,0.6769984706024439,0.7539344021179585,0.6000625390869293
gemma4,kcelectra,retrieved,exaone,20,0.7242175049976519,0.46712011070308035,0.7476637525604555,0.7317252537137814,0.7636022514071295
gemma4,kcelectra,retrieved,gemma4,20,0.7160310787026779,0.44775232912881713,0.7367466162527487,0.7333431386968672,0.7401500938086304
gemma4,kcelectra,random,source,20,0.6647766103535273,0.33054699319202024,0.6617003098255722,0.8077658479188116,0.5156347717323327
gemma4,kcelectra,random,exaone,20,0.7141454162636377,0.430620655192482,0.7211363579292507,0.7846742167965878,0.6575984990619137
gemma4,kcelectra,random,gemma4,20,0.7058640992903942,0.41202142759742655,0.7081373755346614,0.800264744815414,0.6160100062539087
gemma4,kcelectra,retrieved,source,21,0.609447355966834,0.2240104998106698,0.605756226704788,0.8043829974996323,0.4071294559099437
gemma4,kcelectra,retrieved,exaone,21,0.7022383756008634,0.4463236536079211,0.7391073771011281,0.6683335784674217,0.8098811757348343
gemma4,kcelectra,retrieved,gemma4,21,0.6745493196511402,0.4100847690707753,0.719548666291193,0.6167083394616856,0.8223889931207005
gemma4,kcelectra,random,source,21,0.6292359451525018,0.2585456192743078,0.6285178236397748,0.7692307692307693,0.4878048780487805
gemma4,kcelectra,random,exaone,21,0.7028003196662089,0.4101755798678045,0.7125790856378926,0.7634946315634652,0.6616635397123202
gemma4,kcelectra,random,gemma4,21,0.7093042626769064,0.42064597000463594,0.7157012568801964,0.7834975731725253,0.6479049405878674
gemma4,kcelectra,retrieved,source,22,0.6574885512145375,0.31856473845879973,0.6647061918479165,0.7371672304750698,0.592245153220763
gemma4,kcelectra,retrieved,exaone,22,0.7102098874840677,0.4345624608031589,0.7293982735385525,0.7333431386968672,0.7254534083802376
gemma4,kcelectra,retrieved,gemma4,22,0.7047491985475196,0.42849860021985836,0.7273606711651761,0.7161347256949552,0.7385866166353972
gemma4,kcelectra,random,source,22,0.6666221874922892,0.3334112684721558,0.6652807622354794,0.7958523312251802,0.5347091932457786
gemma4,kcelectra,random,exaone,22,0.7045196931803324,0.42603799545359766,0.7256396504985788,0.7211354610972202,0.7301438398999375
gemma4,kcelectra,random,gemma4,22,0.6920176146830959,0.40095352687826474,0.7124074917760503,0.7118693925577291,0.7129455909943715
gemma4,kcelectra,retrieved,source,23,0.647645876432227,0.30415783708268784,0.6595544897205112,0.7046624503603471,0.6144465290806754
gemma4,kcelectra,retrieved,exaone,23,0.6818384008988172,0.42133857341134856,0.7256988414125942,0.6274452125312546,0.8239524702939337
gemma4,kcelectra,retrieved,gemma4,23,0.6828518578832349,0.39145948559477917,0.7087723326122803,0.6833357846742169,0.734208880550344
gemma4,kcelectra,random,source,23,0.6513483433415057,0.30285493133323665,0.6526417084291449,0.7677599647006913,0.5375234521575984
gemma4,kcelectra,random,exaone,23,0.6593488016491242,0.39037272625867236,0.7084360206008297,0.589792616561259,0.8270794246404003
gemma4,kcelectra,random,gemma4,23,0.6780042755770228,0.3893476043866407,0.7082895380358422,0.6639211648771878,0.7526579111944965
gemma4,xlmr,retrieved,source,1,0.6333588118159681,0.33134699995540545,0.6771144608783932,0.5765553757905575,0.7776735459662288
gemma4,xlmr,retrieved,exaone,1,0.7063941435116482,0.41654396445668007,0.7152537376969592,0.7704074128548316,0.6601000625390869
gemma4,xlmr,retrieved,gemma4,1,0.7027915085007912,0.4056416140441638,0.7037769782021985,0.8046771584056479,0.6028767979987493
gemma4,xlmr,random,source,1,0.601729175334109,0.30353325561961664,0.6596937976292545,0.5066921606118547,0.8126954346466542
gemma4,xlmr,random,exaone,1,0.6870081186889702,0.39203865827644585,0.7079302073356077,0.7051036917193705,0.7107567229518449
gemma4,xlmr,random,gemma4,1,0.688120669530594,0.37643463699196267,0.6898285496312824,0.7908515958229151,0.5888055034396498
gemma4,xlmr,retrieved,source,2,0.6162170685297634,0.26912425338109575,0.6441821908291152,0.607001029563171,0.6813633520950594
gemma4,xlmr,retrieved,exaone,2,0.6990579654442186,0.4060237357424603,0.7122705754193885,0.7459920576555376,0.6785490931832395
gemma4,xlmr,retrieved,gemma4,2,0.6992128841232499,0.39943067376220337,0.6955123720968053,0.8287983526989263,0.5622263914946842
gemma4,xlmr,random,source,2,0.6297008917239371,0.2805536012852937,0.649395176478607,0.6524488895425798,0.6463414634146342
gemma4,xlmr,random,exaone,2,0.6832754321160021,0.37833550532737487,0.6992354207995676,0.720547139285189,0.6779237023139462
gemma4,xlmr,random,gemma4,2,0.6659954135150082,0.3453807717345581,0.6823725870734219,0.7024562435652302,0.6622889305816135
gemma4,xlmr,retrieved,source,3,0.6404331734778983,0.2901332794526015,0.6523457538590682,0.6977496690689807,0.6069418386491557
gemma4,xlmr,retrieved,exaone,3,0.7008272260718929,0.41136738729373096,0.7158034957316775,0.7405500808942491,0.6910569105691057
gemma4,xlmr,retrieved,gemma4,3,0.6924244991037828,0.3850000171316127,0.6909732062462557,0.8115899396970143,0.5703564727954972
gemma4,xlmr,random,source,3,0.6360829571406488,0.30507724153703436,0.6632877025196198,0.6308280629504339,0.6957473420888055
gemma4,xlmr,random,exaone,3,0.6753750722979458,0.3520553771783768,0.6798004728098465,0.7667304015296367,0.5928705440900562
gemma4,xlmr,random,gemma4,3,0.6831257053560433,0.3662514276745381,0.6831408731795805,0.7971760553022503,0.5691056910569106
gemma4,xlmr,retrieved,source,4,0.6532207669500776,0.3292981463447782,0.6754466522456076,0.6667156934843359,0.6841776110068793
gemma4,xlmr,retrieved,exaone,4,0.6845460499425033,0.37997227382271653,0.6998138774592628,0.7245183115163994,0.6751094434021263
gemma4,xlmr,retrieved,gemma4,4,0.6797528481158304,0.35972176028405345,0.6814975779556295,0.7848212972495955,0.5781738586616635
gemma4,xlmr,random,source,4,0.648121177574932,0.3190804264304484,0.6700214163488891,0.6627445212531254,0.6772983114446529
gemma4,xlmr,random,exaone,4,0.6799226180764865,0.3762538801076036,0.6992853444492675,0.704074128548316,0.6944965603502189
gemma4,xlmr,random,gemma4,4,0.6834199250018149,0.37184670394735386,0.6930670100935455,0.7476099426386233,0.6385240775484677
gemma4,xlmr,retrieved,source,5,0.6041288787133337,0.2702015410914924,0.6444153671570545,0.5549345491984116,0.7338961851156973
gemma4,xlmr,retrieved,exaone,5,0.7069848276611052,0.41935617490835686,0.7178491695933286,0.7624650683924107,0.6732332707942464
gemma4,xlmr,retrieved,gemma4,5,0.7073269042519607,0.4150650926141047,0.7100506171998033,0.7990881011913517,0.6210131332082551
gemma4,xlmr,random,source,5,0.5950424554023526,0.23067116325802153,0.6236330785134591,0.5818502720988381,0.66541588492808
gemma4,xlmr,random,exaone,5,0.6914797612786265,0.39758550644725293,0.7101068186737169,0.7178996911310487,0.7023139462163852
gemma4,xlmr,random,gemma4,5,0.6736604375097783,0.34732222783537503,0.6735313179723943,0.7920282394469775,0.5550343964978112
gemma4,xlmr,retrieved,source,6,0.6193834637806688,0.28017588095566703,0.6501616689207045,0.6008236505368436,0.6994996873045654
gemma4,xlmr,retrieved,exaone,6,0.6949090265622375,0.4008308329516814,0.7107656912721503,0.7317252537137814,0.6898061288305191
gemma4,xlmr,retrieved,gemma4,6,0.6950772884236212,0.39061095620571606,0.6978208177434032,0.7902632740108839,0.6053783614759225
gemma4,xlmr,random,source,6,0.566311615284401,0.2767162559195724,0.64094014303873,0.4344756581850272,0.8474046278924328
gemma4,xlmr,random,exaone,6,0.6898107127724027,0.3800628666790814,0.6924505875445576,0.7870275040447124,0.5978736710444027
gemma4,xlmr,random,gemma4,6,0.676806301895491,0.3543271219664903,0.6800285670896127,0.7743785850860421,0.5856785490931833
gemma4,xlmr,retrieved,source,7,0.6374000209759301,0.31242847161313114,0.6673730713627184,0.6227386380350052,0.7120075046904315
gemma4,xlmr,retrieved,exaone,7,0.6937511132320866,0.40131158094889235,0.7118532495811795,0.722017943815267,0.701688555347092
gemma4,xlmr,retrieved,gemma4,7,0.701563554347306,0.40356648958977315,0.7043219531327538,0.7948227680541257,0.6138211382113821
gemma4,xlmr,random,source,7,0.6348431268726529,0.2988779238285863,0.6597912533765726,0.6375937637887925,0.6819887429643527
gemma4,xlmr,random,exaone,7,0.6802035436493532,0.3799337952777152,0.7018072361191328,0.6959847036328872,0.7076297686053784
gemma4,xlmr,random,gemma4,7,0.6532060141875424,0.3359884247449302,0.6795980877149557,0.651566406824533,0.7076297686053784
gemma4,xlmr,retrieved,source,8,0.6093149556985581,0.31276484344660566,0.665144443766838,0.5197823209295485,0.8105065666041276
gemma4,xlmr,retrieved,exaone,8,0.6943477952697849,0.39524724016403795,0.7060253361027506,0.7481982644506545,0.6638524077548468
gemma4,xlmr,retrieved,gemma4,8,0.6898321205454773,0.3825625361557042,0.6970821270942522,0.7640829533754964,0.6300813008130082
gemma4,xlmr,random,source,8,0.5990230394347794,0.28517462186294174,0.6509631378119929,0.5183115163994705,0.7836147592245153
gemma4,xlmr,random,exaone,8,0.6735050971138661,0.3727642636629229,0.6988414125941524,0.675981762023827,0.7217010631644778
gemma4,xlmr,random,gemma4,8,0.6762256187555152,0.370966455595966,0.6968961839199213,0.6955434622738638,0.6982489055659787
gemma4,xlmr,retrieved,source,9,0.6003621059755742,0.2665009015126539,0.642265361835851,0.5462568024709517,0.7382739212007504
gemma4,xlmr,retrieved,exaone,9,0.5922408124286822,0.21298894334580348,0.5900978383956512,0.8646859832328283,0.315509693558474
gemma4,xlmr,retrieved,gemma4,9,0.6924463876712286,0.3886824712661639,0.6859530394833291,0.8443888807177526,0.5275171982489055
gemma4,xlmr,random,source,9,0.5721492291193068,0.23412911416227875,0.6235260565578151,0.4909545521400206,0.7560975609756098
gemma4,xlmr,random,exaone,9,0.6835233536214075,0.38218970076815845,0.7021348787542883,0.7103985880276511,0.6938711694809255
gemma4,xlmr,random,gemma4,9,0.674877260818977,0.35021995941273026,0.6725896443403322,0.8070304456537726,0.5381488430268918
gemma4,xlmr,retrieved,source,10,0.6483972419148609,0.3269799681626059,0.6748353117447927,0.6464185909692601,0.7032520325203252
gemma4,xlmr,retrieved,exaone,10,0.6994599004371624,0.4060603109157385,0.711929480303775,0.7493749080747169,0.6744840525328331
gemma4,xlmr,retrieved,gemma4,10,0.6968433473535603,0.3948491122621158,0.6929280011288126,0.8289454331519341,0.556910569105691
gemma4,xlmr,random,source,10,0.6285353086902459,0.28870136922885,0.6544870898039765,0.6272981320782468,0.6816760475297061
gemma4,xlmr,random,exaone,10,0.6743539820514015,0.3622288828749227,0.6912554093918641,0.708339461685542,0.6741713570981863
gemma4,xlmr,random,gemma4,10,0.6098616692561333,0.21973488706879582,0.6101199124213628,0.7477570230916312,0.4724828017510944
gemma4,xlmr,retrieved,source,11,0.6299659215381647,0.28779891550182213,0.6538043016847288,0.6365642006177379,0.6710444027517198
gemma4,xlmr,retrieved,exaone,11,0.6868226158463171,0.38357299751945206,0.7013761588564555,0.7295190469186645,0.6732332707942464
gemma4,xlmr,retrieved,gemma4,11,0.6856385376291042,0.37160526066988575,0.6878614980443083,0.7862921017796735,0.5894308943089431
gemma4,xlmr,random,source,11,0.6035868245385109,0.2704412441042993,0.6444895052715787,0.5525812619502868,0.7363977485928705
gemma4,xlmr,random,exaone,11,0.6919598069881525,0.3938329663574975,0.70672785452667,0.7333431386968672,0.6801125703564728
gemma4,xlmr,random,gemma4,11,0.6624672208282253,0.3462458494455772,0.6842454712971898,0.6777467274599206,0.690744215134459
gemma4,xlmr,retrieved,source,12,0.6209726712809432,0.29164594316495274,0.6562714866007315,0.5880276511251654,0.7245153220762977
gemma4,xlmr,retrieved,exaone,12,0.6941538057648553,0.4013922907325358,0.7116963039758357,0.7245183115163994,0.698874296435272
gemma4,xlmr,retrieved,gemma4,12,0.6900374580508976,0.3802489658668329,0.6884994445620292,0.8107074569789675,0.5662914321450907
gemma4,xlmr,random,source,12,0.6155207750157536,0.29343981262867724,0.6568657872929664,0.5642006177379026,0.7495309568480301
gemma4,xlmr,random,exaone,12,0.693452112900842,0.3984350212434905,0.7096811224032229,0.7289307251066334,0.6904315196998124
gemma4,xlmr,random,gemma4,12,0.6806955326001943,0.3760546971030147,0.6987965709926256,0.7096631857626121,0.6879299562226392
gemma4,xlmr,retrieved,source,13,0.6404319281932831,0.3162447135824727,0.6693487923259878,0.6295043388733638,0.7091932457786116
gemma4,xlmr,retrieved,exaone,13,0.6931865776135191,0.39692470043327827,0.7085675559653082,0.732019414619797,0.6851156973108192
gemma4,xlmr,retrieved,gemma4,13,0.6987644293355835,0.4012534026922219,0.7073640073803298,0.7652595969995588,0.6494684177611006
gemma4,xlmr,random,source,13,0.597010821392071,0.2717194001118148,0.6444126766609628,0.5277246653919694,0.7611006879299562
gemma4,xlmr,random,exaone,13,0.6789432626078533,0.3678792549350443,0.6932015348981259,0.7234887483453449,0.6629143214509068
gemma4,xlmr,random,gemma4,13,0.6633161395246487,0.3354013450531591,0.6758301974106666,0.7165759670539785,0.6350844277673546
gemma4,xlmr,retrieved,source,14,0.42892921021274033,0.10608049059839532,0.5463136018328856,0.23959405794969849,0.8530331457160726
gemma4,xlmr,retrieved,exaone,14,0.7016790632672654,0.4258998757564346,0.7266091259235875,0.7052507721723783,0.7479674796747967
gemma4,xlmr,retrieved,gemma4,14,0.6931220353445162,0.38628867588632937,0.6939468023155007,0.7990881011913517,0.5888055034396498
gemma4,xlmr,random,source,14,0.6301471857693696,0.3108167506742206,0.6665429038464528,0.5944991910575085,0.7385866166353972
gemma4,xlmr,random,exaone,14,0.6812460718407847,0.38221927471251144,0.7030487505934038,0.6962788645389028,0.7098186366479049
gemma4,xlmr,random,gemma4,14,0.6858175700882039,0.3738821102549361,0.6920233965540126,0.76584791881159,0.6181988742964353
gemma4,xlmr,retrieved,source,15,0.6293490235797927,0.2754170857720161,0.6461274195033464,0.6643624062362112,0.6278924327704816
gemma4,xlmr,retrieved,exaone,15,0.6981808267795123,0.40463543541182284,0.711710055400304,0.7439329313134284,0.6794871794871795
gemma4,xlmr,retrieved,gemma4,15,0.6967081236444655,0.39343623792738486,0.6972659776605119,0.8029121929695543,0.5916197623514696
gemma4,xlmr,random,source,15,0.6292816372762223,0.2678932456334237,0.6407320780076458,0.6892190027945286,0.592245153220763
gemma4,xlmr,random,exaone,15,0.6817563588847116,0.3699494566637067,0.692848183078095,0.7396675981762024,0.6460287679799875
gemma4,xlmr,random,gemma4,15,0.681641021302606,0.36328219494758496,0.6815959305349782,0.7965877334902192,0.5666041275797373
gemma4,xlmr,retrieved,source,16,0.6240789043229824,0.28433782143032116,0.6523104784658671,0.6145021326665686,0.6901188242651657
gemma4,xlmr,retrieved,exaone,16,0.686823421004966,0.37923955495232786,0.697224125499087,0.7471687012795999,0.6472795497185742
gemma4,xlmr,retrieved,gemma4,16,0.6790716020046119,0.3585152318528711,0.6813788971835887,0.7811442859244007,0.5816135084427767
gemma4,xlmr,random,source,16,0.6280049608798217,0.2903177436769402,0.6554541736769037,0.621414913957935,0.6894934333958724
gemma4,xlmr,random,exaone,16,0.6782647075058115,0.36582237264797,0.6918858823093306,0.7255478746874541,0.658223889931207
gemma4,xlmr,random,gemma4,16,0.6814820839881865,0.3630686873651852,0.6826921582203026,0.7890866303868216,0.5762976860537836
gemma4,xlmr,retrieved,source,17,0.6337097353669123,0.2917430185497715,0.6556410136832653,0.6477423150463304,0.6635397123202001
gemma4,xlmr,retrieved,exaone,17,0.6921931248692148,0.38820825866109304,0.7007250588022869,0.7601117811442859,0.6413383364602877
gemma4,xlmr,retrieved,gemma4,17,0.6893815273381929,0.3793074409417728,0.6867320875738541,0.8171789969113105,0.5562851782363978
gemma4,xlmr,random,source,17,0.6088398249273409,0.23452264754448238,0.6245185506716076,0.6480364759523459,0.6010006253908693
gemma4,xlmr,random,exaone,17,0.6843794062123623,0.3695816919701037,0.6879646337278198,0.7780555964112369,0.5978736710444027
gemma4,xlmr,random,gemma4,17,0.658400808845089,0.3173391354643783,0.6609472698639326,0.7646712751875275,0.5572232645403377
gemma4,xlmr,retrieved,source,18,0.645274919531571,0.3065944411804515,0.6624853367963008,0.6786292101779674,0.6463414634146342
gemma4,xlmr,retrieved,exaone,18,0.6941028267659075,0.4000651828220448,0.7106377432357939,0.7283424032946021,0.6929330831769857
gemma4,xlmr,retrieved,gemma4,18,0.7046043852178087,0.40930616049871266,0.7033692185723152,0.8176202382703339,0.5891181988742964
gemma4,xlmr,random,source,18,0.6114703887096058,0.24561595074760761,0.6309781328435435,0.6340638329166054,0.6278924327704816
gemma4,xlmr,random,exaone,18,0.6878606337353865,0.3792007229034463,0.6958325411317063,0.7590822179732314,0.6325828642901814
gemma4,xlmr,random,gemma4,18,0.694058253019453,0.38909157191511035,0.6981353068421109,0.7827621709074863,0.6135084427767354
gemma4,xlmr,retrieved,source,19,0.6180266538498612,0.30523466214729866,0.6628730671775022,0.5571407559935284,0.7686053783614759
gemma4,xlmr,retrieved,exaone,19,0.6951519151919134,0.40696037244234967,0.7155153137058654,0.7149580820708927,0.716072545340838
gemma4,xlmr,retrieved,gemma4,19,0.7024175342655499,0.4084142851352293,0.7109316051977992,0.768642447418738,0.6532207629768605
gemma4,xlmr,random,source,19,0.5943869193227491,0.2471218629398068,0.6321658373959824,0.5516987792322401,0.7126328955597249
gemma4,xlmr,random,exaone,19,0.6764541067135499,0.3702790697596977,0.6963252008604804,0.6987792322400354,0.6938711694809255
gemma4,xlmr,random,gemma4,19,0.6759634832473684,0.36167894407039225,0.6898817616650943,0.7221650242682748,0.6575984990619137
gemma4,xlmr,retrieved,source,20,0.6416758825950633,0.33023592689021447,0.6769960790503625,0.6100897190763348,0.7439024390243902
gemma4,xlmr,retrieved,exaone,20,0.6840202015888182,0.3849933290251605,0.7040029798738934,0.7056920135314017,0.7023139462163852
gemma4,xlmr,retrieved,gemma4,20,0.6976570832494939,0.4032260656199471,0.7108177075299213,0.744962494484483,0.6766729205753595
gemma4,xlmr,random,source,20,0.6143434258226723,0.2792641564143243,0.6496146013820779,0.5809677893807913,0.7182614133833646
gemma4,xlmr,random,exaone,20,0.6757234542014048,0.3688286020176735,0.6955619968024949,0.6981909104280041,0.6929330831769857
gemma4,xlmr,random,gemma4,20,0.6620872677844238,0.3341020495764607,0.6755279650163761,0.7112810707456979,0.6397748592870544
gemma4,xlmr,retrieved,source,21,0.6175797792568877,0.27533504484901916,0.6475587634240807,0.6015590528018826,0.6935584740462789
gemma4,xlmr,retrieved,exaone,21,0.7038505139250927,0.4218782873445317,0.7227500576961939,0.7284894837476099,0.717010631644778
gemma4,xlmr,retrieved,gemma4,21,0.7017493374517907,0.4095162121559859,0.7131327299447432,0.7558464480070599,0.6704190118824265
gemma4,xlmr,random,source,21,0.6201248788375215,0.2995719266533916,0.6602758416170718,0.5725842035593469,0.7479674796747967
gemma4,xlmr,random,exaone,21,0.677187577207544,0.38051171403095896,0.7029979301116736,0.6780408883659361,0.7279549718574109
gemma4,xlmr,random,gemma4,21,0.6815706993411135,0.380435218297325,0.7016676292663795,0.7028974849242535,0.7004377736085053
gemma4,xlmr,retrieved,source,22,0.6598861864199633,0.34378442838057205,0.6832634402237536,0.6692160611854685,0.6973108192620388
gemma4,xlmr,retrieved,exaone,22,0.7052529909672767,0.4166550879564083,0.7169030118011137,0.7577584938961612,0.6760475297060663
gemma4,xlmr,retrieved,gemma4,22,0.7050214353872024,0.41092537460902034,0.7090500515977362,0.7911457567289307,0.6269543464665416
gemma4,xlmr,random,source,22,0.5860890112433006,0.24995993911965722,0.6327625296402986,0.5178702750404471,0.7476547842401501
gemma4,xlmr,random,exaone,22,0.6859733658615333,0.37206859126561886,0.6873084516254782,0.7914399176349464,0.5831769856160101
gemma4,xlmr,random,gemma4,22,0.6768106382760792,0.3722516608417882,0.6975951150157185,0.6956905427268716,0.6994996873045654
gemma4,xlmr,retrieved,source,23,0.6259343003848741,0.27392348604446487,0.64596598973785,0.6471539932342991,0.6447779862414009
gemma4,xlmr,retrieved,exaone,23,0.7054037492097499,0.41341935465139334,0.7126311018956637,0.7767318723341667,0.6485303314571608
gemma4,xlmr,retrieved,gemma4,23,0.6803186486588164,0.3633844298837658,0.675030223239429,0.8312987204000588,0.5187617260787992
gemma4,xlmr,random,source,23,0.6212074492016625,0.2930639662271954,0.6570167540181064,0.5867039270480953,0.7273295809881176
gemma4,xlmr,random,exaone,23,0.6929770979365941,0.3869434797786966,0.6970686746137942,0.7818796881894396,0.6122576610381488
gemma4,xlmr,random,gemma4,23,0.6899716839125374,0.3824640907862191,0.6966860262807658,0.7667304015296367,0.626641651031895
