model,repeat_seed,target,L_recall,W_recall,L_minus_W
kcelectra,20260901,gender,0.56896551724137934,0.68965517241379315,-0.12068965517241381
kcelectra,20260902,gender,0.5431034482758621,0.7931034482758621,-0.25
kcelectra,20260903,gender,0.64655172413793105,0.86637931034482762,-0.21982758620689657
kcelectra,20260904,gender,0.43534482758620691,0.48706896551724138,-0.051724137931034475
kcelectra,20260905,gender,0.49137931034482757,0.7931034482758621,-0.30172413793103453
kcelectra,20260906,gender,0.37068965517241381,0.28879310344827586,0.081896551724137956
kcelectra,20260907,gender,0.60775862068965514,0.83620689655172409,-0.22844827586206895
kcelectra,20260908,gender,0.65517241379310343,0.88793103448275867,-0.23275862068965525
kcelectra,20260909,gender,0.52155172413793105,0.64655172413793105,-0.125
kcelectra,20260910,gender,0.71982758620689657,0.90517241379310343,-0.18534482758620685
kcelectra,20260911,gender,0.56465517241379315,0.77155172413793105,-0.2068965517241379
kcelectra,20260912,gender,0.7068965517241379,0.86637931034482762,-0.15948275862068972
kcelectra,20260913,gender,0.60775862068965514,0.69827586206896552,-0.090517241379310387
kcelectra,20260914,gender,0.63362068965517238,0.7931034482758621,-0.15948275862068972
kcelectra,20260915,gender,0.45258620689655171,0.74137931034482762,-0.28879310344827591
kcelectra,20260916,gender,0.29310344827586204,0.62931034482758619,-0.33620689655172414
kcelectra,20260917,gender,0.43534482758620691,0.31465517241379309,0.12068965517241381
kcelectra,20260918,gender,0.61206896551724133,0.80172413793103448,-0.18965517241379315
kcelectra,20260919,gender,0.5818965517241379,0.69396551724137934,-0.11206896551724144
kcelectra,20260920,gender,0.56896551724137934,0.68103448275862066,-0.11206896551724133
kcelectra,20260921,gender,0.56465517241379315,0.78017241379310343,-0.21551724137931028
kcelectra,20260922,gender,0.5818965517241379,0.7931034482758621,-0.2112068965517242
kcelectra,20260923,gender,0.65086206896551724,0.81896551724137934,-0.1681034482758621
kcelectra,20260901,age,0.66666666666666663,0.74509803921568629,-0.078431372549019662
kcelectra,20260902,age,0.56862745098039214,0.76470588235294112,-0.19607843137254899
kcelectra,20260903,age,0.76470588235294112,0.87254901960784315,-0.10784313725490202
kcelectra,20260904,age,0.47058823529411764,0.38235294117647056,0.088235294117647078
kcelectra,20260905,age,0.48039215686274511,0.76470588235294112,-0.28431372549019601
kcelectra,20260906,age,0.44117647058823528,0.28431372549019607,0.15686274509803921
kcelectra,20260907,age,0.67647058823529416,0.84313725490196079,-0.16666666666666663
kcelectra,20260908,age,0.66666666666666663,0.89215686274509809,-0.22549019607843146
kcelectra,20260909,age,0.59803921568627449,0.66666666666666663,-0.068627450980392135
kcelectra,20260910,age,0.72549019607843135,0.93137254901960786,-0.20588235294117652
kcelectra,20260911,age,0.56862745098039214,0.74509803921568629,-0.17647058823529416
kcelectra,20260912,age,0.75490196078431371,0.86274509803921573,-0.10784313725490202
kcelectra,20260913,age,0.61764705882352944,0.63725490196078427,-0.019607843137254832
kcelectra,20260914,age,0.71568627450980393,0.71568627450980393,0
kcelectra,20260915,age,0.55882352941176472,0.63725490196078427,-0.078431372549019551
kcelectra,20260916,age,0.3235294117647059,0.55882352941176472,-0.23529411764705882
kcelectra,20260917,age,0.5,0.33333333333333331,0.16666666666666669
kcelectra,20260918,age,0.63725490196078427,0.70588235294117652,-0.068627450980392246
kcelectra,20260919,age,0.56862745098039214,0.66666666666666663,-0.098039215686274495
kcelectra,20260920,age,0.59803921568627449,0.63725490196078427,-0.039215686274509776
kcelectra,20260921,age,0.62745098039215685,0.82352941176470584,-0.19607843137254899
kcelectra,20260922,age,0.6470588235294118,0.8529411764705882,-0.20588235294117641
kcelectra,20260923,age,0.72549019607843135,0.87254901960784315,-0.1470588235294118
kcelectra,20260901,race_or_region_of_origin,0.87346024636058228,0.78387458006718924,0.08958566629339304
kcelectra,20260902,race_or_region_of_origin,0.82754759238521836,0.79059350503919368,0.036954087346024678
kcelectra,20260903,race_or_region_of_origin,0.88689809630459127,0.8600223964165733,0.026875699888017968
kcelectra,20260904,race_or_region_of_origin,0.7592385218365062,0.38185890257558791,0.37737961926091829
kcelectra,20260905,race_or_region_of_origin,0.87346024636058228,0.75475923852183646,0.11870100783874582
kcelectra,20260906,race_or_region_of_origin,0.72340425531914898,0.30907054871220607,0.41433370660694291
kcelectra,20260907,race_or_region_of_origin,0.90593505039193734,0.86674132138857785,0.03919372900335949
kcelectra,20260908,race_or_region_of_origin,0.88017917133258683,0.8857782754759238,-0.0055991041433369748
kcelectra,20260909,race_or_region_of_origin,0.82306830907054873,0.59686450167973126,0.22620380739081747
kcelectra,20260910,race_or_region_of_origin,0.88129899216125418,0.89697648376259798,-0.015677491601343796
kcelectra,20260911,race_or_region_of_origin,0.80179171332586785,0.72340425531914898,0.078387458006718869
kcelectra,20260912,race_or_region_of_origin,0.87905935050391937,0.87458006718924974,0.0044792833146696243
kcelectra,20260913,race_or_region_of_origin,0.87234042553191493,0.71444568868980962,0.15789473684210531
kcelectra,20260914,race_or_region_of_origin,0.88913773796192608,0.79955207166853304,0.08958566629339304
kcelectra,20260915,race_or_region_of_origin,0.82194848824188127,0.71108622620380735,0.11086226203807392
kcelectra,20260916,race_or_region_of_origin,0.63829787234042556,0.59014557670772672,0.048152295632698849
kcelectra,20260917,race_or_region_of_origin,0.79507278835386341,0.3471444568868981,0.44792833146696531
kcelectra,20260918,race_or_region_of_origin,0.85330347144456886,0.68421052631578949,0.16909294512877937
kcelectra,20260919,race_or_region_of_origin,0.82530795072788354,0.71444568868980962,0.11086226203807392
kcelectra,20260920,race_or_region_of_origin,0.7670772676371781,0.7021276595744681,0.064949608062709996
kcelectra,20260921,race_or_region_of_origin,0.84994400895856659,0.85330347144456886,-0.0033594624860022737
kcelectra,20260922,race_or_region_of_origin,0.82866741321388582,0.82754759238521836,0.0011198208286674616
kcelectra,20260923,race_or_region_of_origin,0.90369540873460241,0.84994400895856659,0.053751399776035824
kcelectra,20260901,religion,0.80434782608695654,0.63043478260869568,0.17391304347826086
kcelectra,20260902,religion,0.60869565217391308,0.71739130434782605,-0.10869565217391297
kcelectra,20260903,religion,0.76086956521739135,0.76086956521739135,0
kcelectra,20260904,religion,0.60869565217391308,0.28260869565217389,0.32608695652173919
kcelectra,20260905,religion,0.73913043478260865,0.78260869565217395,-0.043478260869565299
kcelectra,20260906,religion,0.58695652173913049,0.32608695652173914,0.26086956521739135
kcelectra,20260907,religion,0.73913043478260865,0.73913043478260865,0
kcelectra,20260908,religion,0.71739130434782605,0.84782608695652173,-0.13043478260869568
kcelectra,20260909,religion,0.67391304347826086,0.63043478260869568,0.043478260869565188
kcelectra,20260910,religion,0.76086956521739135,0.80434782608695654,-0.043478260869565188
kcelectra,20260911,religion,0.63043478260869568,0.63043478260869568,0
kcelectra,20260912,religion,0.73913043478260865,0.80434782608695654,-0.065217391304347894
kcelectra,20260913,religion,0.76086956521739135,0.63043478260869568,0.13043478260869568
kcelectra,20260914,religion,0.82608695652173914,0.73913043478260865,0.086956521739130488
kcelectra,20260915,religion,0.69565217391304346,0.56521739130434778,0.13043478260869568
kcelectra,20260916,religion,0.43478260869565216,0.47826086956521741,-0.043478260869565244
kcelectra,20260917,religion,0.67391304347826086,0.32608695652173914,0.34782608695652173
kcelectra,20260918,religion,0.73913043478260865,0.65217391304347827,0.086956521739130377
kcelectra,20260919,religion,0.67391304347826086,0.67391304347826086,0
kcelectra,20260920,religion,0.52173913043478259,0.52173913043478259,0
kcelectra,20260921,religion,0.65217391304347827,0.71739130434782605,-0.065217391304347783
kcelectra,20260922,religion,0.71739130434782605,0.69565217391304346,0.021739130434782594
kcelectra,20260923,religion,0.78260869565217395,0.80434782608695654,-0.021739130434782594
kcelectra,20260901,politics,0.79776536312849167,0.70223463687150833,0.095530726256983334
kcelectra,20260902,politics,0.7787709497206704,0.74692737430167599,0.031843575418994408
kcelectra,20260903,politics,0.84748603351955309,0.77765363128491616,0.069832402234636937
kcelectra,20260904,politics,0.76648044692737427,0.29608938547486036,0.47039106145251391
kcelectra,20260905,politics,0.75027932960893851,0.67597765363128492,0.074301675977653581
kcelectra,20260906,politics,0.71899441340782122,0.24972067039106144,0.46927374301675978
kcelectra,20260907,politics,0.91396648044692741,0.88044692737430164,0.033519553072625774
kcelectra,20260908,politics,0.84860335195530723,0.76145251396648039,0.087150837988826835
kcelectra,20260909,politics,0.85474860335195535,0.59441340782122909,0.26033519553072626
kcelectra,20260910,politics,0.87597765363128488,0.86256983240223462,0.013407821229050265
kcelectra,20260911,politics,0.74189944134078212,0.61229050279329611,0.12960893854748601
kcelectra,20260912,politics,0.86480446927374299,0.81955307262569832,0.045251396648044673
kcelectra,20260913,politics,0.86424581005586587,0.66312849162011178,0.20111731843575409
kcelectra,20260914,politics,0.91229050279329604,0.82793296089385471,0.084357541899441335
kcelectra,20260915,politics,0.75474860335195526,0.54245810055865917,0.21229050279329609
kcelectra,20260916,politics,0.64860335195530727,0.60726256983240223,0.04134078212290504
kcelectra,20260917,politics,0.74022346368715086,0.27709497206703909,0.46312849162011177
kcelectra,20260918,politics,0.81061452513966481,0.62905027932960889,0.18156424581005592
kcelectra,20260919,politics,0.80782122905027931,0.69776536312849158,0.11005586592178773
kcelectra,20260920,politics,0.78715083798882679,0.62458100558659213,0.16256983240223466
kcelectra,20260921,politics,0.85307262569832398,0.79162011173184355,0.061452513966480438
kcelectra,20260922,politics,0.76983240223463689,0.76759776536312851,0.0022346368715083775
kcelectra,20260923,politics,0.876536312849162,0.81229050279329607,0.064245810055865937
kcelectra,20260901,occupation,0.61643835616438358,0.59452054794520548,0.021917808219178103
kcelectra,20260902,occupation,0.55890410958904113,0.73150684931506849,-0.17260273972602735
kcelectra,20260903,occupation,0.72602739726027399,0.76438356164383559,-0.038356164383561597
kcelectra,20260904,occupation,0.53424657534246578,0.18630136986301371,0.34794520547945207
kcelectra,20260905,occupation,0.44657534246575342,0.63561643835616444,-0.18904109589041102
kcelectra,20260906,occupation,0.47397260273972602,0.15890410958904111,0.31506849315068491
kcelectra,20260907,occupation,0.66849315068493154,0.80273972602739729,-0.13424657534246576
kcelectra,20260908,occupation,0.65205479452054793,0.80000000000000004,-0.14794520547945211
kcelectra,20260909,occupation,0.51780821917808217,0.47945205479452052,0.038356164383561653
kcelectra,20260910,occupation,0.77260273972602744,0.84931506849315064,-0.076712328767123195
kcelectra,20260911,occupation,0.51506849315068493,0.65753424657534243,-0.1424657534246575
kcelectra,20260912,occupation,0.72602739726027399,0.76986301369863008,-0.043835616438356095
kcelectra,20260913,occupation,0.63013698630136983,0.55342465753424652,0.076712328767123306
kcelectra,20260914,occupation,0.76712328767123283,0.71780821917808224,0.049315068493150593
kcelectra,20260915,occupation,0.51780821917808217,0.49041095890410957,0.027397260273972601
kcelectra,20260916,occupation,0.37534246575342467,0.48767123287671232,-0.11232876712328765
kcelectra,20260917,occupation,0.44109589041095892,0.15616438356164383,0.28493150684931512
kcelectra,20260918,occupation,0.61917808219178083,0.53424657534246578,0.084931506849315053
kcelectra,20260919,occupation,0.56986301369863013,0.62739726027397258,-0.057534246575342451
kcelectra,20260920,occupation,0.55342465753424652,0.60547945205479448,-0.052054794520547953
kcelectra,20260921,occupation,0.70136986301369864,0.73972602739726023,-0.038356164383561597
kcelectra,20260922,occupation,0.58630136986301373,0.68219178082191778,-0.095890410958904049
kcelectra,20260923,occupation,0.73424657534246573,0.77534246575342469,-0.041095890410958957
kcelectra,20260901,disability,0.59595959595959591,0.70707070707070707,-0.11111111111111116
kcelectra,20260902,disability,0.47474747474747475,0.71717171717171713,-0.24242424242424238
kcelectra,20260903,disability,0.61616161616161613,0.78787878787878785,-0.17171717171717171
kcelectra,20260904,disability,0.46464646464646464,0.37373737373737376,0.090909090909090884
kcelectra,20260905,disability,0.45454545454545453,0.70707070707070707,-0.25252525252525254
kcelectra,20260906,disability,0.33333333333333331,0.27272727272727271,0.060606060606060608
kcelectra,20260907,disability,0.61616161616161613,0.82828282828282829,-0.21212121212121215
kcelectra,20260908,disability,0.53535353535353536,0.81818181818181823,-0.28282828282828287
kcelectra,20260909,disability,0.50505050505050508,0.68686868686868685,-0.18181818181818177
kcelectra,20260910,disability,0.66666666666666663,0.83838383838383834,-0.17171717171717171
kcelectra,20260911,disability,0.50505050505050508,0.6767676767676768,-0.17171717171717171
kcelectra,20260912,disability,0.63636363636363635,0.82828282828282829,-0.19191919191919193
kcelectra,20260913,disability,0.56565656565656564,0.66666666666666663,-0.10101010101010099
kcelectra,20260914,disability,0.6767676767676768,0.81818181818181823,-0.14141414141414144
kcelectra,20260915,disability,0.46464646464646464,0.66666666666666663,-0.20202020202020199
kcelectra,20260916,disability,0.34343434343434343,0.58585858585858586,-0.24242424242424243
kcelectra,20260917,disability,0.42424242424242425,0.24242424242424243,0.18181818181818182
kcelectra,20260918,disability,0.5757575757575758,0.64646464646464652,-0.070707070707070718
kcelectra,20260919,disability,0.51515151515151514,0.72727272727272729,-0.21212121212121215
kcelectra,20260920,disability,0.49494949494949497,0.60606060606060608,-0.1111111111111111
kcelectra,20260921,disability,0.54545454545454541,0.80808080808080807,-0.26262626262626265
kcelectra,20260922,disability,0.58585858585858586,0.81818181818181823,-0.23232323232323238
kcelectra,20260923,disability,0.59595959595959591,0.77777777777777779,-0.18181818181818188
xlmr,20260901,gender,0.41379310344827586,0.57327586206896552,-0.15948275862068967
xlmr,20260902,gender,0.43965517241379309,0.65517241379310343,-0.21551724137931033
xlmr,20260903,gender,0.44827586206896552,0.53448275862068961,-0.086206896551724088
xlmr,20260904,gender,0.33620689655172414,0.77586206896551724,-0.43965517241379309
xlmr,20260905,gender,0.40517241379310343,0.57327586206896552,-0.1681034482758621
xlmr,20260906,gender,0.38362068965517243,0.66379310344827591,-0.28017241379310348
xlmr,20260907,gender,0.36206896551724138,0.53017241379310343,-0.16810344827586204
xlmr,20260908,gender,0.2413793103448276,0.78017241379310343,-0.5387931034482758
xlmr,20260909,gender,0.46120689655172414,0.52586206896551724,-0.064655172413793094
xlmr,20260910,gender,0.52586206896551724,0,0.52586206896551724
xlmr,20260911,gender,0.31034482758620691,0.52155172413793105,-0.21120689655172414
xlmr,20260912,gender,0.35775862068965519,0.80172413793103448,-0.44396551724137928
xlmr,20260913,gender,0.56896551724137934,0.69827586206896552,-0.12931034482758619
xlmr,20260914,gender,0.53017241379310343,0.03017241379310345,0.5
xlmr,20260915,gender,0.53017241379310343,0.59482758620689657,-0.064655172413793149
xlmr,20260916,gender,0.41810344827586204,0.77586206896551724,-0.35775862068965519
xlmr,20260917,gender,0.39655172413793105,0.63793103448275867,-0.24137931034482762
xlmr,20260918,gender,0.45689655172413796,0.78017241379310343,-0.32327586206896547
xlmr,20260919,gender,0.43965517241379309,0.65948275862068961,-0.21982758620689652
xlmr,20260920,gender,0.46120689655172414,0.69396551724137934,-0.23275862068965519
xlmr,20260921,gender,0.41810344827586204,0.65948275862068961,-0.24137931034482757
xlmr,20260922,gender,0.29741379310344829,0.59051724137931039,-0.2931034482758621
xlmr,20260923,gender,0.28879310344827586,0.81896551724137934,-0.53017241379310343
xlmr,20260901,age,0.50980392156862742,0.56862745098039214,-0.058823529411764719
xlmr,20260902,age,0.49019607843137253,0.68627450980392157,-0.19607843137254904
xlmr,20260903,age,0.52941176470588236,0.52941176470588236,0
xlmr,20260904,age,0.48039215686274511,0.72549019607843135,-0.24509803921568624
xlmr,20260905,age,0.33333333333333331,0.58823529411764708,-0.25490196078431376
xlmr,20260906,age,0.44117647058823528,0.56862745098039214,-0.12745098039215685
xlmr,20260907,age,0.48039215686274511,0.47058823529411764,0.0098039215686274717
xlmr,20260908,age,0.46078431372549017,0.74509803921568629,-0.28431372549019612
xlmr,20260909,age,0.53921568627450978,0.56862745098039214,-0.029411764705882359
xlmr,20260910,age,0.43137254901960786,0,0.43137254901960786
xlmr,20260911,age,0.49019607843137253,0.61764705882352944,-0.12745098039215691
xlmr,20260912,age,0.49019607843137253,0.78431372549019607,-0.29411764705882354
xlmr,20260913,age,0.53921568627450978,0.68627450980392157,-0.1470588235294118
xlmr,20260914,age,0.52941176470588236,0,0.52941176470588236
xlmr,20260915,age,0.58823529411764708,0.65686274509803921,-0.068627450980392135
xlmr,20260916,age,0.49019607843137253,0.71568627450980393,-0.2254901960784314
xlmr,20260917,age,0.45098039215686275,0.55882352941176472,-0.10784313725490197
xlmr,20260918,age,0.49019607843137253,0.58823529411764708,-0.09803921568627455
xlmr,20260919,age,0.52941176470588236,0.71568627450980393,-0.18627450980392157
xlmr,20260920,age,0.60784313725490191,0.68627450980392157,-0.078431372549019662
xlmr,20260921,age,0.47058823529411764,0.67647058823529416,-0.20588235294117652
xlmr,20260922,age,0.47058823529411764,0.63725490196078427,-0.16666666666666663
xlmr,20260923,age,0.42156862745098039,0.86274509803921573,-0.44117647058823534
xlmr,20260901,race_or_region_of_origin,0.82754759238521836,0.68085106382978722,0.14669652855543114
xlmr,20260902,race_or_region_of_origin,0.7670772676371781,0.75811870100783874,0.0089585666293393595
xlmr,20260903,race_or_region_of_origin,0.78275475923852189,0.60134378499440089,0.181410974244121
xlmr,20260904,race_or_region_of_origin,0.7021276595744681,0.72676371780515114,-0.024636058230683044
xlmr,20260905,race_or_region_of_origin,0.7513997760358343,0.60246360582306835,0.14893617021276595
xlmr,20260906,race_or_region_of_origin,0.79619260918253076,0.69316909294512874,0.10302351623740202
xlmr,20260907,race_or_region_of_origin,0.81075027995520721,0.38521836506159013,0.42553191489361708
xlmr,20260908,race_or_region_of_origin,0.72788353863381861,0.70772676371780519,0.02015677491601342
xlmr,20260909,race_or_region_of_origin,0.78835386338185887,0.46584546472564392,0.32250839865621495
xlmr,20260910,race_or_region_of_origin,0.62150055991041431,0,0.62150055991041431
xlmr,20260911,race_or_region_of_origin,0.67637178051511759,0.56438969764837621,0.11198208286674138
xlmr,20260912,race_or_region_of_origin,0.74020156774916013,0.73348264277715569,0.0067189249720044364
xlmr,20260913,race_or_region_of_origin,0.78275475923852189,0.72900335946248596,0.053751399776035935
xlmr,20260914,race_or_region_of_origin,0.73908174692049267,0.067189249720044794,0.67189249720044786
xlmr,20260915,race_or_region_of_origin,0.81858902575587911,0.65173572228443444,0.16685330347144467
xlmr,20260916,race_or_region_of_origin,0.70772676371780519,0.73012318029115342,-0.022396416573348232
xlmr,20260917,race_or_region_of_origin,0.69316909294512874,0.57558790593505038,0.11758118701007836
xlmr,20260918,race_or_region_of_origin,0.76259798432250836,0.56662933930571113,0.19596864501679723
xlmr,20260919,race_or_region_of_origin,0.76147816349384101,0.68421052631578949,0.077267637178051518
xlmr,20260920,race_or_region_of_origin,0.80179171332586785,0.67861142217245241,0.12318029115341544
xlmr,20260921,race_or_region_of_origin,0.72788353863381861,0.73348264277715569,-0.0055991041433370858
xlmr,20260922,race_or_region_of_origin,0.69540873460246355,0.62374020156774912,0.071668533034714432
xlmr,20260923,race_or_region_of_origin,0.74916013437849949,0.81522956326987683,-0.066069428891377346
xlmr,20260901,religion,0.67391304347826086,0.65217391304347827,0.021739130434782594
xlmr,20260902,religion,0.76086956521739135,0.78260869565217395,-0.021739130434782594
xlmr,20260903,religion,0.52173913043478259,0.56521739130434778,-0.043478260869565188
xlmr,20260904,religion,0.60869565217391308,0.78260869565217395,-0.17391304347826086
xlmr,20260905,religion,0.54347826086956519,0.65217391304347827,-0.10869565217391308
xlmr,20260906,religion,0.60869565217391308,0.69565217391304346,-0.086956521739130377
xlmr,20260907,religion,0.58695652173913049,0.41304347826086957,0.17391304347826092
xlmr,20260908,religion,0.56521739130434778,0.76086956521739135,-0.19565217391304357
xlmr,20260909,religion,0.67391304347826086,0.5,0.17391304347826086
xlmr,20260910,religion,0.54347826086956519,0,0.54347826086956519
xlmr,20260911,religion,0.63043478260869568,0.60869565217391308,0.021739130434782594
xlmr,20260912,religion,0.63043478260869568,0.80434782608695654,-0.17391304347826086
xlmr,20260913,religion,0.71739130434782605,0.76086956521739135,-0.043478260869565299
xlmr,20260914,religion,0.69565217391304346,0.043478260869565216,0.65217391304347827
xlmr,20260915,religion,0.65217391304347827,0.63043478260869568,0.021739130434782594
xlmr,20260916,religion,0.56521739130434778,0.73913043478260865,-0.17391304347826086
xlmr,20260917,religion,0.65217391304347827,0.65217391304347827,0
xlmr,20260918,religion,0.45652173913043476,0.63043478260869568,-0.17391304347826092
xlmr,20260919,religion,0.67391304347826086,0.73913043478260865,-0.065217391304347783
xlmr,20260920,religion,0.58695652173913049,0.69565217391304346,-0.10869565217391297
xlmr,20260921,religion,0.58695652173913049,0.78260869565217395,-0.19565217391304346
xlmr,20260922,religion,0.58695652173913049,0.58695652173913049,0
xlmr,20260923,religion,0.5,0.86956521739130432,-0.36956521739130432
xlmr,20260901,politics,0.79106145251396653,0.61284916201117323,0.1782122905027933
xlmr,20260902,politics,0.80223463687150842,0.64245810055865926,0.15977653631284916
xlmr,20260903,politics,0.78212290502793291,0.49050279329608937,0.29162011173184355
xlmr,20260904,politics,0.78324022346368716,0.63240223463687151,0.15083798882681565
xlmr,20260905,politics,0.76201117318435752,0.62458100558659213,0.13743016759776538
xlmr,20260906,politics,0.77374301675977653,0.58659217877094971,0.18715083798882681
xlmr,20260907,politics,0.79106145251396653,0.42960893854748605,0.36145251396648048
xlmr,20260908,politics,0.75921787709497202,0.68826815642458106,0.070949720670390959
xlmr,20260909,politics,0.8446927374301676,0.48770949720670392,0.35698324022346367
xlmr,20260910,politics,0.77430167597765365,0,0.77430167597765365
xlmr,20260911,politics,0.72234636871508384,0.60502793296089385,0.11731843575418999
xlmr,20260912,politics,0.81284916201117319,0.74078212290502798,0.072067039106145203
xlmr,20260913,politics,0.81452513966480444,0.71061452513966483,0.10391061452513961
xlmr,20260914,politics,0.78938547486033517,0.047486033519553071,0.74189944134078212
xlmr,20260915,politics,0.79944134078212292,0.63631284916201114,0.16312849162011178
xlmr,20260916,politics,0.74804469273743013,0.64525139664804465,0.10279329608938548
xlmr,20260917,politics,0.73575418994413411,0.46759776536312847,0.26815642458100564
xlmr,20260918,politics,0.76424581005586589,0.52346368715083802,0.24078212290502787
xlmr,20260919,politics,0.78435754189944129,0.71620111731843572,0.06815642458100557
xlmr,20260920,politics,0.83966480446927372,0.67765363128491618,0.16201117318435754
xlmr,20260921,politics,0.80837988826815643,0.75251396648044688,0.055865921787709549
xlmr,20260922,politics,0.75307262569832401,0.6782122905027933,0.074860335195530703
xlmr,20260923,politics,0.76703910614525139,0.82513966480446932,-0.058100558659217927
xlmr,20260901,occupation,0.40273972602739727,0.40273972602739727,0
xlmr,20260902,occupation,0.48219178082191783,0.54520547945205478,-0.063013698630136949
xlmr,20260903,occupation,0.48767123287671232,0.36164383561643837,0.12602739726027395
xlmr,20260904,occupation,0.46575342465753422,0.50958904109589043,-0.043835616438356206
xlmr,20260905,occupation,0.34794520547945207,0.48493150684931507,-0.13698630136986301
xlmr,20260906,occupation,0.50136986301369868,0.43561643835616437,0.06575342465753431
xlmr,20260907,occupation,0.40821917808219177,0.26027397260273971,0.14794520547945206
xlmr,20260908,occupation,0.40000000000000002,0.54794520547945202,-0.147945205479452
xlmr,20260909,occupation,0.44931506849315067,0.34520547945205482,0.10410958904109585
xlmr,20260910,occupation,0.45753424657534247,0,0.45753424657534247
xlmr,20260911,occupation,0.37534246575342467,0.46575342465753422,-0.090410958904109551
xlmr,20260912,occupation,0.47671232876712327,0.62739726027397258,-0.15068493150684931
xlmr,20260913,occupation,0.55342465753424652,0.57260273972602738,-0.019178082191780854
xlmr,20260914,occupation,0.46027397260273972,0.027397260273972601,0.43287671232876712
xlmr,20260915,occupation,0.49315068493150682,0.53698630136986303,-0.043835616438356206
xlmr,20260916,occupation,0.41369863013698632,0.53150684931506853,-0.11780821917808221
xlmr,20260917,occupation,0.45753424657534247,0.34246575342465752,0.11506849315068496
xlmr,20260918,occupation,0.47397260273972602,0.38082191780821917,0.093150684931506855
xlmr,20260919,occupation,0.47397260273972602,0.63013698630136983,-0.1561643835616438
xlmr,20260920,occupation,0.52602739726027392,0.57534246575342463,-0.049315068493150704
xlmr,20260921,occupation,0.47671232876712327,0.56438356164383563,-0.087671232876712357
xlmr,20260922,occupation,0.42465753424657532,0.43561643835616437,-0.010958904109589052
xlmr,20260923,occupation,0.41095890410958902,0.70684931506849313,-0.29589041095890412
xlmr,20260901,disability,0.35353535353535354,0.46464646464646464,-0.1111111111111111
xlmr,20260902,disability,0.39393939393939392,0.58585858585858586,-0.19191919191919193
xlmr,20260903,disability,0.37373737373737376,0.37373737373737376,0
xlmr,20260904,disability,0.34343434343434343,0.56565656565656564,-0.22222222222222221
xlmr,20260905,disability,0.36363636363636365,0.5252525252525253,-0.16161616161616166
xlmr,20260906,disability,0.31313131313131315,0.48484848484848486,-0.17171717171717171
xlmr,20260907,disability,0.40404040404040403,0.25252525252525254,0.15151515151515149
xlmr,20260908,disability,0.33333333333333331,0.59595959595959591,-0.2626262626262626
xlmr,20260909,disability,0.43434343434343436,0.41414141414141414,0.020202020202020221
xlmr,20260910,disability,0.36363636363636365,0,0.36363636363636365
xlmr,20260911,disability,0.36363636363636365,0.43434343434343436,-0.070707070707070718
xlmr,20260912,disability,0.41414141414141414,0.6262626262626263,-0.21212121212121215
xlmr,20260913,disability,0.42424242424242425,0.5757575757575758,-0.15151515151515155
xlmr,20260914,disability,0.37373737373737376,0.060606060606060608,0.31313131313131315
xlmr,20260915,disability,0.44444444444444442,0.55555555555555558,-0.11111111111111116
xlmr,20260916,disability,0.48484848484848486,0.61616161616161613,-0.13131313131313127
xlmr,20260917,disability,0.31313131313131315,0.45454545454545453,-0.14141414141414138
xlmr,20260918,disability,0.40404040404040403,0.41414141414141414,-0.010101010101010111
xlmr,20260919,disability,0.39393939393939392,0.54545454545454541,-0.15151515151515149
xlmr,20260920,disability,0.39393939393939392,0.49494949494949497,-0.10101010101010105
xlmr,20260921,disability,0.36363636363636365,0.59595959595959591,-0.23232323232323226
xlmr,20260922,disability,0.36363636363636365,0.42424242424242425,-0.060606060606060608
xlmr,20260923,disability,0.30303030303030304,0.68686868686868685,-0.38383838383838381
