model,target,contrast,hate_n,n,mean,sd,p_raw,t_test_defined,holm_slot_p,p_holm_14,positive_after_adjustment,negative_after_adjustment,ci95_lower,ci95_upper
kcelectra,gender,L-W,232,23,-0.16360569715142434,0.10866762573825543,3.0997281867938688e-07,True,3.0997281867938688e-07,4.3396194615114166e-06,False,True,-0.2105971023490725,-0.11661429195377618
kcelectra,age,L-W,102,23,-0.099744245524296671,0.12006037002148669,0.00062666837294471042,True,0.00062666837294471042,0.0056400153565023935,False,True,-0.15166224278917209,-0.04782624825942125
kcelectra,race_or_region_of_origin,L-W,893,23,0.11485466673158382,0.13318458476800263,0.00043305252555229056,True,0.00043305252555229056,0.0043305252555229058,True,False,0.057261333423755098,0.17244800003941252
kcelectra,religion,L-W,46,23,0.04725897920604915,0.12955105334035277,0.094147897320515844,True,0.094147897320515844,0.37659158928206338,False,False,-0.0087630972858227033,0.10328105569792101
kcelectra,politics,L-W,1790,23,0.14629584649016275,0.14357920371230454,6.9362219202319373e-05,True,6.9362219202319373e-05,0.00076298441122551314,True,False,0.084207542878451863,0.20838415010187364
kcelectra,occupation,L-W,365,23,-0.004169148302561038,0.14853181421726788,0.89414066279732629,True,0.89414066279732629,1,False,False,-0.068399121297805093,0.060060824692683014
kcelectra,disability,L-W,99,23,-0.14844093104962672,0.11765655929489906,4.3311851033452328e-06,True,4.3311851033452328e-06,5.6305406343488029e-05,False,True,-0.19931944260655438,-0.09756241949269906
xlmr,gender,L-W,232,23,-0.19059220389805095,0.25886860022757241,0.0018792186905769986,True,0.0018792186905769986,0.01315453083403899,False,True,-0.30253538111941003,-0.078649026676691852
xlmr,age,L-W,102,23,-0.10315430520034102,0.2125001581089653,0.029501701193600204,True,0.029501701193600204,0.14750850596800102,False,False,-0.19504626443312034,-0.011262345967561704
xlmr,race_or_region_of_origin,L-W,893,23,0.15029943035201329,0.19285700438080597,0.0011414914772019621,True,0.0011414914772019621,0.0091319318176156968,True,False,0.066901807771283184,0.2336970529327434
xlmr,religion,L-W,46,23,-0.014177693761814743,0.22881156003881678,0.76913143311576959,True,0.76913143311576959,1,False,False,-0.11312323212839778,0.0847678446047683
xlmr,politics,L-W,1790,23,0.20789409764391548,0.19975238709742524,5.3805223051533485e-05,True,5.3805223051533485e-05,0.0006456626766184018,True,False,0.1215146879759255,0.29427350731190544
xlmr,occupation,L-W,365,23,0.0055985705777248426,0.17666352876505448,0.88058574153919567,True,0.88058574153919567,1,False,False,-0.070796468031483706,0.081993609186933381
xlmr,disability,L-W,99,23,-0.088274044795783921,0.17298772085920477,0.022842533935057776,True,0.022842533935057776,0.13705520361034665,False,False,-0.163079544868938,-0.013468544722629858
