model,repeat_seed,stratum,n_distinct_items,gold_binary,both_correct,recovered_by_L,new_errors_under_L,both_wrong,W_correct_rate,L_correct_rate,L_minus_W_correct_rate,recovery_minus_new_error_over_n
kcelectra,20260901,gender,232,1,113,19,47,53,0.68965517241379315,0.56896551724137934,-0.12068965517241381,-0.1206896551724138
kcelectra,20260901,age,102,1,63,5,13,21,0.74509803921568629,0.66666666666666663,-0.078431372549019662,-0.078431372549019607
kcelectra,20260901,race_or_region_of_origin,893,1,665,115,35,78,0.78387458006718924,0.87346024636058228,0.08958566629339304,0.089585666293393054
kcelectra,20260901,religion,46,1,29,8,0,9,0.63043478260869568,0.80434782608695654,0.17391304347826086,0.17391304347826086
kcelectra,20260901,politics,1790,1,1146,282,111,251,0.70223463687150833,0.79776536312849167,0.095530726256983334,0.095530726256983237
kcelectra,20260901,occupation,365,1,168,57,49,91,0.59452054794520548,0.61643835616438358,0.021917808219178103,0.021917808219178082
kcelectra,20260901,disability,99,1,52,7,18,22,0.70707070707070707,0.59595959595959591,-0.11111111111111116,-0.1111111111111111
kcelectra,20260901,overall_hate,3198,1,1974,462,261,501,0.69887429643527199,0.76172607879924958,0.062851782363977593,0.062851782363977482
kcelectra,20260901,overall_non_hate,6799,0,3955,861,680,1303,0.68171789969113106,0.70833946168554196,0.026621561994410903,0.026621561994410944
kcelectra,20260902,gender,232,1,121,5,63,43,0.7931034482758621,0.5431034482758621,-0.25,-0.25
kcelectra,20260902,age,102,1,56,2,22,22,0.76470588235294112,0.56862745098039214,-0.19607843137254899,-0.19607843137254902
kcelectra,20260902,race_or_region_of_origin,893,1,633,106,73,81,0.79059350503919368,0.82754759238521836,0.036954087346024678,0.036954087346024636
kcelectra,20260902,religion,46,1,26,2,7,11,0.71739130434782605,0.60869565217391308,-0.10869565217391297,-0.10869565217391304
kcelectra,20260902,politics,1790,1,1170,224,167,229,0.74692737430167599,0.7787709497206704,0.031843575418994408,0.031843575418994415
kcelectra,20260902,occupation,365,1,180,24,87,74,0.73150684931506849,0.55890410958904113,-0.17260273972602735,-0.17260273972602741
kcelectra,20260902,disability,99,1,45,2,26,26,0.71717171717171713,0.47474747474747475,-0.24242424242424238,-0.24242424242424243
kcelectra,20260902,overall_hate,3198,1,1973,342,422,461,0.7489055659787367,0.7238899312070044,-0.025015634771732298,-0.025015634771732333
kcelectra,20260902,overall_non_hate,6799,0,3600,1580,376,1243,0.58479188115899394,0.76187674658037952,0.17708486542138557,0.17708486542138549
kcelectra,20260903,gender,232,1,146,4,55,27,0.86637931034482762,0.64655172413793105,-0.21982758620689657,-0.21982758620689655
kcelectra,20260903,age,102,1,76,2,13,11,0.87254901960784315,0.76470588235294112,-0.10784313725490202,-0.10784313725490197
kcelectra,20260903,race_or_region_of_origin,893,1,726,66,42,59,0.8600223964165733,0.88689809630459127,0.026875699888017968,0.026875699888017916
kcelectra,20260903,religion,46,1,31,4,4,7,0.76086956521739135,0.76086956521739135,0,0
kcelectra,20260903,politics,1790,1,1304,213,88,185,0.77765363128491616,0.84748603351955309,0.069832402234636937,0.069832402234636867
kcelectra,20260903,occupation,365,1,243,22,36,64,0.76438356164383559,0.72602739726027399,-0.038356164383561597,-0.038356164383561646
kcelectra,20260903,disability,99,1,58,3,20,18,0.78787878787878785,0.61616161616161613,-0.17171717171717171,-0.17171717171717171
kcelectra,20260903,overall_hate,3198,1,2301,294,246,357,0.79643527204502818,0.81144465290806755,0.015009380863039379,0.0150093808630394
kcelectra,20260903,overall_non_hate,6799,0,3223,1154,414,2008,0.53493160758935132,0.64377114281511982,0.1088395352257685,0.1088395352257685
kcelectra,20260904,gender,232,1,77,24,36,95,0.48706896551724138,0.43534482758620691,-0.051724137931034475,-0.051724137931034482
kcelectra,20260904,age,102,1,29,19,10,44,0.38235294117647056,0.47058823529411764,0.088235294117647078,0.088235294117647065
kcelectra,20260904,race_or_region_of_origin,893,1,315,363,26,189,0.38185890257558791,0.7592385218365062,0.37737961926091829,0.37737961926091823
kcelectra,20260904,religion,46,1,13,15,0,18,0.28260869565217389,0.60869565217391308,0.32608695652173919,0.32608695652173914
kcelectra,20260904,politics,1790,1,486,886,44,374,0.29608938547486036,0.76648044692737427,0.47039106145251391,0.47039106145251397
kcelectra,20260904,occupation,365,1,57,138,11,159,0.18630136986301371,0.53424657534246578,0.34794520547945207,0.34794520547945207
kcelectra,20260904,disability,99,1,26,20,11,42,0.37373737373737376,0.46464646464646464,0.090909090909090884,0.090909090909090912
kcelectra,20260904,overall_hate,3198,1,865,1332,125,876,0.30956848030018763,0.68699186991869921,0.37742338961851157,0.37742338961851157
kcelectra,20260904,overall_non_hate,6799,0,5021,330,1058,390,0.89410207383438745,0.78702750404471244,-0.107074569789675,-0.10707456978967496
kcelectra,20260905,gender,232,1,109,5,75,43,0.7931034482758621,0.49137931034482757,-0.30172413793103453,-0.30172413793103448
kcelectra,20260905,age,102,1,45,4,33,20,0.76470588235294112,0.48039215686274511,-0.28431372549019601,-0.28431372549019607
kcelectra,20260905,race_or_region_of_origin,893,1,635,145,39,74,0.75475923852183646,0.87346024636058228,0.11870100783874582,0.11870100783874581
kcelectra,20260905,religion,46,1,28,6,8,4,0.78260869565217395,0.73913043478260865,-0.043478260869565299,-0.043478260869565216
kcelectra,20260905,politics,1790,1,1057,286,153,294,0.67597765363128492,0.75027932960893851,0.074301675977653581,0.074301675977653636
kcelectra,20260905,occupation,365,1,134,29,98,104,0.63561643835616444,0.44657534246575342,-0.18904109589041102,-0.18904109589041096
kcelectra,20260905,disability,99,1,41,4,29,25,0.70707070707070707,0.45454545454545453,-0.25252525252525254,-0.25252525252525254
kcelectra,20260905,overall_hate,3198,1,1811,446,401,540,0.69168230143839904,0.70575359599749843,0.01407129455909939,0.014071294559099437
kcelectra,20260905,overall_non_hate,6799,0,3766,1343,444,1246,0.61920870716281806,0.75143403441682599,0.13222532725400793,0.13222532725400793
kcelectra,20260906,gender,232,1,42,44,25,121,0.28879310344827586,0.37068965517241381,0.081896551724137956,0.081896551724137928
kcelectra,20260906,age,102,1,18,27,11,46,0.28431372549019607,0.44117647058823528,0.15686274509803921,0.15686274509803921
kcelectra,20260906,race_or_region_of_origin,893,1,251,395,25,222,0.30907054871220607,0.72340425531914898,0.41433370660694291,0.41433370660694291
kcelectra,20260906,religion,46,1,13,14,2,17,0.32608695652173914,0.58695652173913049,0.26086956521739135,0.2608695652173913
kcelectra,20260906,politics,1790,1,422,865,25,478,0.24972067039106144,0.71899441340782122,0.46927374301675978,0.46927374301675978
kcelectra,20260906,occupation,365,1,45,128,13,179,0.15890410958904111,0.47397260273972602,0.31506849315068491,0.31506849315068491
kcelectra,20260906,disability,99,1,18,15,9,57,0.27272727272727271,0.33333333333333331,0.060606060606060608,0.060606060606060608
kcelectra,20260906,overall_hate,3198,1,710,1333,100,1055,0.25328330206378985,0.63883677298311448,0.38555347091932463,0.38555347091932457
kcelectra,20260906,overall_non_hate,6799,0,5026,395,1020,358,0.88924841888513018,0.79732313575525815,-0.091925283129872026,-0.09192528312987204
kcelectra,20260907,gender,232,1,137,4,57,34,0.83620689655172409,0.60775862068965514,-0.22844827586206895,-0.22844827586206898
kcelectra,20260907,age,102,1,69,0,17,16,0.84313725490196079,0.67647058823529416,-0.16666666666666663,-0.16666666666666666
kcelectra,20260907,race_or_region_of_origin,893,1,741,68,33,51,0.86674132138857785,0.90593505039193734,0.03919372900335949,0.039193729003359462
kcelectra,20260907,religion,46,1,31,3,3,9,0.73913043478260865,0.73913043478260865,0,0
kcelectra,20260907,politics,1790,1,1498,138,78,76,0.88044692737430164,0.91396648044692741,0.033519553072625774,0.033519553072625698
kcelectra,20260907,occupation,365,1,227,17,66,55,0.80273972602739729,0.66849315068493154,-0.13424657534246576,-0.13424657534246576
kcelectra,20260907,disability,99,1,60,1,22,16,0.82828282828282829,0.61616161616161613,-0.21212121212121215,-0.21212121212121213
kcelectra,20260907,overall_hate,3198,1,2474,214,263,247,0.85584740462789244,0.84052532833020643,-0.015322076297686005,-0.015322076297686053
kcelectra,20260907,overall_non_hate,6799,0,3007,1241,435,2116,0.50625091925283128,0.62479776437711432,0.11854684512428304,0.11854684512428298
kcelectra,20260908,gender,232,1,146,6,60,20,0.88793103448275867,0.65517241379310343,-0.23275862068965525,-0.23275862068965517
kcelectra,20260908,age,102,1,66,2,25,9,0.89215686274509809,0.66666666666666663,-0.22549019607843146,-0.22549019607843138
kcelectra,20260908,race_or_region_of_origin,893,1,721,65,70,37,0.8857782754759238,0.88017917133258683,-0.0055991041433369748,-0.0055991041433370659
kcelectra,20260908,religion,46,1,31,2,8,5,0.84782608695652173,0.71739130434782605,-0.13043478260869568,-0.13043478260869565
kcelectra,20260908,politics,1790,1,1235,284,128,143,0.76145251396648039,0.84860335195530723,0.087150837988826835,0.087150837988826821
kcelectra,20260908,occupation,365,1,217,21,75,52,0.80000000000000004,0.65205479452054793,-0.14794520547945211,-0.14794520547945206
kcelectra,20260908,disability,99,1,52,1,29,17,0.81818181818181823,0.53535353535353536,-0.28282828282828287,-0.28282828282828282
kcelectra,20260908,overall_hate,3198,1,2200,355,371,272,0.80393996247654786,0.79893683552220141,-0.0050031269543464596,-0.0050031269543464665
kcelectra,20260908,overall_non_hate,6799,0,2792,1851,383,1773,0.46698043829974994,0.68289454331519339,0.21591410501544345,0.21591410501544345
kcelectra,20260909,gender,232,1,100,21,50,61,0.64655172413793105,0.52155172413793105,-0.125,-0.125
kcelectra,20260909,age,102,1,49,12,19,22,0.66666666666666663,0.59803921568627449,-0.068627450980392135,-0.068627450980392163
kcelectra,20260909,race_or_region_of_origin,893,1,503,232,30,128,0.59686450167973126,0.82306830907054873,0.22620380739081747,0.22620380739081747
kcelectra,20260909,religion,46,1,24,7,5,10,0.63043478260869568,0.67391304347826086,0.043478260869565188,0.043478260869565216
kcelectra,20260909,politics,1790,1,1005,525,59,201,0.59441340782122909,0.85474860335195535,0.26033519553072626,0.26033519553072626
kcelectra,20260909,occupation,365,1,128,61,47,129,0.47945205479452052,0.51780821917808217,0.038356164383561653,0.038356164383561646
kcelectra,20260909,disability,99,1,43,7,25,24,0.68686868686868685,0.50505050505050508,-0.18181818181818177,-0.18181818181818182
kcelectra,20260909,overall_hate,3198,1,1621,799,223,555,0.57661038148843025,0.75672295184490301,0.18011257035647277,0.1801125703564728
kcelectra,20260909,overall_non_hate,6799,0,4166,834,820,979,0.73334313869686718,0.73540226503897632,0.002059126342109141,0.0020591263421091337
kcelectra,20260910,gender,232,1,163,4,47,18,0.90517241379310343,0.71982758620689657,-0.18534482758620685,-0.18534482758620691
kcelectra,20260910,age,102,1,73,1,22,6,0.93137254901960786,0.72549019607843135,-0.20588235294117652,-0.20588235294117646
kcelectra,20260910,race_or_region_of_origin,893,1,738,49,63,43,0.89697648376259798,0.88129899216125418,-0.015677491601343796,-0.015677491601343786
kcelectra,20260910,religion,46,1,34,1,3,8,0.80434782608695654,0.76086956521739135,-0.043478260869565188,-0.043478260869565216
kcelectra,20260910,politics,1790,1,1413,155,131,91,0.86256983240223462,0.87597765363128488,0.013407821229050265,0.013407821229050279
kcelectra,20260910,occupation,365,1,266,16,44,39,0.84931506849315064,0.77260273972602744,-0.076712328767123195,-0.076712328767123292
kcelectra,20260910,disability,99,1,65,1,18,15,0.83838383838383834,0.66666666666666663,-0.17171717171717171,-0.17171717171717171
kcelectra,20260910,overall_hate,3198,1,2452,216,314,216,0.86491557223264537,0.83427141963727325,-0.030644152595372121,-0.030644152595372107
kcelectra,20260910,overall_non_hate,6799,0,2451,1783,307,2258,0.40564788939549934,0.62273863803500518,0.21709074863950584,0.21709074863950581
kcelectra,20260911,gender,232,1,125,6,54,47,0.77155172413793105,0.56465517241379315,-0.2068965517241379,-0.20689655172413793
kcelectra,20260911,age,102,1,52,6,24,20,0.74509803921568629,0.56862745098039214,-0.17647058823529416,-0.17647058823529413
kcelectra,20260911,race_or_region_of_origin,893,1,592,124,54,123,0.72340425531914898,0.80179171332586785,0.078387458006718869,0.078387458006718924
kcelectra,20260911,religion,46,1,23,6,6,11,0.63043478260869568,0.63043478260869568,0,0
kcelectra,20260911,politics,1790,1,981,347,115,347,0.61229050279329611,0.74189944134078212,0.12960893854748601,0.12960893854748604
kcelectra,20260911,occupation,365,1,158,30,82,95,0.65753424657534243,0.51506849315068493,-0.1424657534246575,-0.14246575342465753
kcelectra,20260911,disability,99,1,41,9,26,23,0.6767676767676768,0.50505050505050508,-0.17171717171717171,-0.17171717171717171
kcelectra,20260911,overall_hate,3198,1,1741,485,336,636,0.64946841776110065,0.69606003752345214,0.046591619762351488,0.046591619762351467
kcelectra,20260911,overall_non_hate,6799,0,4045,1166,497,1091,0.66803941756140606,0.76643624062362115,0.098396823062215089,0.098396823062215033
kcelectra,20260912,gender,232,1,160,4,41,27,0.86637931034482762,0.7068965517241379,-0.15948275862068972,-0.15948275862068967
kcelectra,20260912,age,102,1,74,3,14,11,0.86274509803921573,0.75490196078431371,-0.10784313725490202,-0.10784313725490197
kcelectra,20260912,race_or_region_of_origin,893,1,729,56,52,56,0.87458006718924974,0.87905935050391937,0.0044792833146696243,0.0044792833146696529
kcelectra,20260912,religion,46,1,32,2,5,7,0.80434782608695654,0.73913043478260865,-0.065217391304347894,-0.065217391304347824
kcelectra,20260912,politics,1790,1,1359,189,108,134,0.81955307262569832,0.86480446927374299,0.045251396648044673,0.045251396648044694
kcelectra,20260912,occupation,365,1,234,31,47,53,0.76986301369863008,0.72602739726027399,-0.043835616438356095,-0.043835616438356165
kcelectra,20260912,disability,99,1,59,4,23,13,0.82828282828282829,0.63636363636363635,-0.19191919191919193,-0.19191919191919191
kcelectra,20260912,overall_hate,3198,1,2359,268,280,291,0.82520325203252032,0.82145090681676047,-0.0037523452157598447,-0.0037523452157598499
kcelectra,20260912,overall_non_hate,6799,0,2878,1501,454,1966,0.49007206942197384,0.64406530372113546,0.15399323429916162,0.15399323429916165
kcelectra,20260913,gender,232,1,124,17,38,53,0.69827586206896552,0.60775862068965514,-0.090517241379310387,-0.090517241379310345
kcelectra,20260913,age,102,1,55,8,10,29,0.63725490196078427,0.61764705882352944,-0.019607843137254832,-0.019607843137254902
kcelectra,20260913,race_or_region_of_origin,893,1,615,164,23,91,0.71444568868980962,0.87234042553191493,0.15789473684210531,0.15789473684210525
kcelectra,20260913,religion,46,1,28,7,1,10,0.63043478260869568,0.76086956521739135,0.13043478260869568,0.13043478260869565
kcelectra,20260913,politics,1790,1,1144,403,43,200,0.66312849162011178,0.86424581005586587,0.20111731843575409,0.2011173184357542
kcelectra,20260913,occupation,365,1,172,58,30,105,0.55342465753424652,0.63013698630136983,0.076712328767123306,0.076712328767123292
kcelectra,20260913,disability,99,1,47,9,19,24,0.66666666666666663,0.56565656565656564,-0.10101010101010099,-0.10101010101010101
kcelectra,20260913,overall_hate,3198,1,1932,617,160,489,0.65415884928080048,0.79706066291432143,0.14290181363352095,0.14290181363352095
kcelectra,20260913,overall_non_hate,6799,0,3968,691,834,1306,0.70628033534343282,0.68524783056331817,-0.021032504780114647,-0.021032504780114723
kcelectra,20260914,gender,232,1,138,9,46,39,0.7931034482758621,0.63362068965517238,-0.15948275862068972,-0.15948275862068967
kcelectra,20260914,age,102,1,66,7,7,22,0.71568627450980393,0.71568627450980393,0,0
kcelectra,20260914,race_or_region_of_origin,893,1,683,111,31,68,0.79955207166853304,0.88913773796192608,0.08958566629339304,0.089585666293393054
kcelectra,20260914,religion,46,1,32,6,2,6,0.73913043478260865,0.82608695652173914,0.086956521739130488,0.086956521739130432
kcelectra,20260914,politics,1790,1,1425,208,57,100,0.82793296089385471,0.91229050279329604,0.084357541899441335,0.084357541899441335
kcelectra,20260914,occupation,365,1,242,38,20,65,0.71780821917808224,0.76712328767123283,0.049315068493150593,0.049315068493150684
kcelectra,20260914,disability,99,1,66,1,15,17,0.81818181818181823,0.6767676767676768,-0.14141414141414144,-0.14141414141414141
kcelectra,20260914,overall_hate,3198,1,2365,354,172,307,0.79330831769856158,0.85021888680425262,0.056910569105691033,0.056910569105691054
kcelectra,20260914,overall_non_hate,6799,0,3277,906,551,2065,0.56302397411384031,0.6152375349316076,0.052213560817767291,0.052213560817767318
kcelectra,20260915,gender,232,1,99,6,73,54,0.74137931034482762,0.45258620689655171,-0.28879310344827591,-0.28879310344827586
kcelectra,20260915,age,102,1,44,13,21,24,0.63725490196078427,0.55882352941176472,-0.078431372549019551,-0.078431372549019607
kcelectra,20260915,race_or_region_of_origin,893,1,581,153,54,105,0.71108622620380735,0.82194848824188127,0.11086226203807392,0.11086226203807391
kcelectra,20260915,religion,46,1,19,13,7,7,0.56521739130434778,0.69565217391304346,0.13043478260869568,0.13043478260869565
kcelectra,20260915,politics,1790,1,861,490,110,329,0.54245810055865917,0.75474860335195526,0.21229050279329609,0.21229050279329609
kcelectra,20260915,occupation,365,1,125,64,54,122,0.49041095890410957,0.51780821917808217,0.027397260273972601,0.027397260273972601
kcelectra,20260915,disability,99,1,40,6,26,27,0.66666666666666663,0.46464646464646464,-0.20202020202020199,-0.20202020202020202
kcelectra,20260915,overall_hate,3198,1,1551,689,321,637,0.58536585365853655,0.70043777360850534,0.11507191994996879,0.11507191994996874
kcelectra,20260915,overall_non_hate,6799,0,4206,980,707,906,0.72260626562729813,0.76275922929842621,0.040152963671128084,0.040152963671128104
kcelectra,20260916,gender,232,1,63,5,83,81,0.62931034482758619,0.29310344827586204,-0.33620689655172414,-0.33620689655172414
kcelectra,20260916,age,102,1,28,5,29,40,0.55882352941176472,0.3235294117647059,-0.23529411764705882,-0.23529411764705882
kcelectra,20260916,race_or_region_of_origin,893,1,429,141,98,225,0.59014557670772672,0.63829787234042556,0.048152295632698849,0.048152295632698766
kcelectra,20260916,religion,46,1,16,4,6,20,0.47826086956521741,0.43478260869565216,-0.043478260869565244,-0.043478260869565216
kcelectra,20260916,politics,1790,1,871,290,216,413,0.60726256983240223,0.64860335195530727,0.04134078212290504,0.041340782122905026
kcelectra,20260916,occupation,365,1,103,34,75,153,0.48767123287671232,0.37534246575342467,-0.11232876712328765,-0.11232876712328767
kcelectra,20260916,disability,99,1,29,5,29,36,0.58585858585858586,0.34343434343434343,-0.24242424242424243,-0.24242424242424243
kcelectra,20260916,overall_hate,3198,1,1349,445,493,911,0.57598499061913699,0.56097560975609762,-0.015009380863039379,-0.0150093808630394
kcelectra,20260916,overall_non_hate,6799,0,4756,988,365,690,0.75319899985291949,0.84483012207677599,0.091631122223856498,0.091631122223856443
kcelectra,20260917,gender,232,1,53,48,20,111,0.31465517241379309,0.43534482758620691,0.12068965517241381,0.1206896551724138
kcelectra,20260917,age,102,1,25,26,9,42,0.33333333333333331,0.5,0.16666666666666669,0.16666666666666666
kcelectra,20260917,race_or_region_of_origin,893,1,291,419,19,164,0.3471444568868981,0.79507278835386341,0.44792833146696531,0.44792833146696531
kcelectra,20260917,religion,46,1,15,16,0,15,0.32608695652173914,0.67391304347826086,0.34782608695652173,0.34782608695652173
kcelectra,20260917,politics,1790,1,448,877,48,417,0.27709497206703909,0.74022346368715086,0.46312849162011177,0.46312849162011172
kcelectra,20260917,occupation,365,1,45,116,12,192,0.15616438356164383,0.44109589041095892,0.28493150684931512,0.28493150684931506
kcelectra,20260917,disability,99,1,15,27,9,48,0.24242424242424243,0.42424242424242425,0.18181818181818182,0.18181818181818182
kcelectra,20260917,overall_hate,3198,1,781,1368,111,938,0.27892432770481551,0.67198248905565983,0.39305816135084432,0.39305816135084426
kcelectra,20260917,overall_non_hate,6799,0,5024,428,1001,346,0.88615972937196652,0.80188262979849978,-0.084277099573466741,-0.084277099573466685
kcelectra,20260918,gender,232,1,134,8,52,38,0.80172413793103448,0.61206896551724133,-0.18965517241379315,-0.18965517241379309
kcelectra,20260918,age,102,1,59,6,13,24,0.70588235294117652,0.63725490196078427,-0.068627450980392246,-0.068627450980392163
kcelectra,20260918,race_or_region_of_origin,893,1,582,180,29,102,0.68421052631578949,0.85330347144456886,0.16909294512877937,0.1690929451287794
kcelectra,20260918,religion,46,1,24,10,6,6,0.65217391304347827,0.73913043478260865,0.086956521739130377,0.086956521739130432
kcelectra,20260918,politics,1790,1,1046,405,80,259,0.62905027932960889,0.81061452513966481,0.18156424581005592,0.18156424581005587
kcelectra,20260918,occupation,365,1,155,71,40,99,0.53424657534246578,0.61917808219178083,0.084931506849315053,0.084931506849315067
kcelectra,20260918,disability,99,1,48,9,16,26,0.64646464646464652,0.5757575757575758,-0.070707070707070718,-0.070707070707070704
kcelectra,20260918,overall_hate,3198,1,1812,631,225,530,0.6369606003752345,0.76391494684177608,0.12695434646654158,0.12695434646654158
kcelectra,20260918,overall_non_hate,6799,0,4059,864,647,1229,0.69216061185468447,0.7240770701573761,0.03191645830269163,0.031916458302691575
kcelectra,20260919,gender,232,1,118,17,43,54,0.69396551724137934,0.5818965517241379,-0.11206896551724144,-0.11206896551724138
kcelectra,20260919,age,102,1,50,8,18,26,0.66666666666666663,0.56862745098039214,-0.098039215686274495,-0.098039215686274508
kcelectra,20260919,race_or_region_of_origin,893,1,588,149,50,106,0.71444568868980962,0.82530795072788354,0.11086226203807392,0.11086226203807391
kcelectra,20260919,religion,46,1,27,4,4,11,0.67391304347826086,0.67391304347826086,0,0
kcelectra,20260919,politics,1790,1,1138,308,111,233,0.69776536312849158,0.80782122905027931,0.11005586592178773,0.1100558659217877
kcelectra,20260919,occupation,365,1,167,41,62,95,0.62739726027397258,0.56986301369863013,-0.057534246575342451,-0.057534246575342465
kcelectra,20260919,disability,99,1,46,5,26,22,0.72727272727272729,0.51515151515151514,-0.21212121212121215,-0.21212121212121213
kcelectra,20260919,overall_hate,3198,1,1896,484,298,520,0.68605378361475922,0.74421513445903686,0.058161350844277648,0.058161350844277676
kcelectra,20260919,overall_non_hate,6799,0,3808,1228,504,1259,0.63421091336961322,0.74069716134725694,0.10648624797764372,0.10648624797764378
kcelectra,20260920,gender,232,1,116,16,42,58,0.68103448275862066,0.56896551724137934,-0.11206896551724133,-0.11206896551724138
kcelectra,20260920,age,102,1,55,6,10,31,0.63725490196078427,0.59803921568627449,-0.039215686274509776,-0.039215686274509803
kcelectra,20260920,race_or_region_of_origin,893,1,559,126,68,140,0.7021276595744681,0.7670772676371781,0.064949608062709996,0.064949608062709968
kcelectra,20260920,religion,46,1,19,5,5,17,0.52173913043478259,0.52173913043478259,0,0
kcelectra,20260920,politics,1790,1,1040,369,78,303,0.62458100558659213,0.78715083798882679,0.16256983240223466,0.16256983240223463
kcelectra,20260920,occupation,365,1,163,39,58,105,0.60547945205479448,0.55342465753424652,-0.052054794520547953,-0.052054794520547946
kcelectra,20260920,disability,99,1,43,6,17,33,0.60606060606060608,0.49494949494949497,-0.1111111111111111,-0.1111111111111111
kcelectra,20260920,overall_hate,3198,1,1758,519,262,659,0.63164477798624141,0.7120075046904315,0.080362726704190091,0.080362726704190118
kcelectra,20260920,overall_non_hate,6799,0,4275,963,482,1079,0.69966171495808205,0.77040741285483161,0.07074569789674956,0.070745697896749518
kcelectra,20260921,gender,232,1,119,12,62,39,0.78017241379310343,0.56465517241379315,-0.21551724137931028,-0.21551724137931033
kcelectra,20260921,age,102,1,61,3,23,15,0.82352941176470584,0.62745098039215685,-0.19607843137254899,-0.19607843137254902
kcelectra,20260921,race_or_region_of_origin,893,1,706,53,56,78,0.85330347144456886,0.84994400895856659,-0.0033594624860022737,-0.0033594624860022394
kcelectra,20260921,religion,46,1,26,4,7,9,0.71739130434782605,0.65217391304347827,-0.065217391304347783,-0.065217391304347824
kcelectra,20260921,politics,1790,1,1310,217,107,156,0.79162011173184355,0.85307262569832398,0.061452513966480438,0.061452513966480445
kcelectra,20260921,occupation,365,1,221,35,49,60,0.73972602739726023,0.70136986301369864,-0.038356164383561597,-0.038356164383561646
kcelectra,20260921,disability,99,1,54,0,26,19,0.80808080808080807,0.54545454545454541,-0.26262626262626265,-0.26262626262626265
kcelectra,20260921,overall_hate,3198,1,2230,295,310,363,0.79424640400250157,0.78955597248280174,-0.0046904315196998336,-0.0046904315196998128
kcelectra,20260921,overall_non_hate,6799,0,3297,1397,386,1719,0.54169730842770991,0.69039564641859097,0.14869833799088106,0.148698337990881
kcelectra,20260922,gender,232,1,129,6,55,42,0.7931034482758621,0.5818965517241379,-0.2112068965517242,-0.21120689655172414
kcelectra,20260922,age,102,1,65,1,22,14,0.8529411764705882,0.6470588235294118,-0.20588235294117641,-0.20588235294117646
kcelectra,20260922,race_or_region_of_origin,893,1,672,68,67,86,0.82754759238521836,0.82866741321388582,0.0011198208286674616,0.0011198208286674132
kcelectra,20260922,religion,46,1,28,5,4,9,0.69565217391304346,0.71739130434782605,0.021739130434782594,0.021739130434782608
kcelectra,20260922,politics,1790,1,1206,172,168,244,0.76759776536312851,0.76983240223463689,0.0022346368715083775,0.0022346368715083797
kcelectra,20260922,occupation,365,1,186,28,63,88,0.68219178082191778,0.58630136986301373,-0.095890410958904049,-0.095890410958904104
kcelectra,20260922,disability,99,1,56,2,25,16,0.81818181818181823,0.58585858585858586,-0.23232323232323238,-0.23232323232323232
kcelectra,20260922,overall_hate,3198,1,2081,252,390,475,0.77267041901188238,0.72951844903064411,-0.04315196998123827,-0.043151969981238276
kcelectra,20260922,overall_non_hate,6799,0,3495,1520,283,1501,0.55566995146345055,0.73760847183409328,0.18193852037064273,0.18193852037064273
kcelectra,20260923,gender,232,1,141,10,49,32,0.81896551724137934,0.65086206896551724,-0.1681034482758621,-0.16810344827586207
kcelectra,20260923,age,102,1,70,4,19,9,0.87254901960784315,0.72549019607843135,-0.1470588235294118,-0.14705882352941177
kcelectra,20260923,race_or_region_of_origin,893,1,731,76,28,58,0.84994400895856659,0.90369540873460241,0.053751399776035824,0.053751399776035831
kcelectra,20260923,religion,46,1,32,4,5,5,0.80434782608695654,0.78260869565217395,-0.021739130434782594,-0.021739130434782608
kcelectra,20260923,politics,1790,1,1376,193,78,143,0.81229050279329607,0.876536312849162,0.064245810055865937,0.064245810055865923
kcelectra,20260923,occupation,365,1,250,18,33,64,0.77534246575342469,0.73424657534246573,-0.041095890410958957,-0.041095890410958902
kcelectra,20260923,disability,99,1,57,2,20,20,0.77777777777777779,0.59595959595959591,-0.18181818181818188,-0.18181818181818182
kcelectra,20260923,overall_hate,3198,1,2373,285,222,318,0.81144465290806755,0.83114446529080677,0.019699812382739212,0.019699812382739212
kcelectra,20260923,overall_non_hate,6799,0,3130,1199,399,2071,0.51904691866450947,0.6367112810707457,0.11766436240623623,0.11766436240623621
xlmr,20260901,gender,232,1,75,21,58,78,0.57327586206896552,0.41379310344827586,-0.15948275862068967,-0.15948275862068967
xlmr,20260901,age,102,1,44,8,14,36,0.56862745098039214,0.50980392156862742,-0.058823529411764719,-0.058823529411764705
xlmr,20260901,race_or_region_of_origin,893,1,558,181,50,104,0.68085106382978722,0.82754759238521836,0.14669652855543114,0.14669652855543114
xlmr,20260901,religion,46,1,22,9,8,7,0.65217391304347827,0.67391304347826086,0.021739130434782594,0.021739130434782608
xlmr,20260901,politics,1790,1,997,419,100,274,0.61284916201117323,0.79106145251396653,0.1782122905027933,0.1782122905027933
xlmr,20260901,occupation,365,1,86,61,61,157,0.40273972602739727,0.40273972602739727,0,0
xlmr,20260901,disability,99,1,27,8,19,45,0.46464646464646464,0.35353535353535354,-0.1111111111111111,-0.1111111111111111
xlmr,20260901,overall_hate,3198,1,1609,654,279,656,0.59036898061288301,0.70762976860537841,0.1172607879924954,0.11726078799249531
xlmr,20260901,overall_non_hate,6799,0,4040,728,995,1036,0.74055008089424912,0.70127959994116784,-0.039270480953081277,-0.039270480953081333
xlmr,20260902,gender,232,1,82,20,70,60,0.65517241379310343,0.43965517241379309,-0.21551724137931033,-0.21551724137931033
xlmr,20260902,age,102,1,43,7,27,25,0.68627450980392157,0.49019607843137253,-0.19607843137254904,-0.19607843137254902
xlmr,20260902,race_or_region_of_origin,893,1,572,113,105,103,0.75811870100783874,0.7670772676371781,0.0089585666293393595,0.0089585666293393058
xlmr,20260902,religion,46,1,27,8,9,2,0.78260869565217395,0.76086956521739135,-0.021739130434782594,-0.021739130434782608
xlmr,20260902,politics,1790,1,1013,423,137,217,0.64245810055865926,0.80223463687150842,0.15977653631284916,0.15977653631284916
xlmr,20260902,occupation,365,1,128,48,71,118,0.54520547945205478,0.48219178082191783,-0.063013698630136949,-0.063013698630136991
xlmr,20260902,disability,99,1,31,8,27,33,0.58585858585858586,0.39393939393939392,-0.19191919191919193,-0.19191919191919191
xlmr,20260902,overall_hate,3198,1,1679,577,409,533,0.65290806754221387,0.7054409005628518,0.052532833020637937,0.052532833020637902
xlmr,20260902,overall_non_hate,6799,0,3725,1090,822,1162,0.66877481982644504,0.70819238123253425,0.039417561406089208,0.039417561406089131
xlmr,20260903,gender,232,1,84,20,40,88,0.53448275862068961,0.44827586206896552,-0.086206896551724088,-0.086206896551724144
xlmr,20260903,age,102,1,42,12,12,36,0.52941176470588236,0.52941176470588236,0,0
xlmr,20260903,race_or_region_of_origin,893,1,496,203,41,153,0.60134378499440089,0.78275475923852189,0.181410974244121,0.18141097424412095
xlmr,20260903,religion,46,1,20,4,6,16,0.56521739130434778,0.52173913043478259,-0.043478260869565188,-0.043478260869565216
xlmr,20260903,politics,1790,1,816,584,62,328,0.49050279329608937,0.78212290502793291,0.29162011173184355,0.2916201117318436
xlmr,20260903,occupation,365,1,101,77,31,156,0.36164383561643837,0.48767123287671232,0.12602739726027395,0.12602739726027398
xlmr,20260903,disability,99,1,26,11,11,51,0.37373737373737376,0.37373737373737376,0,0
xlmr,20260903,overall_hate,3198,1,1385,841,187,785,0.49155722326454032,0.69606003752345214,0.20450281425891181,0.20450281425891181
xlmr,20260903,overall_non_hate,6799,0,4458,475,1016,850,0.80511839976467126,0.72554787468745408,-0.07957052507721718,-0.079570525077217236
xlmr,20260904,gender,232,1,70,8,110,44,0.77586206896551724,0.33620689655172414,-0.43965517241379309,-0.43965517241379309
xlmr,20260904,age,102,1,45,4,29,24,0.72549019607843135,0.48039215686274511,-0.24509803921568624,-0.24509803921568626
xlmr,20260904,race_or_region_of_origin,893,1,529,98,120,146,0.72676371780515114,0.7021276595744681,-0.024636058230683044,-0.02463605823068309
xlmr,20260904,religion,46,1,26,2,10,8,0.78260869565217395,0.60869565217391308,-0.17391304347826086,-0.17391304347826086
xlmr,20260904,politics,1790,1,976,426,156,232,0.63240223463687151,0.78324022346368716,0.15083798882681565,0.15083798882681565
xlmr,20260904,occupation,365,1,124,46,62,133,0.50958904109589043,0.46575342465753422,-0.043835616438356206,-0.043835616438356165
xlmr,20260904,disability,99,1,28,6,28,37,0.56565656565656564,0.34343434343434343,-0.22222222222222221,-0.22222222222222221
xlmr,20260904,overall_hate,3198,1,1582,546,475,595,0.64321450906816757,0.66541588492808001,0.022201375859912442,0.022201375859912446
xlmr,20260904,overall_non_hate,6799,0,3889,1239,730,941,0.67936461244300628,0.75422856302397412,0.074863950580967842,0.074863950580967786
xlmr,20260905,gender,232,1,68,26,65,73,0.57327586206896552,0.40517241379310343,-0.1681034482758621,-0.16810344827586207
xlmr,20260905,age,102,1,28,6,32,36,0.58823529411764708,0.33333333333333331,-0.25490196078431376,-0.25490196078431371
xlmr,20260905,race_or_region_of_origin,893,1,465,206,73,149,0.60246360582306835,0.7513997760358343,0.14893617021276595,0.14893617021276595
xlmr,20260905,religion,46,1,20,5,10,11,0.65217391304347827,0.54347826086956519,-0.10869565217391308,-0.10869565217391304
xlmr,20260905,politics,1790,1,988,376,130,296,0.62458100558659213,0.76201117318435752,0.13743016759776538,0.13743016759776536
xlmr,20260905,occupation,365,1,88,39,89,149,0.48493150684931507,0.34794520547945207,-0.13698630136986301,-0.13698630136986301
xlmr,20260905,disability,99,1,31,5,21,42,0.5252525252525253,0.36363636363636365,-0.16161616161616166,-0.16161616161616163
xlmr,20260905,overall_hate,3198,1,1486,609,391,712,0.5869293308317699,0.65509693558474047,0.068167604752970568,0.068167604752970609
xlmr,20260905,overall_non_hate,6799,0,4220,1007,599,973,0.70878070304456542,0.76878952787174581,0.060008824827180396,0.060008824827180465
xlmr,20260906,gender,232,1,71,18,83,60,0.66379310344827591,0.38362068965517243,-0.28017241379310348,-0.28017241379310343
xlmr,20260906,age,102,1,36,9,22,35,0.56862745098039214,0.44117647058823528,-0.12745098039215685,-0.12745098039215685
xlmr,20260906,race_or_region_of_origin,893,1,547,164,72,110,0.69316909294512874,0.79619260918253076,0.10302351623740202,0.10302351623740201
xlmr,20260906,religion,46,1,22,6,10,8,0.69565217391304346,0.60869565217391308,-0.086956521739130377,-0.086956521739130432
xlmr,20260906,politics,1790,1,927,458,123,282,0.58659217877094971,0.77374301675977653,0.18715083798882681,0.18715083798882681
xlmr,20260906,occupation,365,1,109,74,50,132,0.43561643835616437,0.50136986301369868,0.06575342465753431,0.06575342465753424
xlmr,20260906,disability,99,1,23,8,25,43,0.48484848484848486,0.31313131313131315,-0.17171717171717171,-0.17171717171717171
xlmr,20260906,overall_hate,3198,1,1536,679,350,633,0.58974358974358976,0.69262038774233892,0.10287679799874916,0.10287679799874921
xlmr,20260906,overall_non_hate,6799,0,4050,917,863,969,0.72260626562729813,0.73054861008971905,0.007942344462420925,0.007942344462420944
xlmr,20260907,gender,232,1,61,23,62,86,0.53017241379310343,0.36206896551724138,-0.16810344827586204,-0.16810344827586207
xlmr,20260907,age,102,1,32,17,16,37,0.47058823529411764,0.48039215686274511,0.0098039215686274717,0.0098039215686274508
xlmr,20260907,race_or_region_of_origin,893,1,318,406,26,143,0.38521836506159013,0.81075027995520721,0.42553191489361708,0.42553191489361702
xlmr,20260907,religion,46,1,14,13,5,14,0.41304347826086957,0.58695652173913049,0.17391304347826092,0.17391304347826086
xlmr,20260907,politics,1790,1,685,731,84,290,0.42960893854748605,0.79106145251396653,0.36145251396648048,0.36145251396648043
xlmr,20260907,occupation,365,1,69,80,26,190,0.26027397260273971,0.40821917808219177,0.14794520547945206,0.14794520547945206
xlmr,20260907,disability,99,1,13,27,12,47,0.25252525252525254,0.40404040404040403,0.15151515151515149,0.15151515151515152
xlmr,20260907,overall_hate,3198,1,1046,1180,213,759,0.39368355222013757,0.69606003752345214,0.30237648530331457,0.30237648530331457
xlmr,20260907,overall_non_hate,6799,0,4436,523,1244,596,0.83541697308427709,0.72937196646565672,-0.10604500661862037,-0.10604500661862039
xlmr,20260908,gender,232,1,53,3,128,48,0.78017241379310343,0.2413793103448276,-0.5387931034482758,-0.53879310344827591
xlmr,20260908,age,102,1,42,5,34,21,0.74509803921568629,0.46078431372549017,-0.28431372549019612,-0.28431372549019607
xlmr,20260908,race_or_region_of_origin,893,1,537,113,95,148,0.70772676371780519,0.72788353863381861,0.02015677491601342,0.020156774916013438
xlmr,20260908,religion,46,1,23,3,12,8,0.76086956521739135,0.56521739130434778,-0.19565217391304357,-0.19565217391304349
xlmr,20260908,politics,1790,1,1053,306,179,252,0.68826815642458106,0.75921787709497202,0.070949720670390959,0.070949720670391056
xlmr,20260908,occupation,365,1,114,32,86,133,0.54794520547945202,0.40000000000000002,-0.147945205479452,-0.14794520547945206
xlmr,20260908,disability,99,1,25,8,34,32,0.59595959595959591,0.33333333333333331,-0.2626262626262626,-0.26262626262626265
xlmr,20260908,overall_hate,3198,1,1645,430,511,612,0.67417135709818632,0.6488430268918074,-0.025328330206378924,-0.025328330206378986
xlmr,20260908,overall_non_hate,6799,0,3862,1262,612,1063,0.65803794675687599,0.75364024121194295,0.095602294455066961,0.095602294455066919
xlmr,20260909,gender,232,1,71,36,51,74,0.52586206896551724,0.46120689655172414,-0.064655172413793094,-0.064655172413793108
xlmr,20260909,age,102,1,41,14,17,30,0.56862745098039214,0.53921568627450978,-0.029411764705882359,-0.029411764705882353
xlmr,20260909,race_or_region_of_origin,893,1,364,340,52,137,0.46584546472564392,0.78835386338185887,0.32250839865621495,0.322508398656215
xlmr,20260909,religion,46,1,16,15,7,8,0.5,0.67391304347826086,0.17391304347826086,0.17391304347826086
xlmr,20260909,politics,1790,1,809,703,64,214,0.48770949720670392,0.8446927374301676,0.35698324022346367,0.35698324022346367
xlmr,20260909,occupation,365,1,79,85,47,154,0.34520547945205482,0.44931506849315067,0.10410958904109585,0.10410958904109589
xlmr,20260909,disability,99,1,25,18,16,40,0.41414141414141414,0.43434343434343436,0.020202020202020221,0.020202020202020204
xlmr,20260909,overall_hate,3198,1,1233,1107,233,625,0.45841150719199497,0.73170731707317072,0.27329580988117574,0.27329580988117574
xlmr,20260909,overall_non_hate,6799,0,3981,636,1495,687,0.80541256067068689,0.67907045153699075,-0.12634210913369615,-0.12634210913369615
xlmr,20260910,gender,232,1,0,122,0,110,0,0.52586206896551724,0.52586206896551724,0.52586206896551724
xlmr,20260910,age,102,1,0,44,0,58,0,0.43137254901960786,0.43137254901960786,0.43137254901960786
xlmr,20260910,race_or_region_of_origin,893,1,0,555,0,338,0,0.62150055991041431,0.62150055991041431,0.62150055991041431
xlmr,20260910,religion,46,1,0,25,0,21,0,0.54347826086956519,0.54347826086956519,0.54347826086956519
xlmr,20260910,politics,1790,1,0,1386,0,404,0,0.77430167597765365,0.77430167597765365,0.77430167597765365
xlmr,20260910,occupation,365,1,0,167,0,198,0,0.45753424657534247,0.45753424657534247,0.45753424657534247
xlmr,20260910,disability,99,1,0,36,0,63,0,0.36363636363636365,0.36363636363636365,0.36363636363636365
xlmr,20260910,overall_hate,3198,1,0,2068,0,1130,0,0.64665415884928079,0.64665415884928079,0.64665415884928079
xlmr,20260910,overall_non_hate,6799,0,5068,0,1731,0,1,0.74540373584350639,-0.25459626415649361,-0.25459626415649361
xlmr,20260911,gender,232,1,55,17,66,94,0.52155172413793105,0.31034482758620691,-0.21120689655172414,-0.21120689655172414
xlmr,20260911,age,102,1,43,7,20,32,0.61764705882352944,0.49019607843137253,-0.12745098039215691,-0.12745098039215685
xlmr,20260911,race_or_region_of_origin,893,1,426,178,78,211,0.56438969764837621,0.67637178051511759,0.11198208286674138,0.11198208286674133
xlmr,20260911,religion,46,1,23,6,5,12,0.60869565217391308,0.63043478260869568,0.021739130434782594,0.021739130434782608
xlmr,20260911,politics,1790,1,941,352,142,355,0.60502793296089385,0.72234636871508384,0.11731843575418999,0.11731843575418995
xlmr,20260911,occupation,365,1,105,32,65,163,0.46575342465753422,0.37534246575342467,-0.090410958904109551,-0.090410958904109592
xlmr,20260911,disability,99,1,27,9,16,47,0.43434343434343436,0.36363636363636365,-0.070707070707070718,-0.070707070707070704
xlmr,20260911,overall_hate,3198,1,1426,553,356,863,0.55722326454033766,0.61882426516572853,0.061601000625390867,0.061601000625390867
xlmr,20260911,overall_non_hate,6799,0,4427,904,603,865,0.73981467862921013,0.7840858949845565,0.044271216355346366,0.044271216355346373
xlmr,20260912,gender,232,1,77,6,109,40,0.80172413793103448,0.35775862068965519,-0.44396551724137928,-0.44396551724137934
xlmr,20260912,age,102,1,48,2,32,20,0.78431372549019607,0.49019607843137253,-0.29411764705882354,-0.29411764705882354
xlmr,20260912,race_or_region_of_origin,893,1,559,102,96,136,0.73348264277715569,0.74020156774916013,0.0067189249720044364,0.0067189249720044789
xlmr,20260912,religion,46,1,25,4,12,5,0.80434782608695654,0.63043478260869568,-0.17391304347826086,-0.17391304347826086
xlmr,20260912,politics,1790,1,1147,308,179,156,0.74078212290502798,0.81284916201117319,0.072067039106145203,0.072067039106145245
xlmr,20260912,occupation,365,1,142,32,87,104,0.62739726027397258,0.47671232876712327,-0.15068493150684931,-0.15068493150684931
xlmr,20260912,disability,99,1,32,9,30,28,0.6262626262626263,0.41414141414141414,-0.21212121212121215,-0.21212121212121213
xlmr,20260912,overall_hate,3198,1,1792,435,503,468,0.71763602251407133,0.69637273295809876,-0.021263289555972564,-0.021263289555972485
xlmr,20260912,overall_non_hate,6799,0,3351,1556,619,1273,0.58390939844094725,0.72172378290925132,0.13781438446830407,0.13781438446830416
xlmr,20260913,gender,232,1,116,16,46,54,0.69827586206896552,0.56896551724137934,-0.12931034482758619,-0.12931034482758622
xlmr,20260913,age,102,1,52,3,18,29,0.68627450980392157,0.53921568627450978,-0.1470588235294118,-0.14705882352941177
xlmr,20260913,race_or_region_of_origin,893,1,585,114,66,128,0.72900335946248596,0.78275475923852189,0.053751399776035935,0.053751399776035831
xlmr,20260913,religion,46,1,28,5,7,6,0.76086956521739135,0.71739130434782605,-0.043478260869565299,-0.043478260869565216
xlmr,20260913,politics,1790,1,1169,289,103,229,0.71061452513966483,0.81452513966480444,0.10391061452513961,0.10391061452513967
xlmr,20260913,occupation,365,1,160,42,49,114,0.57260273972602738,0.55342465753424652,-0.019178082191780854,-0.019178082191780823
xlmr,20260913,disability,99,1,38,4,19,38,0.5757575757575758,0.42424242424242425,-0.15151515151515155,-0.15151515151515152
xlmr,20260913,overall_hate,3198,1,1899,439,289,571,0.68417761100687935,0.73108192620387746,0.046904315196998114,0.046904315196998121
xlmr,20260913,overall_non_hate,6799,0,3849,923,675,1352,0.66539196940726575,0.70186792175319901,0.03647595234593326,0.036475952345933225
xlmr,20260914,gender,232,1,7,116,0,109,0.03017241379310345,0.53017241379310343,0.5,0.5
xlmr,20260914,age,102,1,0,54,0,48,0,0.52941176470588236,0.52941176470588236,0.52941176470588236
xlmr,20260914,race_or_region_of_origin,893,1,53,607,7,226,0.067189249720044794,0.73908174692049267,0.67189249720044786,0.67189249720044797
xlmr,20260914,religion,46,1,2,30,0,14,0.043478260869565216,0.69565217391304346,0.65217391304347827,0.65217391304347827
xlmr,20260914,politics,1790,1,80,1333,5,372,0.047486033519553071,0.78938547486033517,0.74189944134078212,0.74189944134078212
xlmr,20260914,occupation,365,1,6,162,4,193,0.027397260273972601,0.46027397260273972,0.43287671232876712,0.43287671232876712
xlmr,20260914,disability,99,1,6,31,0,62,0.060606060606060608,0.37373737373737376,0.31313131313131315,0.31313131313131315
xlmr,20260914,overall_hate,3198,1,136,2077,15,970,0.047217010631644775,0.69199499687304566,0.64477798624140092,0.64477798624140092
xlmr,20260914,overall_non_hate,6799,0,4765,35,1923,76,0.98367406971613469,0.70598617443741729,-0.2776878952787174,-0.27768789527871746
xlmr,20260915,gender,232,1,97,26,41,68,0.59482758620689657,0.53017241379310343,-0.064655172413793149,-0.064655172413793108
xlmr,20260915,age,102,1,51,9,16,26,0.65686274509803921,0.58823529411764708,-0.068627450980392135,-0.068627450980392163
xlmr,20260915,race_or_region_of_origin,893,1,532,199,50,112,0.65173572228443444,0.81858902575587911,0.16685330347144467,0.16685330347144456
xlmr,20260915,religion,46,1,22,8,7,9,0.63043478260869568,0.65217391304347827,0.021739130434782594,0.021739130434782608
xlmr,20260915,politics,1790,1,1031,400,108,251,0.63631284916201114,0.79944134078212292,0.16312849162011178,0.16312849162011173
xlmr,20260915,occupation,365,1,135,45,61,124,0.53698630136986303,0.49315068493150682,-0.043835616438356206,-0.043835616438356165
xlmr,20260915,disability,99,1,31,13,24,31,0.55555555555555558,0.44444444444444442,-0.11111111111111116,-0.1111111111111111
xlmr,20260915,overall_hate,3198,1,1678,652,283,585,0.61319574734208881,0.72858036272670423,0.11538461538461542,0.11538461538461539
xlmr,20260915,overall_non_hate,6799,0,3996,828,867,1108,0.71525224297690837,0.70951610530960441,-0.0057361376673039643,-0.0057361376673040155
xlmr,20260916,gender,232,1,92,5,88,47,0.77586206896551724,0.41810344827586204,-0.35775862068965519,-0.35775862068965519
xlmr,20260916,age,102,1,43,7,30,22,0.71568627450980393,0.49019607843137253,-0.2254901960784314,-0.22549019607843138
xlmr,20260916,race_or_region_of_origin,893,1,531,101,121,140,0.73012318029115342,0.70772676371780519,-0.022396416573348232,-0.022396416573348264
xlmr,20260916,religion,46,1,22,4,12,8,0.73913043478260865,0.56521739130434778,-0.17391304347826086,-0.17391304347826086
xlmr,20260916,politics,1790,1,981,358,174,277,0.64525139664804465,0.74804469273743013,0.10279329608938548,0.10279329608938548
xlmr,20260916,occupation,365,1,111,40,83,131,0.53150684931506853,0.41369863013698632,-0.11780821917808221,-0.11780821917808219
xlmr,20260916,disability,99,1,40,8,21,30,0.61616161616161613,0.48484848484848486,-0.13131313131313127,-0.13131313131313133
xlmr,20260916,overall_hate,3198,1,1607,484,481,626,0.65290806754221387,0.65384615384615385,0.00093808630393998893,0.00093808630393996248
xlmr,20260916,overall_non_hate,6799,0,3947,1177,688,987,0.68171789969113106,0.75364024121194295,0.071922341520811894,0.07192234152081188
xlmr,20260917,gender,232,1,67,25,81,59,0.63793103448275867,0.39655172413793105,-0.24137931034482762,-0.2413793103448276
xlmr,20260917,age,102,1,36,10,21,35,0.55882352941176472,0.45098039215686275,-0.10784313725490197,-0.10784313725490197
xlmr,20260917,race_or_region_of_origin,893,1,437,182,77,197,0.57558790593505038,0.69316909294512874,0.11758118701007836,0.11758118701007839
xlmr,20260917,religion,46,1,23,7,7,9,0.65217391304347827,0.65217391304347827,0,0
xlmr,20260917,politics,1790,1,720,597,117,356,0.46759776536312847,0.73575418994413411,0.26815642458100564,0.26815642458100558
xlmr,20260917,occupation,365,1,82,85,43,155,0.34246575342465752,0.45753424657534247,0.11506849315068496,0.11506849315068493
xlmr,20260917,disability,99,1,19,12,26,42,0.45454545454545453,0.31313131313131315,-0.14141414141414138,-0.14141414141414141
xlmr,20260917,overall_hate,3198,1,1214,835,343,806,0.48686679174484054,0.64071294559099434,0.1538461538461538,0.15384615384615385
xlmr,20260917,overall_non_hate,6799,0,4216,899,964,720,0.76187674658037952,0.7523165171348728,-0.0095602294455067183,-0.0095602294455066923
xlmr,20260918,gender,232,1,94,12,87,39,0.78017241379310343,0.45689655172413796,-0.32327586206896547,-0.32327586206896552
xlmr,20260918,age,102,1,42,8,18,34,0.58823529411764708,0.49019607843137253,-0.09803921568627455,-0.098039215686274508
xlmr,20260918,race_or_region_of_origin,893,1,463,218,43,169,0.56662933930571113,0.76259798432250836,0.19596864501679723,0.19596864501679731
xlmr,20260918,religion,46,1,19,2,10,15,0.63043478260869568,0.45652173913043476,-0.17391304347826092,-0.17391304347826086
xlmr,20260918,politics,1790,1,834,534,103,319,0.52346368715083802,0.76424581005586589,0.24078212290502787,0.24078212290502793
xlmr,20260918,occupation,365,1,100,73,39,153,0.38082191780821917,0.47397260273972602,0.093150684931506855,0.093150684931506855
xlmr,20260918,disability,99,1,25,15,16,43,0.41414141414141414,0.40404040404040403,-0.010101010101010111,-0.010101010101010102
xlmr,20260918,overall_hate,3198,1,1378,792,293,735,0.52251407129455907,0.67854909318323953,0.15603502188868046,0.15603502188868043
xlmr,20260918,overall_non_hate,6799,0,4407,762,807,823,0.76687748198264449,0.76025886159729372,-0.0066186203853507708,-0.0066186203853507873
xlmr,20260919,gender,232,1,85,17,68,62,0.65948275862068961,0.43965517241379309,-0.21982758620689652,-0.21982758620689655
xlmr,20260919,age,102,1,46,8,27,21,0.71568627450980393,0.52941176470588236,-0.18627450980392157,-0.18627450980392157
xlmr,20260919,race_or_region_of_origin,893,1,538,142,73,140,0.68421052631578949,0.76147816349384101,0.077267637178051518,0.077267637178051518
xlmr,20260919,religion,46,1,25,6,9,6,0.73913043478260865,0.67391304347826086,-0.065217391304347783,-0.065217391304347824
xlmr,20260919,politics,1790,1,1135,269,147,239,0.71620111731843572,0.78435754189944129,0.06815642458100557,0.068156424581005584
xlmr,20260919,occupation,365,1,144,29,86,106,0.63013698630136983,0.47397260273972602,-0.1561643835616438,-0.15616438356164383
xlmr,20260919,disability,99,1,32,7,22,38,0.54545454545454541,0.39393939393939392,-0.15151515151515149,-0.15151515151515152
xlmr,20260919,overall_hate,3198,1,1775,441,400,582,0.68011257035647277,0.69293308317698565,0.012820512820512886,0.01282051282051282
xlmr,20260919,overall_non_hate,6799,0,3852,1104,590,1253,0.65333137226062654,0.72893072510663337,0.075599352846006829,0.075599352846006759
xlmr,20260920,gender,232,1,89,18,72,53,0.69396551724137934,0.46120689655172414,-0.23275862068965519,-0.23275862068965517
xlmr,20260920,age,102,1,57,5,13,27,0.68627450980392157,0.60784313725490191,-0.078431372549019662,-0.078431372549019607
xlmr,20260920,race_or_region_of_origin,893,1,554,162,52,125,0.67861142217245241,0.80179171332586785,0.12318029115341544,0.12318029115341546
xlmr,20260920,religion,46,1,22,5,10,9,0.69565217391304346,0.58695652173913049,-0.10869565217391297,-0.10869565217391304
xlmr,20260920,politics,1790,1,1133,370,80,207,0.67765363128491618,0.83966480446927372,0.16201117318435754,0.16201117318435754
xlmr,20260920,occupation,365,1,149,43,61,112,0.57534246575342463,0.52602739726027392,-0.049315068493150704,-0.049315068493150684
xlmr,20260920,disability,99,1,32,7,17,43,0.49494949494949497,0.39393939393939392,-0.10101010101010105,-0.10101010101010101
xlmr,20260920,overall_hate,3198,1,1809,561,284,544,0.65447154471544711,0.74108818011257038,0.086616635397123276,0.086616635397123207
xlmr,20260920,overall_non_hate,6799,0,3827,876,809,1287,0.68186498014413888,0.69171937049566112,0.0098543903515222464,0.0098543903515222828
xlmr,20260921,gender,232,1,77,20,76,59,0.65948275862068961,0.41810344827586204,-0.24137931034482757,-0.2413793103448276
xlmr,20260921,age,102,1,44,4,25,29,0.67647058823529416,0.47058823529411764,-0.20588235294117652,-0.20588235294117646
xlmr,20260921,race_or_region_of_origin,893,1,536,114,119,124,0.73348264277715569,0.72788353863381861,-0.0055991041433370858,-0.0055991041433370659
xlmr,20260921,religion,46,1,23,4,13,6,0.78260869565217395,0.58695652173913049,-0.19565217391304346,-0.19565217391304349
xlmr,20260921,politics,1790,1,1191,256,156,187,0.75251396648044688,0.80837988826815643,0.055865921787709549,0.055865921787709494
xlmr,20260921,occupation,365,1,136,38,70,121,0.56438356164383563,0.47671232876712327,-0.087671232876712357,-0.087671232876712329
xlmr,20260921,disability,99,1,32,4,27,36,0.59595959595959591,0.36363636363636365,-0.23232323232323226,-0.23232323232323232
xlmr,20260921,overall_hate,3198,1,1814,403,449,532,0.70762976860537841,0.69324577861163228,-0.014383989993746127,-0.014383989993746092
xlmr,20260921,overall_non_hate,6799,0,3706,1330,605,1158,0.6340638329166054,0.74069716134725694,0.10663332843065154,0.10663332843065157
xlmr,20260922,gender,232,1,58,11,79,84,0.59051724137931039,0.29741379310344829,-0.2931034482758621,-0.29310344827586204
xlmr,20260922,age,102,1,45,3,20,34,0.63725490196078427,0.47058823529411764,-0.16666666666666663,-0.16666666666666666
xlmr,20260922,race_or_region_of_origin,893,1,466,155,91,181,0.62374020156774912,0.69540873460246355,0.071668533034714432,0.071668533034714446
xlmr,20260922,religion,46,1,18,9,9,10,0.58695652173913049,0.58695652173913049,0,0
xlmr,20260922,politics,1790,1,1055,293,159,283,0.6782122905027933,0.75307262569832401,0.074860335195530703,0.074860335195530731
xlmr,20260922,occupation,365,1,108,47,51,159,0.43561643835616437,0.42465753424657532,-0.010958904109589052,-0.010958904109589041
xlmr,20260922,disability,99,1,26,10,16,47,0.42424242424242425,0.36363636363636365,-0.060606060606060608,-0.060606060606060608
xlmr,20260922,overall_hate,3198,1,1572,485,385,756,0.6119449656035022,0.64321450906816757,0.031269543464665372,0.031269543464665414
xlmr,20260922,overall_non_hate,6799,0,4422,786,591,1000,0.73731431092807764,0.76599499926459769,0.028680688336520044,0.028680688336520075
xlmr,20260923,gender,232,1,63,4,127,38,0.81896551724137934,0.28879310344827586,-0.53017241379310343,-0.53017241379310343
xlmr,20260923,age,102,1,42,1,46,13,0.86274509803921573,0.42156862745098039,-0.44117647058823534,-0.44117647058823528
xlmr,20260923,race_or_region_of_origin,893,1,609,60,119,105,0.81522956326987683,0.74916013437849949,-0.066069428891377346,-0.066069428891377374
xlmr,20260923,religion,46,1,22,1,18,5,0.86956521739130432,0.5,-0.36956521739130432,-0.36956521739130432
xlmr,20260923,politics,1790,1,1245,128,232,185,0.82513966480446932,0.76703910614525139,-0.058100558659217927,-0.058100558659217878
xlmr,20260923,occupation,365,1,136,14,122,93,0.70684931506849313,0.41095890410958902,-0.29589041095890412,-0.29589041095890412
xlmr,20260923,disability,99,1,28,2,40,29,0.68686868686868685,0.30303030303030304,-0.38383838383838381,-0.38383838383838381
xlmr,20260923,overall_hate,3198,1,1906,192,645,455,0.79768605378361479,0.65603502188868046,-0.14165103189493433,-0.14165103189493433
xlmr,20260923,overall_non_hate,6799,0,3521,1658,295,1325,0.5612590086777467,0.7617296661273717,0.200470657449625,0.20047065744962494
