model,stratum,n,n_distinct_items,paired_repeats,item_repeat_observations_not_independent_n,both_correct_item_repeat_observations,recovered_by_L_item_repeat_observations,new_errors_under_L_item_repeat_observations,both_wrong_item_repeat_observations,both_correct_mean_per_repeat,recovered_by_L_mean_per_repeat,new_errors_under_L_mean_per_repeat,both_wrong_mean_per_repeat,both_correct_mean,recovered_mean,new_error_mean,both_wrong_mean,unique_items_ever_recovered,unique_items_ever_new_error,unique_items_ever_both_recovered_and_new_error,unique_items_ever_discordant_union,L_minus_W_correct_rate_mean
kcelectra,gender,232,232,23,5336,2673,300,1173,1190,116.21739130434783,13.043478260869565,51,51.739130434782609,116.21739130434783,13.043478260869565,51,51.739130434782609,102,184,79,207,-0.16360569715142434
kcelectra,age,102,102,23,2346,1248,170,404,524,54.260869565217391,7.3913043478260869,17.565217391304348,22.782608695652176,54.260869565217391,7.3913043478260869,17.565217391304348,22.782608695652176,54,74,36,92,-0.099744245524296671
kcelectra,race_or_region_of_origin,893,893,23,20539,13686,3424,1065,2364,595.04347826086962,148.86956521739131,46.304347826086953,102.78260869565217,595.04347826086962,148.86956521739131,46.304347826086953,102.78260869565217,709,316,244,781,0.11485466673158382
kcelectra,religion,46,46,23,1058,581,148,98,231,25.260869565217391,6.4347826086956523,4.2608695652173916,10.043478260869565,25.260869565217391,6.4347826086956523,4.2608695652173916,10.043478260869565,35,22,15,42,0.04725897920604915
kcelectra,politics,1790,1790,23,41170,24941,8326,2303,5600,1084.391304347826,362,100.1304347826087,243.47826086956522,1084.391304347826,362,100.1304347826087,243.47826086956522,1539,706,598,1647,0.14629584649016275
kcelectra,occupation,365,365,23,8395,3886,1116,1151,2242,168.95652173913044,48.521739130434781,50.043478260869563,97.478260869565219,168.95652173913044,48.521739130434781,50.043478260869563,97.478260869565219,262,237,153,346,-0.004169148302561038
kcelectra,disability,99,99,23,2277,1061,146,484,586,46.130434782608695,6.3478260869565215,21.043478260869566,25.478260869565219,46.130434782608695,6.3478260869565215,21.043478260869566,25.478260869565219,52,64,29,87,-0.14844093104962672
kcelectra,overall_hate,3198,3198,23,73554,42609,12485,6306,12154,1852.5652173913043,542.82608695652175,274.17391304347825,528.43478260869563,1852.5652173913043,542.82608695652175,274.17391304347825,528.43478260869563,2502,1495,1072,2925,0.084006308290507675
kcelectra,overall_non_hate,6799,6799,23,156377,87225,25203,13047,30902,3792.391304347826,1095.7826086956522,567.26086956521738,1343.5652173913043,3792.391304347826,1095.7826086956522,567.26086956521738,1343.5652173913043,4442,2928,1921,5449,0.077735216815772154
xlmr,gender,232,232,23,5336,1612,590,1607,1527,70.086956521739125,25.652173913043477,69.869565217391298,66.391304347826093,70.086956521739125,25.652173913043477,69.869565217391298,66.391304347826093,170,197,140,227,-0.19059220389805095
xlmr,age,102,102,23,2346,902,247,489,708,39.217391304347828,10.739130434782609,21.260869565217391,30.782608695652176,39.217391304347828,10.739130434782609,21.260869565217391,30.782608695652176,65,75,41,99,-0.10315430520034102
xlmr,race_or_region_of_origin,893,893,23,20539,10675,4713,1626,3525,464.13043478260869,204.91304347826087,70.695652173913047,153.2608695652174,464.13043478260869,204.91304347826087,70.695652173913047,153.2608695652174,815,389,336,868,0.15029943035201329
xlmr,religion,46,46,23,1058,464,181,196,217,20.173913043478262,7.8695652173913047,8.5217391304347831,9.4347826086956523,20.173913043478262,7.8695652173913047,8.5217391304347831,9.4347826086956523,38,28,21,45,-0.014177693761814743
xlmr,politics,1790,1790,23,41170,20926,11299,2740,6205,909.82608695652175,491.26086956521738,119.1304347826087,269.78260869565219,909.82608695652175,491.26086956521738,119.1304347826087,269.78260869565219,1671,662,575,1758,0.20789409764391548
xlmr,occupation,365,365,23,8395,2412,1391,1344,3248,104.8695652173913,60.478260869565219,58.434782608695649,141.21739130434781,104.8695652173913,60.478260869565219,58.434782608695649,141.21739130434781,253,245,170,328,0.0055985705777248426
xlmr,disability,99,99,23,2277,597,266,467,947,25.956521739130434,11.565217391304348,20.304347826086957,41.173913043478258,25.956521739130434,11.565217391304348,20.304347826086957,41.173913043478258,55,65,34,86,-0.088274044795783921
xlmr,overall_hate,3198,3198,23,73554,33207,17040,7774,15533,1443.7826086956522,740.86956521739125,338,675.3478260869565,1443.7826086956522,740.86956521739125,338,675.3478260869565,2760,1531,1206,3085,0.12597547380156074
xlmr,overall_non_hate,6799,6799,23,156377,94015,20715,20143,21504,4087.608695652174,900.6521739130435,875.78260869565213,934.95652173913038,4087.608695652174,900.6521739130435,875.78260869565213,934.95652173913038,3563,3273,1924,4912,0.0036578269182808323
