repeat,native_order,split,split_row_id
1,0,train,58797
1,1,train,8232
1,2,train,160874
1,3,train,37055
1,4,train,145529
1,5,train,101396
1,6,train,89706
1,7,train,153402
1,8,train,69762
1,9,train,164513
1,10,train,121277
1,11,train,18378
1,12,train,167669
1,13,train,17944
1,14,train,111774
1,15,train,41533
1,16,train,84605
1,17,train,29484
1,18,train,103861
1,19,train,64738
1,20,train,158356
1,21,train,49664
1,22,train,112427
1,23,train,68376
1,24,train,163743
1,25,train,71447
1,26,train,64774
1,27,train,124124
1,28,train,128541
1,29,train,130680
1,30,train,27448
1,31,train,93524
1,32,train,21737
1,33,train,2384
1,34,train,153981
1,35,train,68542
1,36,train,169918
1,37,train,153583
1,38,train,111080
1,39,train,76741
1,40,train,114342
1,41,train,44933
1,42,train,113003
1,43,train,39140
1,44,train,145445
1,45,train,116368
1,46,train,168187
1,47,train,156639
1,48,train,48324
1,49,train,52080
1,50,train,174
1,51,train,127643
1,52,train,98323
1,53,train,140306
1,54,train,131204
1,55,train,75707
1,56,train,23296
1,57,train,116103
1,58,train,92763
1,59,train,90408
1,60,train,213
1,61,train,59583
1,62,train,167327
1,63,train,33255
1,64,train,8963
1,65,train,98549
1,66,train,15645
1,67,train,154579
1,68,train,62983
1,69,train,1882
1,70,train,54479
1,71,train,24088
1,72,train,23273
1,73,train,59042
1,74,train,96712
1,75,train,100150
1,76,train,7001
1,77,train,159380
1,78,train,34577
1,79,train,69748
1,80,train,72659
1,81,train,32618
1,82,train,117811
1,83,train,28483
1,84,train,38260
1,85,train,161806
1,86,train,53756
1,87,train,160987
1,88,train,92000
1,89,train,56146
1,90,train,60728
1,91,train,164612
1,92,train,8632
1,93,train,111203
1,94,train,33682
1,95,train,111609
1,96,train,64672
1,97,train,74121
1,98,train,60072
1,99,train,49960
1,100,train,24635
1,101,train,92419
1,102,train,150458
1,103,train,135440
1,104,train,72697
1,105,train,1098
1,106,train,106896
1,107,train,170235
1,108,train,133615
1,109,train,72632
1,110,train,5467
1,111,train,166871
1,112,train,135040
1,113,train,82679
1,114,train,170638
1,115,train,106181
1,116,train,43779
1,117,train,122236
1,118,train,33505
1,119,train,48577
1,120,train,158548
1,121,train,41004
1,122,train,168743
1,123,train,56805
1,124,train,137649
1,125,train,60901
1,126,train,101047
1,127,train,134522
1,128,train,33843
1,129,train,159420
1,130,train,69655
1,131,train,108713
1,132,train,25194
1,133,train,62861
1,134,train,127509
1,135,train,133099
1,136,train,1063
1,137,train,87297
1,138,train,72170
1,139,train,11038
1,140,train,128267
1,141,train,76247
1,142,train,166574
1,143,train,5966
1,144,train,107822
1,145,train,113270
1,146,train,100503
1,147,train,41985
1,148,train,166751
1,149,train,94327
1,150,train,44931
1,151,train,135401
1,152,train,162264
1,153,train,86656
1,154,train,54653
1,155,train,33103
1,156,train,37796
1,157,train,46103
1,158,train,4271
1,159,train,149878
1,160,train,35996
1,161,train,166854
1,162,train,50052
1,163,train,161979
1,164,train,81958
1,165,train,34398
1,166,train,125337
1,167,train,117434
1,168,train,55859
1,169,train,47034
1,170,train,72379
1,171,train,38959
1,172,train,112566
1,173,train,115374
1,174,train,85704
1,175,train,24723
1,176,train,90558
1,177,train,110144
1,178,train,20174
1,179,train,171039
1,180,train,52473
1,181,train,145636
1,182,train,142732
1,183,train,130201
1,184,train,156934
1,185,train,942
1,186,train,12836
1,187,train,104919
1,188,train,154969
1,189,train,134848
1,190,train,97537
1,191,train,168183
1,192,train,167068
1,193,train,110388
1,194,train,42189
1,195,train,142641
1,196,train,106929
1,197,train,41088
1,198,train,10844
1,199,train,36540
2,0,train,98557
2,1,train,65322
2,2,train,36946
2,3,train,114473
2,4,train,84994
2,5,train,926
2,6,train,114819
2,7,train,113167
2,8,train,134334
2,9,train,120011
2,10,train,53142
2,11,train,18776
2,12,train,137229
2,13,train,68104
2,14,train,76577
2,15,train,89498
2,16,train,21773
2,17,train,117548
2,18,train,34637
2,19,train,154087
2,20,train,3606
2,21,train,100805
2,22,train,131010
2,23,train,125238
2,24,train,44146
2,25,train,1056
2,26,train,145198
2,27,train,94773
2,28,train,125817
2,29,train,8662
2,30,train,164185
2,31,train,135021
2,32,train,104254
2,33,train,3739
2,34,train,114419
2,35,train,94232
2,36,train,91658
2,37,train,54245
2,38,train,137176
2,39,train,113315
2,40,train,124517
2,41,train,95440
2,42,train,12605
2,43,train,155523
2,44,train,66717
2,45,train,100161
2,46,train,48118
2,47,train,161815
2,48,train,63847
2,49,train,138713
2,50,train,65369
2,51,train,13053
2,52,train,64576
2,53,train,147546
2,54,train,61036
2,55,train,98213
2,56,train,113856
2,57,train,117720
2,58,train,128054
2,59,train,142833
2,60,train,129558
2,61,train,154904
2,62,train,71741
2,63,train,100433
2,64,train,100902
2,65,train,129968
2,66,train,36447
2,67,train,146161
2,68,train,85232
2,69,train,91139
2,70,train,105461
2,71,train,146203
2,72,train,31294
2,73,train,158695
2,74,train,65177
2,75,train,31882
2,76,train,110651
2,77,train,35034
2,78,train,158714
2,79,train,27287
2,80,train,71488
2,81,train,111492
2,82,train,63967
2,83,train,107580
2,84,train,124553
2,85,train,164585
2,86,train,37138
2,87,train,37612
2,88,train,164498
2,89,train,117024
2,90,train,10382
2,91,train,123856
2,92,train,92121
2,93,train,171397
2,94,train,21209
2,95,train,140861
2,96,train,95938
2,97,train,11736
2,98,train,14576
2,99,train,9677
2,100,train,168105
2,101,train,81782
2,102,train,98666
2,103,train,105450
2,104,train,31316
2,105,train,58828
2,106,train,143396
2,107,train,152998
2,108,train,147579
2,109,train,15260
2,110,train,155606
2,111,train,87761
2,112,train,147439
2,113,train,90961
2,114,train,82718
2,115,train,108999
2,116,train,117829
2,117,train,45942
2,118,train,86814
2,119,train,63395
2,120,train,95426
2,121,train,125611
2,122,train,121975
2,123,train,69748
2,124,train,71477
2,125,train,77590
2,126,train,5897
2,127,train,149055
2,128,train,113931
2,129,train,146022
2,130,train,31417
2,131,train,65061
2,132,train,120787
2,133,train,87764
2,134,train,29829
2,135,train,89487
2,136,train,106831
2,137,train,840
2,138,train,120963
2,139,train,110232
2,140,train,159183
2,141,train,16166
2,142,train,28774
2,143,train,37476
2,144,train,46250
2,145,train,147520
2,146,train,59027
2,147,train,52985
2,148,train,35454
2,149,train,143418
2,150,train,136567
2,151,train,34785
2,152,train,166134
2,153,train,59568
2,154,train,171489
2,155,train,130942
2,156,train,2819
2,157,train,15057
2,158,train,167351
2,159,train,81327
2,160,train,46642
2,161,train,107641
2,162,train,88853
2,163,train,79040
2,164,train,167047
2,165,train,41720
2,166,train,35495
2,167,train,38521
2,168,train,53409
2,169,train,110699
2,170,train,71774
2,171,train,91699
2,172,train,43716
2,173,train,27353
2,174,train,26185
2,175,train,98005
2,176,train,90642
2,177,train,107478
2,178,train,68982
2,179,train,138898
2,180,train,130504
2,181,train,51142
2,182,train,66783
2,183,train,34035
2,184,train,73327
2,185,train,41099
2,186,train,53481
2,187,train,152126
2,188,train,147788
2,189,train,133067
2,190,train,163665
2,191,train,157318
2,192,train,19298
2,193,train,160177
2,194,train,62941
2,195,train,75421
2,196,train,51489
2,197,train,125242
2,198,train,96564
2,199,train,170174
3,0,train,78770
3,1,train,136058
3,2,train,47142
3,3,train,95744
3,4,train,32815
3,5,train,104508
3,6,train,77717
3,7,train,150986
3,8,train,20168
3,9,train,89032
3,10,train,132578
3,11,train,22061
3,12,train,169164
3,13,train,30355
3,14,train,19948
3,15,train,150340
3,16,train,2908
3,17,train,88844
3,18,train,91091
3,19,train,20506
3,20,train,26249
3,21,train,164954
3,22,train,67549
3,23,train,81924
3,24,train,130452
3,25,train,59929
3,26,train,144204
3,27,train,18078
3,28,train,12843
3,29,train,154128
3,30,train,99534
3,31,train,165862
3,32,train,17641
3,33,train,80568
3,34,train,12754
3,35,train,104031
3,36,train,18734
3,37,train,109371
3,38,train,104413
3,39,train,114243
3,40,train,24744
3,41,train,85423
3,42,train,71705
3,43,train,19415
3,44,train,98301
3,45,train,170578
3,46,train,68435
3,47,train,142047
3,48,train,45455
3,49,train,8220
3,50,train,5847
3,51,train,16380
3,52,train,77378
3,53,train,118688
3,54,train,122720
3,55,train,22797
3,56,train,144439
3,57,train,97503
3,58,train,18598
3,59,train,8002
3,60,train,60461
3,61,train,50973
3,62,train,7387
3,63,train,77899
3,64,train,15400
3,65,train,147963
3,66,train,83399
3,67,train,70568
3,68,train,117499
3,69,train,44639
3,70,train,144035
3,71,train,81297
3,72,train,152015
3,73,train,104440
3,74,train,19088
3,75,train,30920
3,76,train,104886
3,77,train,8130
3,78,train,179
3,79,train,149470
3,80,train,116671
3,81,train,112805
3,82,train,165697
3,83,train,28929
3,84,train,18657
3,85,train,132957
3,86,train,103868
3,87,train,96906
3,88,train,1716
3,89,train,69879
3,90,train,78894
3,91,train,23392
3,92,train,59519
3,93,train,57309
3,94,train,163329
3,95,train,127922
3,96,train,1831
3,97,train,91343
3,98,train,42198
3,99,train,40691
3,100,train,30392
3,101,train,46214
3,102,train,159724
3,103,train,130015
3,104,train,166150
3,105,train,72129
3,106,train,31911
3,107,train,159019
3,108,train,156678
3,109,train,38995
3,110,train,109164
3,111,train,154245
3,112,train,9994
3,113,train,2879
3,114,train,88068
3,115,train,31151
3,116,train,91902
3,117,train,163782
3,118,train,80399
3,119,train,62587
3,120,train,64646
3,121,train,130215
3,122,train,29032
3,123,train,129518
3,124,train,127542
3,125,train,28536
3,126,train,92049
3,127,train,89071
3,128,train,50961
3,129,train,41902
3,130,train,56792
3,131,train,106393
3,132,train,147543
3,133,train,153194
3,134,train,14835
3,135,train,33283
3,136,train,157465
3,137,train,171216
3,138,train,87128
3,139,train,128734
3,140,train,66567
3,141,train,117597
3,142,train,129286
3,143,train,112131
3,144,train,155866
3,145,train,153895
3,146,train,80461
3,147,train,1977
3,148,train,159717
3,149,train,115351
3,150,train,89015
3,151,train,103810
3,152,train,13587
3,153,train,129509
3,154,train,154063
3,155,train,54751
3,156,train,60887
3,157,train,34519
3,158,train,43971
3,159,train,168642
3,160,train,65747
3,161,train,58373
3,162,train,74058
3,163,train,151493
3,164,train,7125
3,165,train,61185
3,166,train,13333
3,167,train,117165
3,168,train,143849
3,169,train,67839
3,170,train,75632
3,171,train,104580
3,172,train,122332
3,173,train,44085
3,174,train,113485
3,175,train,923
3,176,train,39783
3,177,train,131377
3,178,train,21211
3,179,train,55123
3,180,train,19025
3,181,train,48057
3,182,train,79239
3,183,train,150611
3,184,train,21169
3,185,train,145245
3,186,train,165269
3,187,train,36696
3,188,train,122405
3,189,train,81301
3,190,train,94973
3,191,train,72325
3,192,train,140361
3,193,train,165548
3,194,train,149520
3,195,train,35936
3,196,train,140358
3,197,train,114757
3,198,train,86307
3,199,train,17187
4,0,train,106843
4,1,train,128630
4,2,train,67402
4,3,train,153525
4,4,train,97676
4,5,train,36794
4,6,train,93558
4,7,train,4570
4,8,train,130859
4,9,train,108841
4,10,train,137108
4,11,train,45877
4,12,train,40246
4,13,train,96265
4,14,train,15783
4,15,train,23030
4,16,train,2863
4,17,train,156206
4,18,train,170443
4,19,train,32370
4,20,train,9316
4,21,train,103095
4,22,train,117684
4,23,train,162954
4,24,train,147924
4,25,train,92024
4,26,train,49511
4,27,train,166620
4,28,train,20818
4,29,train,161693
4,30,train,77973
4,31,train,34781
4,32,train,54863
4,33,train,20666
4,34,train,97609
4,35,train,161174
4,36,train,91508
4,37,train,165464
4,38,train,13000
4,39,train,148979
4,40,train,91971
4,41,train,45581
4,42,train,91198
4,43,train,50359
4,44,train,141943
4,45,train,43912
4,46,train,59333
4,47,train,90492
4,48,train,49786
4,49,train,11260
4,50,train,136185
4,51,train,33767
4,52,train,90445
4,53,train,95909
4,54,train,44826
4,55,train,55500
4,56,train,167537
4,57,train,154821
4,58,train,26250
4,59,train,80116
4,60,train,88712
4,61,train,30911
4,62,train,151827
4,63,train,125515
4,64,train,146473
4,65,train,21951
4,66,train,30723
4,67,train,65698
4,68,train,125753
4,69,train,163983
4,70,train,22214
4,71,train,63577
4,72,train,134417
4,73,train,21762
4,74,train,144135
4,75,train,33635
4,76,train,89700
4,77,train,142003
4,78,train,122035
4,79,train,166705
4,80,train,11171
4,81,train,13828
4,82,train,161796
4,83,train,46945
4,84,train,63167
4,85,train,4089
4,86,train,10163
4,87,train,136542
4,88,train,36355
4,89,train,12401
4,90,train,79620
4,91,train,6487
4,92,train,17313
4,93,train,149709
4,94,train,74558
4,95,train,91174
4,96,train,168372
4,97,train,123757
4,98,train,79170
4,99,train,36571
4,100,train,33162
4,101,train,132883
4,102,train,103420
4,103,train,154744
4,104,train,63224
4,105,train,42270
4,106,train,147178
4,107,train,106404
4,108,train,39560
4,109,train,102442
4,110,train,77038
4,111,train,150298
4,112,train,107504
4,113,train,18089
4,114,train,137502
4,115,train,1833
4,116,train,12361
4,117,train,38767
4,118,train,169724
4,119,train,71285
4,120,train,87540
4,121,train,149719
4,122,train,122504
4,123,train,105398
4,124,train,24645
4,125,train,144441
4,126,train,152088
4,127,train,1337
4,128,train,25691
4,129,train,137627
4,130,train,95362
4,131,train,90831
4,132,train,149382
4,133,train,54099
4,134,train,126441
4,135,train,44976
4,136,train,107139
4,137,train,151491
4,138,train,29802
4,139,train,32746
4,140,train,60465
4,141,train,21675
4,142,train,170989
4,143,train,107582
4,144,train,103993
4,145,train,127378
4,146,train,50375
4,147,train,3220
4,148,train,107805
4,149,train,104043
4,150,train,45574
4,151,train,114710
4,152,train,102035
4,153,train,150993
4,154,train,24356
4,155,train,13772
4,156,train,116898
4,157,train,56758
4,158,train,168551
4,159,train,73979
4,160,train,93605
4,161,train,105077
4,162,train,156053
4,163,train,79933
4,164,train,37109
4,165,train,144447
4,166,train,76676
4,167,train,62906
4,168,train,157550
4,169,train,48762
4,170,train,119194
4,171,train,168894
4,172,train,52086
4,173,train,304
4,174,train,50548
4,175,train,142990
4,176,train,23440
4,177,train,168143
4,178,train,21491
4,179,train,131349
4,180,train,75638
4,181,train,100938
4,182,train,26431
4,183,train,132541
4,184,train,130911
4,185,train,108190
4,186,train,86043
4,187,train,51459
4,188,train,17129
4,189,train,164838
4,190,train,145963
4,191,train,14092
4,192,train,41796
4,193,train,115394
4,194,train,161617
4,195,train,18701
4,196,train,26131
4,197,train,135289
4,198,train,123197
4,199,train,45786
5,0,train,152736
5,1,train,51859
5,2,train,112248
5,3,train,97706
5,4,train,120762
5,5,train,24810
5,6,train,103888
5,7,train,57874
5,8,train,98791
5,9,train,44803
5,10,train,110237
5,11,train,15086
5,12,train,88033
5,13,train,155068
5,14,train,55505
5,15,train,150524
5,16,train,22864
5,17,train,76489
5,18,train,74096
5,19,train,162548
5,20,train,1538
5,21,train,87840
5,22,train,16272
5,23,train,103920
5,24,train,160396
5,25,train,128396
5,26,train,102364
5,27,train,23155
5,28,train,69827
5,29,train,78295
5,30,train,132917
5,31,train,126921
5,32,train,9226
5,33,train,131946
5,34,train,24468
5,35,train,17682
5,36,train,30031
5,37,train,32040
5,38,train,128084
5,39,train,47998
5,40,train,74337
5,41,train,81110
5,42,train,144930
5,43,train,48202
5,44,train,171190
5,45,train,143619
5,46,train,121888
5,47,train,46095
5,48,train,102576
5,49,train,158432
5,50,train,18397
5,51,train,162454
5,52,train,49540
5,53,train,140776
5,54,train,144378
5,55,train,54687
5,56,train,66128
5,57,train,46998
5,58,train,101403
5,59,train,160198
5,60,train,48975
5,61,train,8781
5,62,train,10815
5,63,train,22444
5,64,train,164062
5,65,train,41247
5,66,train,114334
5,67,train,119633
5,68,train,75386
5,69,train,152355
5,70,train,82362
5,71,train,39346
5,72,train,155989
5,73,train,67503
5,74,train,25117
5,75,train,166524
5,76,train,171556
5,77,train,18616
5,78,train,21651
5,79,train,63105
5,80,train,36906
5,81,train,34907
5,82,train,168456
5,83,train,46793
5,84,train,119616
5,85,train,93445
5,86,train,27974
5,87,train,145401
5,88,train,45315
5,89,train,161550
5,90,train,62035
5,91,train,59443
5,92,train,92968
5,93,train,112171
5,94,train,32314
5,95,train,124038
5,96,train,53508
5,97,train,153766
5,98,train,115681
5,99,train,3783
5,100,train,86893
5,101,train,138888
5,102,train,1985
5,103,train,45194
5,104,train,123719
5,105,train,125151
5,106,train,164426
5,107,train,19620
5,108,train,22210
5,109,train,25074
5,110,train,28183
5,111,train,125918
5,112,train,86972
5,113,train,161615
5,114,train,107560
5,115,train,55682
5,116,train,117540
5,117,train,98297
5,118,train,111435
5,119,train,6986
5,120,train,132706
5,121,train,9238
5,122,train,134608
5,123,train,4302
5,124,train,94185
5,125,train,70870
5,126,train,72380
5,127,train,123689
5,128,train,37433
5,129,train,13149
5,130,train,90476
5,131,train,40859
5,132,train,120207
5,133,train,49968
5,134,train,13779
5,135,train,41076
5,136,train,134070
5,137,train,140797
5,138,train,109285
5,139,train,14933
5,140,train,50003
5,141,train,49715
5,142,train,11844
5,143,train,15412
5,144,train,32649
5,145,train,169517
5,146,train,96218
5,147,train,2683
5,148,train,10270
5,149,train,131912
5,150,train,17636
5,151,train,75454
5,152,train,11437
5,153,train,131310
5,154,train,103392
5,155,train,112427
5,156,train,57826
5,157,train,136554
5,158,train,1219
5,159,train,138981
5,160,train,1856
5,161,train,150622
5,162,train,40192
5,163,train,33197
5,164,train,1178
5,165,train,126887
5,166,train,131937
5,167,train,116575
5,168,train,168749
5,169,train,15945
5,170,train,60349
5,171,train,151481
5,172,train,97932
5,173,train,22594
5,174,train,142325
5,175,train,82765
5,176,train,59999
5,177,train,36160
5,178,train,29377
5,179,train,154294
5,180,train,10931
5,181,train,43560
5,182,train,88782
5,183,train,76740
5,184,train,79718
5,185,train,160966
5,186,train,96460
5,187,train,31214
5,188,train,62339
5,189,train,75887
5,190,train,71811
5,191,train,133330
5,192,train,17087
5,193,train,51585
5,194,train,135011
5,195,train,63852
5,196,train,5237
5,197,train,127727
5,198,train,171568
5,199,train,123815
6,0,train,37977
6,1,train,27171
6,2,train,72397
6,3,train,45892
6,4,train,156733
6,5,train,108848
6,6,train,63791
6,7,train,147667
6,8,train,79189
6,9,train,110100
6,10,train,114909
6,11,train,134722
6,12,train,153944
6,13,train,100041
6,14,train,50264
6,15,train,120916
6,16,train,167289
6,17,train,92865
6,18,train,44368
6,19,train,124592
6,20,train,91509
6,21,train,77233
6,22,train,795
6,23,train,80534
6,24,train,159102
6,25,train,67983
6,26,train,130814
6,27,train,161278
6,28,train,46970
6,29,train,56864
6,30,train,49251
6,31,train,50769
6,32,train,34023
6,33,train,26581
6,34,train,131291
6,35,train,4651
6,36,train,163350
6,37,train,140823
6,38,train,41417
6,39,train,93256
6,40,train,17920
6,41,train,38694
6,42,train,98797
6,43,train,117239
6,44,train,43081
6,45,train,109715
6,46,train,8984
6,47,train,21555
6,48,train,56220
6,49,train,144452
6,50,train,105008
6,51,train,118107
6,52,train,74847
6,53,train,34940
6,54,train,109290
6,55,train,161796
6,56,train,84146
6,57,train,118358
6,58,train,159071
6,59,train,123750
6,60,train,76570
6,61,train,164162
6,62,train,1066
6,63,train,39041
6,64,train,103850
6,65,train,134202
6,66,train,145686
6,67,train,80903
6,68,train,157879
6,69,train,40125
6,70,train,147361
6,71,train,140928
6,72,train,81105
6,73,train,61854
6,74,train,123095
6,75,train,84283
6,76,train,166225
6,77,train,22389
6,78,train,55145
6,79,train,162315
6,80,train,156213
6,81,train,171158
6,82,train,74928
6,83,train,60753
6,84,train,116914
6,85,train,98615
6,86,train,162997
6,87,train,121839
6,88,train,55909
6,89,train,79768
6,90,train,38669
6,91,train,116847
6,92,train,144768
6,93,train,157340
6,94,train,67337
6,95,train,749
6,96,train,47525
6,97,train,77723
6,98,train,55500
6,99,train,118319
6,100,train,69107
6,101,train,95390
6,102,train,51085
6,103,train,125335
6,104,train,7617
6,105,train,157115
6,106,train,151175
6,107,train,112865
6,108,train,159599
6,109,train,86403
6,110,train,167056
6,111,train,48703
6,112,train,111258
6,113,train,61733
6,114,train,167376
6,115,train,108425
6,116,train,164098
6,117,train,169016
6,118,train,70388
6,119,train,94748
6,120,train,91416
6,121,train,54534
6,122,train,58490
6,123,train,164779
6,124,train,25251
6,125,train,35736
6,126,train,117564
6,127,train,147035
6,128,train,53814
6,129,train,15586
6,130,train,167732
6,131,train,96271
6,132,train,41077
6,133,train,163388
6,134,train,95751
6,135,train,34711
6,136,train,171721
6,137,train,7493
6,138,train,26040
6,139,train,53673
6,140,train,124714
6,141,train,77104
6,142,train,110839
6,143,train,60490
6,144,train,5010
6,145,train,79863
6,146,train,136218
6,147,train,18183
6,148,train,50206
6,149,train,128960
6,150,train,133736
6,151,train,165111
6,152,train,1487
6,153,train,160222
6,154,train,138751
6,155,train,111104
6,156,train,118466
6,157,train,139715
6,158,train,80902
6,159,train,37006
6,160,train,9224
6,161,train,78009
6,162,train,6336
6,163,train,158321
6,164,train,44294
6,165,train,80453
6,166,train,50610
6,167,train,70978
6,168,train,15324
6,169,train,63884
6,170,train,89448
6,171,train,43482
6,172,train,112053
6,173,train,18164
6,174,train,133792
6,175,train,95189
6,176,train,89107
6,177,train,165211
6,178,train,134510
6,179,train,4015
6,180,train,42852
6,181,train,144111
6,182,train,88877
6,183,train,51384
6,184,train,3365
6,185,train,61377
6,186,train,96397
6,187,train,116857
6,188,train,48112
6,189,train,75339
6,190,train,120712
6,191,train,152799
6,192,train,46242
6,193,train,143887
6,194,train,34530
6,195,train,119573
6,196,train,100875
6,197,train,88917
6,198,train,5665
6,199,train,74703
7,0,train,112234
7,1,train,49797
7,2,train,41009
7,3,train,165093
7,4,train,119195
7,5,train,51316
7,6,train,28099
7,7,train,138295
7,8,train,157979
7,9,train,102184
7,10,train,91640
7,11,train,164170
7,12,train,121339
7,13,train,159123
7,14,train,65130
7,15,train,131248
7,16,train,72365
7,17,train,123188
7,18,train,79472
7,19,train,153640
7,20,train,165118
7,21,train,148709
7,22,train,20541
7,23,train,81181
7,24,train,40461
7,25,train,24015
7,26,train,89926
7,27,train,73112
7,28,train,87331
7,29,train,31895
7,30,train,31995
7,31,train,138219
7,32,train,30423
7,33,train,109412
7,34,train,93837
7,35,train,169117
7,36,train,163149
7,37,train,17460
7,38,train,83508
7,39,train,14522
7,40,train,166885
7,41,train,128979
7,42,train,112555
7,43,train,163878
7,44,train,34898
7,45,train,162241
7,46,train,22393
7,47,train,67176
7,48,train,159697
7,49,train,116302
7,50,train,65244
7,51,train,10474
7,52,train,63315
7,53,train,146336
7,54,train,90668
7,55,train,158286
7,56,train,122016
7,57,train,153875
7,58,train,166515
7,59,train,132520
7,60,train,74448
7,61,train,160096
7,62,train,10186
7,63,train,98072
7,64,train,37489
7,65,train,135021
7,66,train,26898
7,67,train,151029
7,68,train,22917
7,69,train,24103
7,70,train,24763
7,71,train,34734
7,72,train,123008
7,73,train,96914
7,74,train,99656
7,75,train,42508
7,76,train,116261
7,77,train,109180
7,78,train,77671
7,79,train,68380
7,80,train,35017
7,81,train,170193
7,82,train,9294
7,83,train,5377
7,84,train,904
7,85,train,31568
7,86,train,100024
7,87,train,44699
7,88,train,23752
7,89,train,25054
7,90,train,54711
7,91,train,85595
7,92,train,23357
7,93,train,97189
7,94,train,61679
7,95,train,111451
7,96,train,18134
7,97,train,53960
7,98,train,102488
7,99,train,14161
7,100,train,74328
7,101,train,70616
7,102,train,102486
7,103,train,161893
7,104,train,138990
7,105,train,43267
7,106,train,106380
7,107,train,83974
7,108,train,74910
7,109,train,16531
7,110,train,40619
7,111,train,91221
7,112,train,134037
7,113,train,139973
7,114,train,141802
7,115,train,150075
7,116,train,142563
7,117,train,61219
7,118,train,102599
7,119,train,132053
7,120,train,138859
7,121,train,6570
7,122,train,124366
7,123,train,145205
7,124,train,136078
7,125,train,135542
7,126,train,150043
7,127,train,53336
7,128,train,40798
7,129,train,119722
7,130,train,161245
7,131,train,164693
7,132,train,31950
7,133,train,66428
7,134,train,127751
7,135,train,147614
7,136,train,76164
7,137,train,127542
7,138,train,164186
7,139,train,42422
7,140,train,135510
7,141,train,87147
7,142,train,100900
7,143,train,112559
7,144,train,17021
7,145,train,98353
7,146,train,84894
7,147,train,141502
7,148,train,41406
7,149,train,149093
7,150,train,156263
7,151,train,54060
7,152,train,34525
7,153,train,112275
7,154,train,79869
7,155,train,109275
7,156,train,152616
7,157,train,103707
7,158,train,10419
7,159,train,89076
7,160,train,108924
7,161,train,28481
7,162,train,162649
7,163,train,169345
7,164,train,99722
7,165,train,23964
7,166,train,128940
7,167,train,110073
7,168,train,34835
7,169,train,106432
7,170,train,15271
7,171,train,76469
7,172,train,105821
7,173,train,40442
7,174,train,87578
7,175,train,31172
7,176,train,107826
7,177,train,150874
7,178,train,152765
7,179,train,16894
7,180,train,35601
7,181,train,126188
7,182,train,104129
7,183,train,146061
7,184,train,30368
7,185,train,156145
7,186,train,2723
7,187,train,143647
7,188,train,34678
7,189,train,47551
7,190,train,4279
7,191,train,118855
7,192,train,25786
7,193,train,148674
7,194,train,66886
7,195,train,73372
7,196,train,167732
7,197,train,90643
7,198,train,87161
7,199,train,63124
8,0,train,87122
8,1,train,50368
8,2,train,93901
8,3,train,94042
8,4,train,112153
8,5,train,133745
8,6,train,77233
8,7,train,18347
8,8,train,62176
8,9,train,40778
8,10,train,137106
8,11,train,165752
8,12,train,142962
8,13,train,95336
8,14,train,34218
8,15,train,132968
8,16,train,89486
8,17,train,107240
8,18,train,70802
8,19,train,45133
8,20,train,145162
8,21,train,119031
8,22,train,23720
8,23,train,145230
8,24,train,150424
8,25,train,70383
8,26,train,56944
8,27,train,32899
8,28,train,108784
8,29,train,911
8,30,train,117757
8,31,train,70422
8,32,train,109229
8,33,train,12549
8,34,train,35059
8,35,train,111052
8,36,train,149882
8,37,train,86571
8,38,train,162210
8,39,train,38049
8,40,train,7940
8,41,train,7746
8,42,train,171838
8,43,train,51976
8,44,train,12168
8,45,train,152365
8,46,train,73019
8,47,train,47606
8,48,train,43719
8,49,train,31475
8,50,train,156714
8,51,train,45306
8,52,train,41604
8,53,train,37545
8,54,train,90495
8,55,train,152023
8,56,train,48774
8,57,train,119205
8,58,train,39016
8,59,train,153668
8,60,train,48806
8,61,train,83771
8,62,train,68539
8,63,train,66275
8,64,train,59803
8,65,train,82927
8,66,train,40877
8,67,train,156984
8,68,train,87208
8,69,train,52898
8,70,train,78799
8,71,train,95441
8,72,train,37737
8,73,train,19462
8,74,train,111510
8,75,train,36648
8,76,train,17873
8,77,train,6259
8,78,train,55105
8,79,train,63743
8,80,train,113600
8,81,train,167899
8,82,train,81670
8,83,train,130873
8,84,train,19382
8,85,train,59031
8,86,train,27725
8,87,train,65204
8,88,train,12611
8,89,train,155040
8,90,train,101957
8,91,train,109722
8,92,train,60793
8,93,train,138478
8,94,train,100622
8,95,train,22850
8,96,train,76513
8,97,train,42211
8,98,train,52532
8,99,train,149736
8,100,train,47533
8,101,train,147913
8,102,train,49250
8,103,train,134684
8,104,train,6150
8,105,train,129868
8,106,train,95551
8,107,train,165321
8,108,train,30084
8,109,train,136707
8,110,train,144676
8,111,train,167507
8,112,train,95606
8,113,train,38145
8,114,train,72611
8,115,train,113313
8,116,train,142975
8,117,train,8563
8,118,train,132758
8,119,train,7547
8,120,train,88675
8,121,train,147235
8,122,train,165116
8,123,train,12747
8,124,train,91881
8,125,train,92132
8,126,train,68625
8,127,train,92112
8,128,train,75302
8,129,train,28291
8,130,train,157144
8,131,train,132904
8,132,train,128483
8,133,train,39240
8,134,train,114872
8,135,train,93008
8,136,train,69138
8,137,train,1006
8,138,train,62794
8,139,train,64125
8,140,train,76522
8,141,train,114353
8,142,train,86152
8,143,train,138452
8,144,train,139386
8,145,train,132665
8,146,train,63310
8,147,train,80607
8,148,train,51356
8,149,train,114313
8,150,train,76744
8,151,train,163849
8,152,train,142464
8,153,train,29183
8,154,train,19942
8,155,train,4605
8,156,train,72497
8,157,train,28982
8,158,train,91422
8,159,train,163852
8,160,train,48936
8,161,train,113243
8,162,train,114454
8,163,train,89046
8,164,train,41433
8,165,train,136141
8,166,train,45695
8,167,train,70633
8,168,train,164266
8,169,train,9061
8,170,train,80524
8,171,train,70661
8,172,train,117639
8,173,train,110503
8,174,train,5453
8,175,train,155190
8,176,train,103906
8,177,train,5914
8,178,train,28823
8,179,train,101229
8,180,train,68884
8,181,train,35749
8,182,train,109535
8,183,train,19173
8,184,train,42965
8,185,train,16285
8,186,train,138130
8,187,train,6635
8,188,train,31093
8,189,train,156642
8,190,train,113263
8,191,train,101563
8,192,train,127969
8,193,train,126386
8,194,train,79262
8,195,train,9149
8,196,train,138662
8,197,train,107352
8,198,train,20603
8,199,train,39840
9,0,train,52047
9,1,train,160307
9,2,train,145195
9,3,train,92955
9,4,train,106894
9,5,train,118290
9,6,train,90301
9,7,train,108078
9,8,train,82828
9,9,train,8430
9,10,train,171112
9,11,train,90230
9,12,train,52495
9,13,train,73480
9,14,train,23722
9,15,train,134650
9,16,train,124167
9,17,train,138251
9,18,train,167130
9,19,train,118615
9,20,train,157914
9,21,train,37205
9,22,train,8042
9,23,train,78717
9,24,train,130889
9,25,train,56613
9,26,train,119776
9,27,train,133020
9,28,train,2725
9,29,train,11064
9,30,train,154232
9,31,train,138329
9,32,train,44651
9,33,train,41446
9,34,train,56531
9,35,train,167199
9,36,train,140296
9,37,train,76359
9,38,train,96251
9,39,train,37156
9,40,train,37752
9,41,train,54930
9,42,train,69964
9,43,train,5240
9,44,train,10948
9,45,train,162171
9,46,train,144890
9,47,train,71137
9,48,train,84738
9,49,train,70414
9,50,train,85990
9,51,train,15118
9,52,train,37735
9,53,train,137063
9,54,train,94548
9,55,train,87370
9,56,train,101003
9,57,train,41710
9,58,train,35548
9,59,train,8527
9,60,train,66323
9,61,train,23542
9,62,train,74745
9,63,train,34905
9,64,train,17794
9,65,train,160725
9,66,train,52560
9,67,train,39106
9,68,train,80005
9,69,train,59954
9,70,train,107677
9,71,train,101403
9,72,train,156250
9,73,train,92102
9,74,train,109403
9,75,train,70535
9,76,train,106692
9,77,train,22549
9,78,train,149114
9,79,train,169742
9,80,train,136673
9,81,train,146820
9,82,train,10036
9,83,train,78723
9,84,train,55767
9,85,train,60042
9,86,train,100129
9,87,train,144372
9,88,train,111377
9,89,train,21754
9,90,train,84121
9,91,train,120
9,92,train,53301
9,93,train,47322
9,94,train,92342
9,95,train,84793
9,96,train,100228
9,97,train,171786
9,98,train,136477
9,99,train,150971
9,100,train,59933
9,101,train,142526
9,102,train,67418
9,103,train,143585
9,104,train,58775
9,105,train,13723
9,106,train,111248
9,107,train,167613
9,108,train,160638
9,109,train,47530
9,110,train,137777
9,111,train,81540
9,112,train,163483
9,113,train,9352
9,114,train,2001
9,115,train,160829
9,116,train,171582
9,117,train,70222
9,118,train,45773
9,119,train,113581
9,120,train,102312
9,121,train,110111
9,122,train,113647
9,123,train,143556
9,124,train,143213
9,125,train,67899
9,126,train,46115
9,127,train,16032
9,128,train,21015
9,129,train,38593
9,130,train,171565
9,131,train,3231
9,132,train,73965
9,133,train,64685
9,134,train,67258
9,135,train,156610
9,136,train,27842
9,137,train,166370
9,138,train,70831
9,139,train,79773
9,140,train,93211
9,141,train,123111
9,142,train,44690
9,143,train,98264
9,144,train,168248
9,145,train,111411
9,146,train,108618
9,147,train,6649
9,148,train,55423
9,149,train,61601
9,150,train,31707
9,151,train,130512
9,152,train,30302
9,153,train,21988
9,154,train,4387
9,155,train,65445
9,156,train,67232
9,157,train,62993
9,158,train,121038
9,159,train,52877
9,160,train,160929
9,161,train,140549
9,162,train,122634
9,163,train,78796
9,164,train,19920
9,165,train,117381
9,166,train,46500
9,167,train,169227
9,168,train,160632
9,169,train,16050
9,170,train,65817
9,171,train,109395
9,172,train,85694
9,173,train,93207
9,174,train,143878
9,175,train,150265
9,176,train,150190
9,177,train,156503
9,178,train,169505
9,179,train,107940
9,180,train,42614
9,181,train,123252
9,182,train,128447
9,183,train,115476
9,184,train,172128
9,185,train,97596
9,186,train,140467
9,187,train,75566
9,188,train,69412
9,189,train,99477
9,190,train,8754
9,191,train,15253
9,192,train,157152
9,193,train,50749
9,194,train,110484
9,195,train,171871
9,196,train,79936
9,197,train,68184
9,198,train,85821
9,199,train,62291
10,0,train,155276
10,1,train,48433
10,2,train,27862
10,3,train,12123
10,4,train,24017
10,5,train,137688
10,6,train,107848
10,7,train,22208
10,8,train,136963
10,9,train,166504
10,10,train,168753
10,11,train,22001
10,12,train,125413
10,13,train,143158
10,14,train,11524
10,15,train,64601
10,16,train,13178
10,17,train,80844
10,18,train,146457
10,19,train,125160
10,20,train,65403
10,21,train,95922
10,22,train,109407
10,23,train,45955
10,24,train,65780
10,25,train,84208
10,26,train,141347
10,27,train,97043
10,28,train,128022
10,29,train,33316
10,30,train,8586
10,31,train,82122
10,32,train,27437
10,33,train,146117
10,34,train,154177
10,35,train,4062
10,36,train,92066
10,37,train,46320
10,38,train,105031
10,39,train,116300
10,40,train,58355
10,41,train,67939
10,42,train,54061
10,43,train,45297
10,44,train,111977
10,45,train,102693
10,46,train,78415
10,47,train,16516
10,48,train,133814
10,49,train,63296
10,50,train,1163
10,51,train,123241
10,52,train,89239
10,53,train,84578
10,54,train,37745
10,55,train,117885
10,56,train,36202
10,57,train,80022
10,58,train,19192
10,59,train,51067
10,60,train,51415
10,61,train,75538
10,62,train,148068
10,63,train,39730
10,64,train,142005
10,65,train,76940
10,66,train,155169
10,67,train,81412
10,68,train,35189
10,69,train,55061
10,70,train,49329
10,71,train,71220
10,72,train,42379
10,73,train,103423
10,74,train,139217
10,75,train,66225
10,76,train,16144
10,77,train,88693
10,78,train,6810
10,79,train,164571
10,80,train,1773
10,81,train,138915
10,82,train,71265
10,83,train,152276
10,84,train,34329
10,85,train,155185
10,86,train,108532
10,87,train,59556
10,88,train,78329
10,89,train,84184
10,90,train,141319
10,91,train,84584
10,92,train,59402
10,93,train,40902
10,94,train,84700
10,95,train,153984
10,96,train,120477
10,97,train,55374
10,98,train,86803
10,99,train,138271
10,100,train,91878
10,101,train,24754
10,102,train,141487
10,103,train,44475
10,104,train,9672
10,105,train,139311
10,106,train,166454
10,107,train,58454
10,108,train,116076
10,109,train,75130
10,110,train,165497
10,111,train,9880
10,112,train,17648
10,113,train,85643
10,114,train,6447
10,115,train,139579
10,116,train,42880
10,117,train,1682
10,118,train,127171
10,119,train,15500
10,120,train,104000
10,121,train,15385
10,122,train,142096
10,123,train,84085
10,124,train,94566
10,125,train,105014
10,126,train,163346
10,127,train,60775
10,128,train,136618
10,129,train,155704
10,130,train,63918
10,131,train,6702
10,132,train,39382
10,133,train,113227
10,134,train,143505
10,135,train,81968
10,136,train,19465
10,137,train,85588
10,138,train,684
10,139,train,135642
10,140,train,117072
10,141,train,66528
10,142,train,124381
10,143,train,82291
10,144,train,90025
10,145,train,35681
10,146,train,12396
10,147,train,8729
10,148,train,139544
10,149,train,77496
10,150,train,149302
10,151,train,132926
10,152,train,100763
10,153,train,161070
10,154,train,31460
10,155,train,43142
10,156,train,29056
10,157,train,10099
10,158,train,42434
10,159,train,142347
10,160,train,129522
10,161,train,170180
10,162,train,119381
10,163,train,102351
10,164,train,141043
10,165,train,8641
10,166,train,93100
10,167,train,127233
10,168,train,93150
10,169,train,56315
10,170,train,72194
10,171,train,121830
10,172,train,83797
10,173,train,88557
10,174,train,59878
10,175,train,124590
10,176,train,120935
10,177,train,158511
10,178,train,23193
10,179,train,67382
10,180,train,130399
10,181,train,60248
10,182,train,55618
10,183,train,133855
10,184,train,31413
10,185,train,150602
10,186,train,18901
10,187,train,5315
10,188,train,95023
10,189,train,115978
10,190,train,79006
10,191,train,5499
10,192,train,4958
10,193,train,11115
10,194,train,99043
10,195,train,69166
10,196,train,73251
10,197,train,35819
10,198,train,144979
10,199,train,145650
11,0,train,349
11,1,train,120960
11,2,train,95420
11,3,train,16330
11,4,train,86518
11,5,train,130963
11,6,train,127879
11,7,train,149521
11,8,train,31031
11,9,train,23647
11,10,train,64760
11,11,train,141565
11,12,train,149112
11,13,train,132449
11,14,train,159565
11,15,train,116874
11,16,train,47115
11,17,train,141982
11,18,train,69374
11,19,train,141081
11,20,train,33992
11,21,train,109814
11,22,train,88075
11,23,train,144060
11,24,train,160739
11,25,train,160276
11,26,train,131948
11,27,train,161667
11,28,train,52318
11,29,train,112672
11,30,train,37706
11,31,train,97994
11,32,train,125557
11,33,train,105624
11,34,train,15000
11,35,train,106017
11,36,train,104308
11,37,train,22951
11,38,train,123651
11,39,train,16425
11,40,train,166086
11,41,train,108702
11,42,train,144838
11,43,train,104332
11,44,train,7309
11,45,train,56271
11,46,train,133064
11,47,train,6652
11,48,train,86591
11,49,train,79353
11,50,train,62490
11,51,train,81607
11,52,train,21308
11,53,train,170157
11,54,train,42227
11,55,train,74255
11,56,train,24432
11,57,train,95044
11,58,train,15811
11,59,train,138336
11,60,train,53293
11,61,train,94752
11,62,train,136036
11,63,train,29036
11,64,train,132301
11,65,train,56810
11,66,train,19502
11,67,train,122839
11,68,train,160142
11,69,train,148346
11,70,train,155569
11,71,train,32049
11,72,train,30665
11,73,train,91061
11,74,train,127193
11,75,train,76374
11,76,train,117749
11,77,train,91395
11,78,train,21885
11,79,train,79317
11,80,train,118491
11,81,train,26618
11,82,train,113262
11,83,train,55903
11,84,train,1243
11,85,train,17629
11,86,train,81338
11,87,train,160140
11,88,train,28094
11,89,train,128736
11,90,train,69965
11,91,train,152879
11,92,train,153045
11,93,train,154220
11,94,train,81729
11,95,train,112623
11,96,train,54123
11,97,train,88224
11,98,train,51526
11,99,train,89161
11,100,train,58289
11,101,train,63486
11,102,train,96897
11,103,train,86153
11,104,train,125873
11,105,train,124156
11,106,train,28865
11,107,train,10423
11,108,train,70105
11,109,train,38566
11,110,train,24647
11,111,train,59341
11,112,train,93190
11,113,train,49762
11,114,train,75456
11,115,train,96982
11,116,train,15844
11,117,train,162044
11,118,train,116455
11,119,train,152549
11,120,train,11036
11,121,train,156272
11,122,train,57382
11,123,train,80602
11,124,train,23461
11,125,train,10599
11,126,train,71850
11,127,train,159088
11,128,train,83066
11,129,train,96721
11,130,train,44727
11,131,train,73138
11,132,train,137041
11,133,train,4385
11,134,train,110784
11,135,train,150438
11,136,train,37211
11,137,train,81179
11,138,train,15384
11,139,train,143607
11,140,train,19990
11,141,train,26557
11,142,train,119511
11,143,train,68620
11,144,train,5721
11,145,train,80789
11,146,train,153050
11,147,train,150962
11,148,train,34427
11,149,train,56779
11,150,train,10729
11,151,train,8182
11,152,train,90696
11,153,train,51918
11,154,train,42707
11,155,train,11493
11,156,train,82173
11,157,train,138940
11,158,train,5230
11,159,train,33111
11,160,train,71088
11,161,train,90394
11,162,train,8439
11,163,train,154599
11,164,train,115313
11,165,train,146321
11,166,train,114042
11,167,train,151598
11,168,train,23532
11,169,train,15243
11,170,train,112444
11,171,train,47191
11,172,train,127176
11,173,train,65306
11,174,train,85960
11,175,train,83675
11,176,train,149506
11,177,train,22931
11,178,train,130096
11,179,train,4708
11,180,train,169036
11,181,train,52595
11,182,train,126214
11,183,train,166818
11,184,train,120125
11,185,train,136734
11,186,train,127787
11,187,train,25715
11,188,train,172134
11,189,train,88264
11,190,train,135303
11,191,train,96087
11,192,train,100597
11,193,train,149692
11,194,train,125143
11,195,train,61217
11,196,train,117466
11,197,train,43863
11,198,train,96487
11,199,train,168567
12,0,train,95025
12,1,train,90355
12,2,train,136608
12,3,train,167354
12,4,train,171180
12,5,train,121920
12,6,train,50953
12,7,train,87326
12,8,train,24151
12,9,train,160528
12,10,train,5490
12,11,train,41333
12,12,train,90416
12,13,train,128163
12,14,train,155751
12,15,train,103641
12,16,train,92250
12,17,train,32712
12,18,train,7483
12,19,train,138907
12,20,train,108875
12,21,train,95689
12,22,train,65892
12,23,train,86908
12,24,train,81053
12,25,train,171033
12,26,train,88431
12,27,train,16969
12,28,train,53283
12,29,train,85363
12,30,train,41516
12,31,train,42480
12,32,train,56705
12,33,train,124519
12,34,train,92105
12,35,train,46851
12,36,train,132358
12,37,train,135314
12,38,train,46293
12,39,train,12096
12,40,train,156137
12,41,train,122627
12,42,train,37473
12,43,train,7227
12,44,train,133082
12,45,train,154617
12,46,train,43667
12,47,train,88643
12,48,train,125980
12,49,train,99173
12,50,train,56963
12,51,train,129849
12,52,train,33415
12,53,train,135349
12,54,train,126018
12,55,train,7851
12,56,train,94015
12,57,train,163419
12,58,train,140342
12,59,train,16305
12,60,train,63803
12,61,train,43122
12,62,train,118421
12,63,train,109790
12,64,train,14212
12,65,train,108955
12,66,train,120389
12,67,train,150219
12,68,train,59542
12,69,train,156600
12,70,train,107804
12,71,train,160862
12,72,train,48991
12,73,train,90856
12,74,train,29756
12,75,train,122224
12,76,train,134987
12,77,train,3504
12,78,train,149079
12,79,train,132394
12,80,train,56301
12,81,train,59341
12,82,train,167769
12,83,train,108062
12,84,train,92979
12,85,train,20557
12,86,train,170251
12,87,train,69089
12,88,train,132730
12,89,train,123885
12,90,train,133477
12,91,train,29944
12,92,train,139545
12,93,train,57745
12,94,train,168872
12,95,train,141932
12,96,train,98146
12,97,train,55246
12,98,train,120527
12,99,train,71811
12,100,train,103625
12,101,train,105701
12,102,train,23170
12,103,train,76090
12,104,train,157634
12,105,train,156339
12,106,train,62100
12,107,train,11396
12,108,train,144545
12,109,train,146694
12,110,train,99686
12,111,train,170668
12,112,train,155135
12,113,train,61644
12,114,train,102493
12,115,train,79748
12,116,train,24842
12,117,train,162951
12,118,train,41330
12,119,train,29087
12,120,train,143844
12,121,train,103433
12,122,train,96325
12,123,train,113840
12,124,train,48457
12,125,train,117014
12,126,train,136728
12,127,train,57381
12,128,train,170637
12,129,train,37739
12,130,train,70969
12,131,train,145996
12,132,train,24633
12,133,train,154559
12,134,train,171563
12,135,train,100733
12,136,train,48904
12,137,train,4607
12,138,train,57202
12,139,train,16858
12,140,train,40227
12,141,train,166511
12,142,train,158774
12,143,train,118626
12,144,train,5427
12,145,train,42646
12,146,train,97921
12,147,train,70484
12,148,train,167849
12,149,train,2136
12,150,train,95173
12,151,train,128521
12,152,train,73990
12,153,train,170205
12,154,train,63608
12,155,train,65363
12,156,train,80691
12,157,train,126988
12,158,train,20501
12,159,train,124397
12,160,train,119816
12,161,train,159072
12,162,train,17689
12,163,train,163740
12,164,train,5920
12,165,train,13708
12,166,train,87812
12,167,train,53395
12,168,train,81883
12,169,train,103544
12,170,train,124575
12,171,train,44590
12,172,train,101785
12,173,train,66456
12,174,train,144376
12,175,train,138703
12,176,train,28644
12,177,train,155858
12,178,train,51265
12,179,train,104912
12,180,train,61446
12,181,train,55771
12,182,train,37476
12,183,train,90939
12,184,train,69196
12,185,train,84362
12,186,train,76524
12,187,train,109607
12,188,train,10222
12,189,train,58032
12,190,train,37947
12,191,train,98271
12,192,train,155733
12,193,train,57252
12,194,train,79550
12,195,train,70198
12,196,train,133112
12,197,train,144134
12,198,train,69467
12,199,train,139770
13,0,train,117496
13,1,train,42150
13,2,train,130121
13,3,train,136204
13,4,train,98744
13,5,train,128277
13,6,train,62595
13,7,train,94298
13,8,train,51603
13,9,train,42652
13,10,train,71875
13,11,train,142522
13,12,train,56944
13,13,train,162489
13,14,train,149972
13,15,train,71080
13,16,train,7461
13,17,train,93394
13,18,train,17146
13,19,train,101338
13,20,train,139238
13,21,train,94765
13,22,train,104009
13,23,train,152219
13,24,train,160642
13,25,train,87523
13,26,train,73066
13,27,train,34516
13,28,train,112986
13,29,train,45348
13,30,train,122834
13,31,train,31320
13,32,train,15466
13,33,train,121701
13,34,train,51228
13,35,train,72132
13,36,train,147461
13,37,train,118169
13,38,train,88256
13,39,train,55690
13,40,train,18881
13,41,train,40298
13,42,train,47406
13,43,train,137255
13,44,train,96661
13,45,train,136265
13,46,train,139363
13,47,train,153837
13,48,train,132664
13,49,train,163012
13,50,train,13259
13,51,train,97626
13,52,train,29598
13,53,train,70090
13,54,train,93842
13,55,train,73665
13,56,train,29822
13,57,train,119046
13,58,train,51985
13,59,train,9998
13,60,train,118380
13,61,train,58680
13,62,train,114737
13,63,train,58127
13,64,train,161416
13,65,train,58702
13,66,train,171578
13,67,train,115848
13,68,train,127977
13,69,train,164777
13,70,train,91923
13,71,train,79578
13,72,train,121421
13,73,train,86910
13,74,train,23015
13,75,train,59318
13,76,train,102264
13,77,train,25599
13,78,train,118878
13,79,train,160843
13,80,train,133900
13,81,train,55028
13,82,train,2872
13,83,train,15106
13,84,train,159971
13,85,train,37546
13,86,train,80249
13,87,train,16647
13,88,train,85960
13,89,train,16869
13,90,train,14863
13,91,train,55694
13,92,train,24446
13,93,train,71763
13,94,train,114379
13,95,train,56269
13,96,train,24760
13,97,train,92261
13,98,train,102685
13,99,train,152552
13,100,train,2974
13,101,train,45891
13,102,train,58863
13,103,train,106099
13,104,train,136433
13,105,train,77440
13,106,train,135850
13,107,train,51608
13,108,train,45514
13,109,train,59924
13,110,train,79901
13,111,train,141856
13,112,train,169797
13,113,train,122140
13,114,train,19709
13,115,train,118397
13,116,train,32321
13,117,train,34443
13,118,train,33428
13,119,train,158433
13,120,train,37364
13,121,train,67987
13,122,train,87680
13,123,train,60849
13,124,train,10692
13,125,train,169745
13,126,train,108229
13,127,train,137188
13,128,train,70191
13,129,train,30172
13,130,train,60740
13,131,train,89784
13,132,train,46489
13,133,train,123174
13,134,train,21831
13,135,train,140994
13,136,train,40720
13,137,train,6728
13,138,train,168490
13,139,train,1377
13,140,train,170547
13,141,train,29798
13,142,train,87515
13,143,train,73177
13,144,train,73003
13,145,train,164579
13,146,train,90934
13,147,train,59792
13,148,train,153911
13,149,train,151815
13,150,train,15117
13,151,train,168631
13,152,train,152468
13,153,train,72887
13,154,train,35942
13,155,train,161290
13,156,train,36862
13,157,train,170069
13,158,train,54028
13,159,train,93070
13,160,train,102190
13,161,train,76051
13,162,train,162779
13,163,train,19892
13,164,train,6387
13,165,train,76970
13,166,train,7886
13,167,train,125813
13,168,train,12951
13,169,train,73283
13,170,train,16885
13,171,train,53904
13,172,train,160460
13,173,train,137199
13,174,train,147864
13,175,train,157399
13,176,train,20528
13,177,train,67440
13,178,train,46008
13,179,train,99966
13,180,train,36797
13,181,train,155749
13,182,train,152924
13,183,train,60307
13,184,train,123504
13,185,train,134795
13,186,train,16735
13,187,train,103543
13,188,train,152190
13,189,train,21977
13,190,train,124641
13,191,train,77062
13,192,train,79546
13,193,train,131970
13,194,train,8547
13,195,train,1404
13,196,train,61812
13,197,train,101487
13,198,train,4232
13,199,train,71770
14,0,train,50319
14,1,train,169160
14,2,train,17321
14,3,train,114722
14,4,train,110398
14,5,train,112154
14,6,train,23312
14,7,train,89728
14,8,train,86231
14,9,train,111768
14,10,train,57284
14,11,train,57128
14,12,train,140001
14,13,train,46302
14,14,train,140422
14,15,train,9138
14,16,train,93173
14,17,train,147641
14,18,train,163658
14,19,train,122146
14,20,train,132250
14,21,train,126859
14,22,train,91278
14,23,train,4478
14,24,train,106370
14,25,train,61464
14,26,train,165288
14,27,train,47890
14,28,train,109090
14,29,train,81043
14,30,train,141519
14,31,train,81009
14,32,train,130404
14,33,train,84943
14,34,train,81615
14,35,train,72774
14,36,train,140163
14,37,train,84186
14,38,train,35699
14,39,train,129535
14,40,train,121832
14,41,train,56273
14,42,train,82875
14,43,train,98446
14,44,train,111827
14,45,train,125212
14,46,train,84693
14,47,train,84628
14,48,train,156462
14,49,train,12775
14,50,train,49931
14,51,train,78953
14,52,train,37168
14,53,train,114716
14,54,train,138190
14,55,train,89650
14,56,train,23600
14,57,train,52831
14,58,train,76157
14,59,train,126624
14,60,train,135243
14,61,train,57288
14,62,train,102575
14,63,train,63472
14,64,train,141676
14,65,train,159584
14,66,train,156585
14,67,train,78827
14,68,train,48478
14,69,train,77884
14,70,train,138620
14,71,train,109069
14,72,train,52933
14,73,train,28298
14,74,train,121685
14,75,train,58798
14,76,train,171321
14,77,train,165196
14,78,train,44527
14,79,train,165591
14,80,train,100120
14,81,train,5569
14,82,train,141364
14,83,train,132054
14,84,train,38850
14,85,train,80065
14,86,train,102541
14,87,train,131130
14,88,train,21085
14,89,train,82142
14,90,train,116785
14,91,train,99486
14,92,train,163058
14,93,train,23791
14,94,train,1779
14,95,train,27866
14,96,train,105237
14,97,train,78355
14,98,train,54601
14,99,train,80395
14,100,train,9369
14,101,train,57965
14,102,train,11930
14,103,train,109663
14,104,train,36710
14,105,train,155507
14,106,train,20275
14,107,train,31659
14,108,train,166672
14,109,train,75963
14,110,train,102357
14,111,train,54973
14,112,train,14422
14,113,train,74064
14,114,train,101471
14,115,train,23692
14,116,train,46633
14,117,train,30545
14,118,train,67626
14,119,train,131241
14,120,train,88529
14,121,train,80299
14,122,train,61318
14,123,train,31135
14,124,train,63027
14,125,train,89417
14,126,train,103849
14,127,train,140308
14,128,train,83984
14,129,train,170365
14,130,train,138926
14,131,train,58351
14,132,train,129112
14,133,train,75486
14,134,train,95535
14,135,train,67925
14,136,train,55111
14,137,train,152088
14,138,train,56438
14,139,train,102698
14,140,train,45369
14,141,train,148495
14,142,train,127395
14,143,train,99011
14,144,train,50543
14,145,train,94889
14,146,train,156027
14,147,train,105845
14,148,train,96335
14,149,train,160988
14,150,train,109601
14,151,train,102141
14,152,train,165188
14,153,train,89199
14,154,train,148340
14,155,train,48344
14,156,train,2443
14,157,train,157226
14,158,train,43872
14,159,train,9875
14,160,train,115387
14,161,train,139514
14,162,train,82008
14,163,train,168799
14,164,train,142779
14,165,train,161359
14,166,train,73998
14,167,train,151847
14,168,train,111610
14,169,train,33676
14,170,train,59241
14,171,train,151515
14,172,train,101897
14,173,train,42701
14,174,train,89321
14,175,train,40615
14,176,train,158313
14,177,train,87429
14,178,train,106019
14,179,train,95060
14,180,train,140435
14,181,train,121636
14,182,train,161970
14,183,train,79954
14,184,train,23524
14,185,train,112841
14,186,train,52
14,187,train,112938
14,188,train,31603
14,189,train,32326
14,190,train,49679
14,191,train,92320
14,192,train,169865
14,193,train,155128
14,194,train,118764
14,195,train,152378
14,196,train,69907
14,197,train,148413
14,198,train,118241
14,199,train,47686
15,0,train,32047
15,1,train,127674
15,2,train,137008
15,3,train,146657
15,4,train,134300
15,5,train,63234
15,6,train,8468
15,7,train,77172
15,8,train,9700
15,9,train,157626
15,10,train,141316
15,11,train,119809
15,12,train,17173
15,13,train,17328
15,14,train,95933
15,15,train,123136
15,16,train,80928
15,17,train,91356
15,18,train,128269
15,19,train,100420
15,20,train,14572
15,21,train,153065
15,22,train,46129
15,23,train,81575
15,24,train,125461
15,25,train,1251
15,26,train,71704
15,27,train,108425
15,28,train,17858
15,29,train,49726
15,30,train,72844
15,31,train,141769
15,32,train,25533
15,33,train,56226
15,34,train,141314
15,35,train,108349
15,36,train,81941
15,37,train,141148
15,38,train,55946
15,39,train,159413
15,40,train,26145
15,41,train,130632
15,42,train,72057
15,43,train,131196
15,44,train,149123
15,45,train,82778
15,46,train,38063
15,47,train,46282
15,48,train,25939
15,49,train,117069
15,50,train,135571
15,51,train,169426
15,52,train,127824
15,53,train,86329
15,54,train,102645
15,55,train,128662
15,56,train,43515
15,57,train,149137
15,58,train,60803
15,59,train,43933
15,60,train,44446
15,61,train,21971
15,62,train,158610
15,63,train,76431
15,64,train,134774
15,65,train,171801
15,66,train,6733
15,67,train,35330
15,68,train,53733
15,69,train,119607
15,70,train,71068
15,71,train,64190
15,72,train,78982
15,73,train,10700
15,74,train,170251
15,75,train,122977
15,76,train,141466
15,77,train,33385
15,78,train,102911
15,79,train,27324
15,80,train,24633
15,81,train,159842
15,82,train,42305
15,83,train,823
15,84,train,147320
15,85,train,75345
15,86,train,111619
15,87,train,68238
15,88,train,77686
15,89,train,100068
15,90,train,19475
15,91,train,79490
15,92,train,136207
15,93,train,145541
15,94,train,33813
15,95,train,31128
15,96,train,107201
15,97,train,143862
15,98,train,114276
15,99,train,111279
15,100,train,20319
15,101,train,105916
15,102,train,140885
15,103,train,130831
15,104,train,34303
15,105,train,14776
15,106,train,89421
15,107,train,31917
15,108,train,126819
15,109,train,168430
15,110,train,25732
15,111,train,159641
15,112,train,151784
15,113,train,10205
15,114,train,106486
15,115,train,110571
15,116,train,47434
15,117,train,166596
15,118,train,71106
15,119,train,85281
15,120,train,26756
15,121,train,88477
15,122,train,140440
15,123,train,78806
15,124,train,153910
15,125,train,24486
15,126,train,116596
15,127,train,83955
15,128,train,5055
15,129,train,122730
15,130,train,132801
15,131,train,101457
15,132,train,106681
15,133,train,131759
15,134,train,51809
15,135,train,18484
15,136,train,148397
15,137,train,164006
15,138,train,59689
15,139,train,11020
15,140,train,110364
15,141,train,84662
15,142,train,104003
15,143,train,56846
15,144,train,160078
15,145,train,139813
15,146,train,96583
15,147,train,13336
15,148,train,115709
15,149,train,94381
15,150,train,9393
15,151,train,75526
15,152,train,145968
15,153,train,37219
15,154,train,121127
15,155,train,32890
15,156,train,131421
15,157,train,29685
15,158,train,14226
15,159,train,11251
15,160,train,66907
15,161,train,70403
15,162,train,132519
15,163,train,30630
15,164,train,37481
15,165,train,3287
15,166,train,70433
15,167,train,133861
15,168,train,38451
15,169,train,56978
15,170,train,51863
15,171,train,23829
15,172,train,7850
15,173,train,165954
15,174,train,50864
15,175,train,147595
15,176,train,65161
15,177,train,12462
15,178,train,2435
15,179,train,38579
15,180,train,32965
15,181,train,99203
15,182,train,135643
15,183,train,5497
15,184,train,95516
15,185,train,17024
15,186,train,165781
15,187,train,125137
15,188,train,100418
15,189,train,35426
15,190,train,25911
15,191,train,159003
15,192,train,5556
15,193,train,131127
15,194,train,156685
15,195,train,89818
15,196,train,93440
15,197,train,47414
15,198,train,122386
15,199,train,149371
16,0,train,141819
16,1,train,19738
16,2,train,4220
16,3,train,140420
16,4,train,56390
16,5,train,111727
16,6,train,94962
16,7,train,125129
16,8,train,86156
16,9,train,118970
16,10,train,171929
16,11,train,48944
16,12,train,93617
16,13,train,94315
16,14,train,153594
16,15,train,57032
16,16,train,158356
16,17,train,19273
16,18,train,119594
16,19,train,133581
16,20,train,29281
16,21,train,103424
16,22,train,113821
16,23,train,4161
16,24,train,113364
16,25,train,113680
16,26,train,71195
16,27,train,95164
16,28,train,140796
16,29,train,18268
16,30,train,112269
16,31,train,119957
16,32,train,70685
16,33,train,20650
16,34,train,124277
16,35,train,57069
16,36,train,34857
16,37,train,113938
16,38,train,86432
16,39,train,114744
16,40,train,95940
16,41,train,109909
16,42,train,53473
16,43,train,135380
16,44,train,96173
16,45,train,141022
16,46,train,11939
16,47,train,149151
16,48,train,71215
16,49,train,109444
16,50,train,105607
16,51,train,51736
16,52,train,136241
16,53,train,771
16,54,train,63618
16,55,train,139649
16,56,train,33863
16,57,train,14373
16,58,train,105109
16,59,train,148791
16,60,train,131621
16,61,train,29255
16,62,train,6411
16,63,train,110733
16,64,train,158684
16,65,train,48215
16,66,train,111164
16,67,train,113100
16,68,train,128451
16,69,train,41440
16,70,train,49247
16,71,train,98403
16,72,train,91686
16,73,train,124263
16,74,train,56295
16,75,train,93035
16,76,train,118959
16,77,train,46556
16,78,train,28176
16,79,train,42511
16,80,train,89199
16,81,train,87905
16,82,train,152861
16,83,train,109903
16,84,train,79292
16,85,train,54346
16,86,train,97715
16,87,train,163009
16,88,train,74605
16,89,train,15240
16,90,train,52422
16,91,train,38343
16,92,train,29015
16,93,train,89694
16,94,train,23076
16,95,train,86064
16,96,train,117213
16,97,train,105604
16,98,train,166885
16,99,train,22386
16,100,train,7539
16,101,train,91358
16,102,train,36617
16,103,train,117579
16,104,train,143109
16,105,train,101456
16,106,train,100364
16,107,train,126853
16,108,train,142773
16,109,train,35278
16,110,train,99743
16,111,train,112361
16,112,train,16772
16,113,train,10453
16,114,train,56515
16,115,train,29160
16,116,train,139418
16,117,train,130745
16,118,train,56257
16,119,train,2953
16,120,train,124571
16,121,train,147640
16,122,train,25489
16,123,train,4157
16,124,train,128022
16,125,train,3076
16,126,train,54275
16,127,train,118575
16,128,train,114559
16,129,train,141226
16,130,train,112508
16,131,train,65801
16,132,train,163165
16,133,train,50841
16,134,train,110621
16,135,train,148155
16,136,train,69314
16,137,train,61261
16,138,train,81045
16,139,train,118140
16,140,train,67450
16,141,train,169278
16,142,train,38331
16,143,train,8005
16,144,train,74843
16,145,train,81554
16,146,train,171953
16,147,train,2507
16,148,train,83510
16,149,train,27905
16,150,train,29068
16,151,train,10052
16,152,train,126212
16,153,train,80782
16,154,train,132417
16,155,train,31411
16,156,train,50266
16,157,train,53950
16,158,train,9310
16,159,train,120880
16,160,train,41198
16,161,train,9288
16,162,train,70882
16,163,train,32015
16,164,train,54771
16,165,train,110010
16,166,train,65319
16,167,train,20778
16,168,train,168292
16,169,train,20013
16,170,train,36917
16,171,train,38601
16,172,train,56471
16,173,train,18028
16,174,train,77053
16,175,train,68834
16,176,train,3207
16,177,train,134072
16,178,train,87171
16,179,train,170054
16,180,train,41400
16,181,train,99027
16,182,train,87723
16,183,train,49820
16,184,train,79694
16,185,train,167906
16,186,train,14789
16,187,train,171201
16,188,train,54441
16,189,train,35854
16,190,train,3793
16,191,train,61048
16,192,train,138350
16,193,train,93201
16,194,train,113573
16,195,train,109133
16,196,train,58266
16,197,train,33963
16,198,train,8803
16,199,train,140421
17,0,train,112299
17,1,train,143195
17,2,train,160457
17,3,train,58239
17,4,train,23973
17,5,train,13337
17,6,train,133654
17,7,train,79539
17,8,train,142768
17,9,train,13294
17,10,train,100282
17,11,train,47784
17,12,train,116723
17,13,train,30671
17,14,train,72139
17,15,train,164524
17,16,train,119841
17,17,train,65359
17,18,train,50618
17,19,train,97026
17,20,train,40945
17,21,train,16932
17,22,train,54705
17,23,train,28103
17,24,train,114800
17,25,train,26436
17,26,train,139887
17,27,train,4786
17,28,train,39958
17,29,train,137725
17,30,train,125429
17,31,train,77252
17,32,train,30341
17,33,train,133513
17,34,train,27697
17,35,train,34905
17,36,train,102517
17,37,train,15215
17,38,train,156432
17,39,train,156397
17,40,train,72273
17,41,train,31044
17,42,train,156783
17,43,train,96231
17,44,train,43040
17,45,train,73538
17,46,train,4023
17,47,train,147878
17,48,train,156994
17,49,train,169101
17,50,train,158569
17,51,train,30508
17,52,train,61924
17,53,train,65459
17,54,train,7742
17,55,train,56999
17,56,train,53110
17,57,train,22023
17,58,train,43638
17,59,train,70108
17,60,train,107669
17,61,train,31484
17,62,train,92536
17,63,train,25704
17,64,train,147828
17,65,train,7495
17,66,train,4612
17,67,train,62252
17,68,train,151141
17,69,train,124233
17,70,train,142225
17,71,train,34425
17,72,train,116350
17,73,train,142740
17,74,train,33304
17,75,train,90712
17,76,train,53287
17,77,train,107415
17,78,train,88648
17,79,train,155279
17,80,train,37157
17,81,train,83531
17,82,train,80577
17,83,train,37485
17,84,train,153878
17,85,train,161635
17,86,train,21165
17,87,train,123164
17,88,train,18306
17,89,train,6771
17,90,train,89857
17,91,train,7296
17,92,train,170018
17,93,train,160006
17,94,train,73435
17,95,train,5370
17,96,train,67184
17,97,train,27287
17,98,train,52960
17,99,train,37839
17,100,train,27735
17,101,train,68847
17,102,train,54912
17,103,train,124935
17,104,train,25208
17,105,train,166620
17,106,train,85720
17,107,train,100072
17,108,train,156583
17,109,train,144324
17,110,train,57752
17,111,train,55468
17,112,train,4434
17,113,train,67423
17,114,train,53580
17,115,train,84763
17,116,train,69722
17,117,train,106781
17,118,train,90064
17,119,train,25328
17,120,train,131519
17,121,train,134212
17,122,train,140028
17,123,train,119610
17,124,train,157315
17,125,train,105312
17,126,train,125987
17,127,train,67764
17,128,train,54785
17,129,train,6153
17,130,train,164054
17,131,train,114235
17,132,train,11131
17,133,train,311
17,134,train,66029
17,135,train,92556
17,136,train,105809
17,137,train,153316
17,138,train,79244
17,139,train,84733
17,140,train,64551
17,141,train,94625
17,142,train,90220
17,143,train,38458
17,144,train,51219
17,145,train,87610
17,146,train,41056
17,147,train,171231
17,148,train,161956
17,149,train,61760
17,150,train,108071
17,151,train,9590
17,152,train,159873
17,153,train,23764
17,154,train,68693
17,155,train,146831
17,156,train,169686
17,157,train,2018
17,158,train,34183
17,159,train,161264
17,160,train,104236
17,161,train,81713
17,162,train,107527
17,163,train,134887
17,164,train,31216
17,165,train,41204
17,166,train,57883
17,167,train,45835
17,168,train,166234
17,169,train,109577
17,170,train,148518
17,171,train,34940
17,172,train,149276
17,173,train,77601
17,174,train,133972
17,175,train,17569
17,176,train,73727
17,177,train,43740
17,178,train,25501
17,179,train,33896
17,180,train,23833
17,181,train,136488
17,182,train,21927
17,183,train,80242
17,184,train,38560
17,185,train,90438
17,186,train,161185
17,187,train,15026
17,188,train,42478
17,189,train,167329
17,190,train,48086
17,191,train,119114
17,192,train,61707
17,193,train,123741
17,194,train,102417
17,195,train,150858
17,196,train,105230
17,197,train,111722
17,198,train,168698
17,199,train,19857
18,0,train,167619
18,1,train,168617
18,2,train,27418
18,3,train,68320
18,4,train,41803
18,5,train,140980
18,6,train,60990
18,7,train,98104
18,8,train,158607
18,9,train,112171
18,10,train,87304
18,11,train,46754
18,12,train,129950
18,13,train,108862
18,14,train,68893
18,15,train,28102
18,16,train,57860
18,17,train,83322
18,18,train,122194
18,19,train,57512
18,20,train,20955
18,21,train,81243
18,22,train,21488
18,23,train,102515
18,24,train,137967
18,25,train,49501
18,26,train,62433
18,27,train,63479
18,28,train,92321
18,29,train,64942
18,30,train,128647
18,31,train,92979
18,32,train,165168
18,33,train,7243
18,34,train,84792
18,35,train,64660
18,36,train,151313
18,37,train,38788
18,38,train,33551
18,39,train,129693
18,40,train,151029
18,41,train,42178
18,42,train,89617
18,43,train,142764
18,44,train,104267
18,45,train,72047
18,46,train,8726
18,47,train,23500
18,48,train,121413
18,49,train,66700
18,50,train,16765
18,51,train,37981
18,52,train,24321
18,53,train,63941
18,54,train,157347
18,55,train,62870
18,56,train,62987
18,57,train,160434
18,58,train,145984
18,59,train,101688
18,60,train,29279
18,61,train,24428
18,62,train,127532
18,63,train,5645
18,64,train,75907
18,65,train,71466
18,66,train,67615
18,67,train,167503
18,68,train,68887
18,69,train,47988
18,70,train,161067
18,71,train,64187
18,72,train,21291
18,73,train,91958
18,74,train,141275
18,75,train,96575
18,76,train,106121
18,77,train,23026
18,78,train,144188
18,79,train,18598
18,80,train,98366
18,81,train,54701
18,82,train,146589
18,83,train,167451
18,84,train,71390
18,85,train,116890
18,86,train,54633
18,87,train,162246
18,88,train,70239
18,89,train,83573
18,90,train,164452
18,91,train,88713
18,92,train,162156
18,93,train,5402
18,94,train,22489
18,95,train,159307
18,96,train,171267
18,97,train,159985
18,98,train,77733
18,99,train,27594
18,100,train,171962
18,101,train,60607
18,102,train,136965
18,103,train,93319
18,104,train,90301
18,105,train,91642
18,106,train,40110
18,107,train,134193
18,108,train,57868
18,109,train,159893
18,110,train,22280
18,111,train,33723
18,112,train,162286
18,113,train,143429
18,114,train,165291
18,115,train,17654
18,116,train,93315
18,117,train,121324
18,118,train,160077
18,119,train,170848
18,120,train,78533
18,121,train,166661
18,122,train,137985
18,123,train,97330
18,124,train,76907
18,125,train,153989
18,126,train,7198
18,127,train,146614
18,128,train,89380
18,129,train,40869
18,130,train,12226
18,131,train,90346
18,132,train,136819
18,133,train,39241
18,134,train,130961
18,135,train,159347
18,136,train,142633
18,137,train,100087
18,138,train,165266
18,139,train,154751
18,140,train,67243
18,141,train,21715
18,142,train,45884
18,143,train,13380
18,144,train,65449
18,145,train,115996
18,146,train,133391
18,147,train,153681
18,148,train,93426
18,149,train,106847
18,150,train,171055
18,151,train,30594
18,152,train,72860
18,153,train,79657
18,154,train,163057
18,155,train,70340
18,156,train,26556
18,157,train,141063
18,158,train,123428
18,159,train,49318
18,160,train,47956
18,161,train,29464
18,162,train,80973
18,163,train,93144
18,164,train,7372
18,165,train,98052
18,166,train,97882
18,167,train,47959
18,168,train,4522
18,169,train,57119
18,170,train,80507
18,171,train,111518
18,172,train,36735
18,173,train,134230
18,174,train,12346
18,175,train,69202
18,176,train,35497
18,177,train,65046
18,178,train,11172
18,179,train,102397
18,180,train,75312
18,181,train,143390
18,182,train,171813
18,183,train,160366
18,184,train,137627
18,185,train,123210
18,186,train,127817
18,187,train,72040
18,188,train,12804
18,189,train,37468
18,190,train,138714
18,191,train,113676
18,192,train,5119
18,193,train,139387
18,194,train,43328
18,195,train,105437
18,196,train,37523
18,197,train,156665
18,198,train,31501
18,199,train,14880
19,0,train,95410
19,1,train,121122
19,2,train,57399
19,3,train,43623
19,4,train,2970
19,5,train,128043
19,6,train,38269
19,7,train,16554
19,8,train,97400
19,9,train,27224
19,10,train,53628
19,11,train,10447
19,12,train,103588
19,13,train,10284
19,14,train,160399
19,15,train,63666
19,16,train,4415
19,17,train,72515
19,18,train,144234
19,19,train,132220
19,20,train,139187
19,21,train,28643
19,22,train,6060
19,23,train,38517
19,24,train,150708
19,25,train,69206
19,26,train,161522
19,27,train,108325
19,28,train,94596
19,29,train,99228
19,30,train,39073
19,31,train,57850
19,32,train,55043
19,33,train,25484
19,34,train,90059
19,35,train,68075
19,36,train,160633
19,37,train,111608
19,38,train,137558
19,39,train,97729
19,40,train,137724
19,41,train,131610
19,42,train,59010
19,43,train,163517
19,44,train,154421
19,45,train,103457
19,46,train,70102
19,47,train,142065
19,48,train,139771
19,49,train,20497
19,50,train,54821
19,51,train,16862
19,52,train,24099
19,53,train,1449
19,54,train,124768
19,55,train,36393
19,56,train,157711
19,57,train,116130
19,58,train,102397
19,59,train,88984
19,60,train,9954
19,61,train,90573
19,62,train,144652
19,63,train,108089
19,64,train,53698
19,65,train,154682
19,66,train,72989
19,67,train,171260
19,68,train,135836
19,69,train,131667
19,70,train,46252
19,71,train,44549
19,72,train,58188
19,73,train,150104
19,74,train,130654
19,75,train,128442
19,76,train,131130
19,77,train,122583
19,78,train,41105
19,79,train,25785
19,80,train,162758
19,81,train,115211
19,82,train,44614
19,83,train,44875
19,84,train,108300
19,85,train,36092
19,86,train,1994
19,87,train,78242
19,88,train,132526
19,89,train,43739
19,90,train,160717
19,91,train,7882
19,92,train,54576
19,93,train,105904
19,94,train,42943
19,95,train,43548
19,96,train,21274
19,97,train,111426
19,98,train,97560
19,99,train,13029
19,100,train,47628
19,101,train,128634
19,102,train,158558
19,103,train,162089
19,104,train,128088
19,105,train,34617
19,106,train,147003
19,107,train,140766
19,108,train,20301
19,109,train,20043
19,110,train,115197
19,111,train,66937
19,112,train,69784
19,113,train,131716
19,114,train,57999
19,115,train,18475
19,116,train,84418
19,117,train,137917
19,118,train,78858
19,119,train,17580
19,120,train,169611
19,121,train,149785
19,122,train,63009
19,123,train,169575
19,124,train,63870
19,125,train,119546
19,126,train,158972
19,127,train,96165
19,128,train,32594
19,129,train,84114
19,130,train,21179
19,131,train,3093
19,132,train,139550
19,133,train,121905
19,134,train,75988
19,135,train,99706
19,136,train,52085
19,137,train,44761
19,138,train,21210
19,139,train,162675
19,140,train,61906
19,141,train,139159
19,142,train,129717
19,143,train,170066
19,144,train,169832
19,145,train,78777
19,146,train,148764
19,147,train,90850
19,148,train,141002
19,149,train,29909
19,150,train,148666
19,151,train,17402
19,152,train,154633
19,153,train,149967
19,154,train,163931
19,155,train,58637
19,156,train,50543
19,157,train,59081
19,158,train,19328
19,159,train,156292
19,160,train,151201
19,161,train,120872
19,162,train,134635
19,163,train,135913
19,164,train,90019
19,165,train,133258
19,166,train,9019
19,167,train,58590
19,168,train,38183
19,169,train,48459
19,170,train,97446
19,171,train,121917
19,172,train,35608
19,173,train,91015
19,174,train,45944
19,175,train,6160
19,176,train,155437
19,177,train,94827
19,178,train,75326
19,179,train,2900
19,180,train,107439
19,181,train,127964
19,182,train,170888
19,183,train,148325
19,184,train,159317
19,185,train,127034
19,186,train,171320
19,187,train,136224
19,188,train,146557
19,189,train,111419
19,190,train,61875
19,191,train,10315
19,192,train,19969
19,193,train,160694
19,194,train,137451
19,195,train,19259
19,196,train,124825
19,197,train,78430
19,198,train,126683
19,199,train,71858
20,0,train,145776
20,1,train,79237
20,2,train,89644
20,3,train,1740
20,4,train,56266
20,5,train,47909
20,6,train,28170
20,7,train,36883
20,8,train,10521
20,9,train,32715
20,10,train,97512
20,11,train,130853
20,12,train,39563
20,13,train,155482
20,14,train,5619
20,15,train,122770
20,16,train,39041
20,17,train,164771
20,18,train,58507
20,19,train,161366
20,20,train,153090
20,21,train,142618
20,22,train,5583
20,23,train,72529
20,24,train,5757
20,25,train,147381
20,26,train,139199
20,27,train,118326
20,28,train,73786
20,29,train,37335
20,30,train,142778
20,31,train,157275
20,32,train,118489
20,33,train,71702
20,34,train,61192
20,35,train,74602
20,36,train,141165
20,37,train,47002
20,38,train,53446
20,39,train,41212
20,40,train,163000
20,41,train,90295
20,42,train,11009
20,43,train,79586
20,44,train,16096
20,45,train,78615
20,46,train,47424
20,47,train,158510
20,48,train,64067
20,49,train,167727
20,50,train,93000
20,51,train,29311
20,52,train,97453
20,53,train,24890
20,54,train,76370
20,55,train,3075
20,56,train,39808
20,57,train,49144
20,58,train,73737
20,59,train,102475
20,60,train,76008
20,61,train,105098
20,62,train,157039
20,63,train,21842
20,64,train,1998
20,65,train,158014
20,66,train,132228
20,67,train,24806
20,68,train,8244
20,69,train,22491
20,70,train,16677
20,71,train,80408
20,72,train,96149
20,73,train,55812
20,74,train,156687
20,75,train,140344
20,76,train,102706
20,77,train,102068
20,78,train,102376
20,79,train,2469
20,80,train,89396
20,81,train,84719
20,82,train,54221
20,83,train,73258
20,84,train,139111
20,85,train,114297
20,86,train,62704
20,87,train,79445
20,88,train,126165
20,89,train,123292
20,90,train,68634
20,91,train,14095
20,92,train,123588
20,93,train,130277
20,94,train,22428
20,95,train,38690
20,96,train,125147
20,97,train,21805
20,98,train,161738
20,99,train,154617
20,100,train,69708
20,101,train,134083
20,102,train,60896
20,103,train,51782
20,104,train,109313
20,105,train,43784
20,106,train,115477
20,107,train,159472
20,108,train,32274
20,109,train,7520
20,110,train,140280
20,111,train,124817
20,112,train,88642
20,113,train,51791
20,114,train,133326
20,115,train,161686
20,116,train,16640
20,117,train,140657
20,118,train,78993
20,119,train,92796
20,120,train,121740
20,121,train,128116
20,122,train,163134
20,123,train,36415
20,124,train,14288
20,125,train,116359
20,126,train,114144
20,127,train,37229
20,128,train,42572
20,129,train,35921
20,130,train,18237
20,131,train,41725
20,132,train,170298
20,133,train,52219
20,134,train,32587
20,135,train,74584
20,136,train,5576
20,137,train,58135
20,138,train,726
20,139,train,23391
20,140,train,146579
20,141,train,99773
20,142,train,157215
20,143,train,148054
20,144,train,131615
20,145,train,155673
20,146,train,124983
20,147,train,87689
20,148,train,87164
20,149,train,66455
20,150,train,134333
20,151,train,15986
20,152,train,44648
20,153,train,167810
20,154,train,11940
20,155,train,144933
20,156,train,44104
20,157,train,62790
20,158,train,42402
20,159,train,18355
20,160,train,162918
20,161,train,42075
20,162,train,8481
20,163,train,154997
20,164,train,128093
20,165,train,2465
20,166,train,68286
20,167,train,44130
20,168,train,161126
20,169,train,44665
20,170,train,171356
20,171,train,19145
20,172,train,15625
20,173,train,141288
20,174,train,80843
20,175,train,161586
20,176,train,65970
20,177,train,71824
20,178,train,131323
20,179,train,83860
20,180,train,72528
20,181,train,16375
20,182,train,26744
20,183,train,71101
20,184,train,83537
20,185,train,149905
20,186,train,58857
20,187,train,162667
20,188,train,13687
20,189,train,166126
20,190,train,144584
20,191,train,22321
20,192,train,168178
20,193,train,117263
20,194,train,167658
20,195,train,39618
20,196,train,73155
20,197,train,160455
20,198,train,136265
20,199,train,132672
21,0,train,112217
21,1,train,108686
21,2,train,129507
21,3,train,142673
21,4,train,45040
21,5,train,148434
21,6,train,95364
21,7,train,144824
21,8,train,35190
21,9,train,25033
21,10,train,24260
21,11,train,156718
21,12,train,121988
21,13,train,137503
21,14,train,65082
21,15,train,96124
21,16,train,123926
21,17,train,107376
21,18,train,153739
21,19,train,167285
21,20,train,1764
21,21,train,60777
21,22,train,154711
21,23,train,39650
21,24,train,51224
21,25,train,126743
21,26,train,93519
21,27,train,92678
21,28,train,102029
21,29,train,170995
21,30,train,21124
21,31,train,131020
21,32,train,62913
21,33,train,11126
21,34,train,144752
21,35,train,151310
21,36,train,65848
21,37,train,68258
21,38,train,75099
21,39,train,37888
21,40,train,79851
21,41,train,114332
21,42,train,147743
21,43,train,4332
21,44,train,149788
21,45,train,25631
21,46,train,18823
21,47,train,40856
21,48,train,147256
21,49,train,58350
21,50,train,80459
21,51,train,115733
21,52,train,17897
21,53,train,74359
21,54,train,61859
21,55,train,73990
21,56,train,90810
21,57,train,156602
21,58,train,147013
21,59,train,2992
21,60,train,109306
21,61,train,107255
21,62,train,168430
21,63,train,83048
21,64,train,100567
21,65,train,43034
21,66,train,66026
21,67,train,133939
21,68,train,63384
21,69,train,3181
21,70,train,78333
21,71,train,151662
21,72,train,115436
21,73,train,148523
21,74,train,153409
21,75,train,148780
21,76,train,39037
21,77,train,24226
21,78,train,165666
21,79,train,118130
21,80,train,31394
21,81,train,35920
21,82,train,165854
21,83,train,82097
21,84,train,34314
21,85,train,73033
21,86,train,128277
21,87,train,37532
21,88,train,152311
21,89,train,49778
21,90,train,63610
21,91,train,126385
21,92,train,126920
21,93,train,7524
21,94,train,106431
21,95,train,54818
21,96,train,167429
21,97,train,5315
21,98,train,76853
21,99,train,28761
21,100,train,159064
21,101,train,77672
21,102,train,75994
21,103,train,153227
21,104,train,84616
21,105,train,53873
21,106,train,157570
21,107,train,74972
21,108,train,25713
21,109,train,159980
21,110,train,129261
21,111,train,32339
21,112,train,10271
21,113,train,87089
21,114,train,157249
21,115,train,93536
21,116,train,90898
21,117,train,84812
21,118,train,128748
21,119,train,43658
21,120,train,141248
21,121,train,106741
21,122,train,101299
21,123,train,32662
21,124,train,153745
21,125,train,52970
21,126,train,44594
21,127,train,84288
21,128,train,68554
21,129,train,988
21,130,train,1532
21,131,train,31286
21,132,train,75671
21,133,train,79051
21,134,train,97485
21,135,train,63666
21,136,train,10395
21,137,train,109518
21,138,train,35644
21,139,train,166077
21,140,train,64835
21,141,train,38614
21,142,train,8576
21,143,train,169817
21,144,train,40887
21,145,train,40625
21,146,train,100753
21,147,train,112326
21,148,train,23494
21,149,train,26990
21,150,train,43620
21,151,train,58200
21,152,train,93453
21,153,train,98303
21,154,train,85227
21,155,train,80911
21,156,train,149790
21,157,train,59297
21,158,train,43989
21,159,train,105997
21,160,train,46416
21,161,train,26534
21,162,train,9723
21,163,train,60294
21,164,train,170082
21,165,train,111328
21,166,train,73903
21,167,train,104940
21,168,train,126301
21,169,train,18135
21,170,train,108394
21,171,train,31446
21,172,train,160093
21,173,train,113250
21,174,train,97998
21,175,train,63449
21,176,train,46315
21,177,train,75107
21,178,train,38402
21,179,train,37389
21,180,train,17216
21,181,train,133768
21,182,train,63639
21,183,train,3360
21,184,train,13150
21,185,train,34319
21,186,train,57325
21,187,train,68429
21,188,train,7728
21,189,train,4056
21,190,train,51345
21,191,train,73548
21,192,train,57581
21,193,train,124120
21,194,train,38442
21,195,train,75066
21,196,train,34382
21,197,train,134804
21,198,train,143910
21,199,train,115006
22,0,train,89629
22,1,train,72483
22,2,train,21704
22,3,train,87301
22,4,train,83808
22,5,train,134104
22,6,train,41908
22,7,train,33526
22,8,train,115732
22,9,train,118203
22,10,train,151171
22,11,train,24681
22,12,train,131308
22,13,train,162069
22,14,train,78942
22,15,train,139379
22,16,train,153321
22,17,train,51587
22,18,train,79519
22,19,train,9363
22,20,train,110608
22,21,train,100434
22,22,train,124555
22,23,train,107595
22,24,train,2058
22,25,train,34109
22,26,train,17708
22,27,train,141508
22,28,train,100278
22,29,train,132551
22,30,train,121159
22,31,train,170539
22,32,train,167624
22,33,train,49674
22,34,train,53966
22,35,train,5897
22,36,train,138096
22,37,train,13848
22,38,train,126360
22,39,train,59027
22,40,train,170961
22,41,train,165869
22,42,train,98528
22,43,train,31582
22,44,train,35010
22,45,train,61326
22,46,train,33035
22,47,train,142132
22,48,train,111280
22,49,train,18961
22,50,train,7106
22,51,train,11084
22,52,train,138587
22,53,train,69589
22,54,train,92917
22,55,train,115144
22,56,train,80977
22,57,train,137294
22,58,train,58272
22,59,train,31255
22,60,train,33830
22,61,train,161503
22,62,train,123591
22,63,train,149813
22,64,train,25658
22,65,train,54223
22,66,train,110523
22,67,train,89583
22,68,train,42999
22,69,train,84575
22,70,train,89926
22,71,train,9953
22,72,train,146226
22,73,train,122501
22,74,train,160774
22,75,train,89552
22,76,train,3155
22,77,train,142683
22,78,train,143028
22,79,train,143215
22,80,train,117415
22,81,train,139147
22,82,train,154254
22,83,train,37699
22,84,train,104116
22,85,train,79155
22,86,train,1171
22,87,train,107604
22,88,train,11796
22,89,train,61951
22,90,train,86371
22,91,train,38334
22,92,train,150190
22,93,train,99841
22,94,train,2014
22,95,train,36038
22,96,train,2724
22,97,train,101105
22,98,train,41096
22,99,train,139069
22,100,train,79896
22,101,train,112730
22,102,train,74495
22,103,train,50947
22,104,train,143940
22,105,train,10998
22,106,train,170197
22,107,train,29323
22,108,train,135689
22,109,train,130224
22,110,train,172029
22,111,train,50654
22,112,train,47684
22,113,train,148965
22,114,train,170649
22,115,train,34794
22,116,train,38866
22,117,train,128774
22,118,train,80314
22,119,train,119636
22,120,train,134914
22,121,train,12015
22,122,train,6811
22,123,train,43544
22,124,train,58547
22,125,train,150838
22,126,train,139516
22,127,train,38972
22,128,train,110604
22,129,train,66285
22,130,train,56276
22,131,train,115211
22,132,train,160371
22,133,train,149465
22,134,train,104628
22,135,train,112213
22,136,train,98497
22,137,train,79183
22,138,train,122647
22,139,train,169380
22,140,train,116104
22,141,train,90058
22,142,train,146278
22,143,train,113366
22,144,train,58169
22,145,train,51857
22,146,train,100751
22,147,train,147291
22,148,train,13599
22,149,train,73182
22,150,train,29570
22,151,train,7859
22,152,train,22841
22,153,train,24167
22,154,train,44770
22,155,train,128413
22,156,train,148084
22,157,train,96460
22,158,train,120153
22,159,train,116749
22,160,train,165556
22,161,train,31941
22,162,train,167298
22,163,train,105043
22,164,train,44440
22,165,train,137835
22,166,train,102832
22,167,train,136757
22,168,train,95461
22,169,train,98326
22,170,train,152738
22,171,train,67056
22,172,train,45390
22,173,train,168309
22,174,train,129025
22,175,train,103158
22,176,train,99140
22,177,train,48575
22,178,train,93833
22,179,train,8052
22,180,train,66856
22,181,train,74957
22,182,train,7460
22,183,train,63415
22,184,train,12163
22,185,train,6491
22,186,train,140033
22,187,train,162323
22,188,train,10233
22,189,train,106980
22,190,train,72530
22,191,train,145383
22,192,train,166542
22,193,train,24073
22,194,train,21405
22,195,train,134966
22,196,train,100913
22,197,train,109900
22,198,train,134500
22,199,train,112848
23,0,train,79024
23,1,train,36933
23,2,train,61004
23,3,train,26654
23,4,train,169571
23,5,train,136519
23,6,train,62703
23,7,train,212
23,8,train,21833
23,9,train,168501
23,10,train,53753
23,11,train,163136
23,12,train,150575
23,13,train,78634
23,14,train,92592
23,15,train,168870
23,16,train,12735
23,17,train,63420
23,18,train,53079
23,19,train,14031
23,20,train,98796
23,21,train,155506
23,22,train,112701
23,23,train,145100
23,24,train,150902
23,25,train,80775
23,26,train,130445
23,27,train,150994
23,28,train,45459
23,29,train,40369
23,30,train,68455
23,31,train,90975
23,32,train,106999
23,33,train,102553
23,34,train,95557
23,35,train,155212
23,36,train,161000
23,37,train,100693
23,38,train,50493
23,39,train,34005
23,40,train,111186
23,41,train,121131
23,42,train,89271
23,43,train,170528
23,44,train,6823
23,45,train,30519
23,46,train,45056
23,47,train,168029
23,48,train,95667
23,49,train,106506
23,50,train,168696
23,51,train,33670
23,52,train,146596
23,53,train,47786
23,54,train,4703
23,55,train,136578
23,56,train,157269
23,57,train,129571
23,58,train,11020
23,59,train,121579
23,60,train,54636
23,61,train,35374
23,62,train,72480
23,63,train,142391
23,64,train,41147
23,65,train,63153
23,66,train,65278
23,67,train,106858
23,68,train,39107
23,69,train,82072
23,70,train,64845
23,71,train,158641
23,72,train,30900
23,73,train,81206
23,74,train,115811
23,75,train,55109
23,76,train,24053
23,77,train,101321
23,78,train,75855
23,79,train,7110
23,80,train,115387
23,81,train,32935
23,82,train,161369
23,83,train,57575
23,84,train,73745
23,85,train,156233
23,86,train,117154
23,87,train,7105
23,88,train,12495
23,89,train,46911
23,90,train,56557
23,91,train,121527
23,92,train,164830
23,93,train,28359
23,94,train,65815
23,95,train,163863
23,96,train,4371
23,97,train,141654
23,98,train,91893
23,99,train,46063
23,100,train,37143
23,101,train,115152
23,102,train,14825
23,103,train,169747
23,104,train,79602
23,105,train,101016
23,106,train,58143
23,107,train,65268
23,108,train,133227
23,109,train,112117
23,110,train,82207
23,111,train,131773
23,112,train,143659
23,113,train,110360
23,114,train,39631
23,115,train,56439
23,116,train,10346
23,117,train,25433
23,118,train,1139
23,119,train,152590
23,120,train,170272
23,121,train,51628
23,122,train,86946
23,123,train,169059
23,124,train,120092
23,125,train,141101
23,126,train,150239
23,127,train,1354
23,128,train,77932
23,129,train,15947
23,130,train,141636
23,131,train,9415
23,132,train,112142
23,133,train,21946
23,134,train,48151
23,135,train,164222
23,136,train,157875
23,137,train,108739
23,138,train,95710
23,139,train,70704
23,140,train,22235
23,141,train,72620
23,142,train,125679
23,143,train,108159
23,144,train,142899
23,145,train,19551
23,146,train,44757
23,147,train,49775
23,148,train,48291
23,149,train,1488
23,150,train,123769
23,151,train,41615
23,152,train,120686
23,153,train,154586
23,154,train,133336
23,155,train,150981
23,156,train,54068
23,157,train,98333
23,158,train,30372
23,159,train,147902
23,160,train,130719
23,161,train,97957
23,162,train,111108
23,163,train,6063
23,164,train,96096
23,165,train,20177
23,166,train,81375
23,167,train,79800
23,168,train,95212
23,169,train,157977
23,170,train,161677
23,171,train,96815
23,172,train,23458
23,173,train,142055
23,174,train,82748
23,175,train,70146
23,176,train,81385
23,177,train,168964
23,178,train,62162
23,179,train,129747
23,180,train,73970
23,181,train,111434
23,182,train,47453
23,183,train,139892
23,184,train,167793
23,185,train,171673
23,186,train,54446
23,187,train,170192
23,188,train,158692
23,189,train,74468
23,190,train,143718
23,191,train,81313
23,192,train,39346
23,193,train,27239
23,194,train,132453
23,195,train,164505
23,196,train,163587
23,197,train,52240
23,198,train,66621
23,199,train,140373
